metric_id,h_inf_normalized,lambda_max,lower,upper
von_neumann_entropy,0.0,1.0,-0.0,-0.0
von_neumann_entropy,0.0007142857142857143,0.9950611849622899,0.004494690072656051,0.009432808949689193
von_neumann_entropy,0.0014285714285714286,0.9901467618185567,0.007981862239937887,0.01783371153823592
von_neumann_entropy,0.002142857142857143,0.9852566101017473,0.011080829890707475,0.025822141604574866
von_neumann_entropy,0.002857142857142857,0.9803906099397734,0.013924172957609476,0.03353079893654194
von_neumann_entropy,0.0035714285714285713,0.9755486420525732,0.016575216541845343,0.04102312789858731
von_neumann_entropy,0.004285714285714286,0.9707305877491863,0.0190714660066878,0.04833675252821344
von_neumann_entropy,0.005,0.9659363289248456,0.021437840959255168,0.055496710520658396
von_neumann_entropy,0.005714285714285714,0.9611657480580811,0.02369215084073143,0.0625209288220104
von_neumann_entropy,0.0064285714285714285,0.95641872820784,0.025847785491518106,0.06942291419724023
von_neumann_entropy,0.007142857142857143,0.9516951530106196,0.02791519562992455,0.0762132337117577
von_neumann_entropy,0.007857142857142858,0.946994906677615,0.0299027762005465,0.0829003980826422
von_neumann_entropy,0.008571428571428572,0.9423178739918807,0.03181742666928079,0.08949142197649532
von_neumann_entropy,0.009285714285714286,0.9376639403055067,0.03366492386332277,0.0959921968522622
von_neumann_entropy,0.01,0.9330329915368074,0.03545017985371753,0.10240774884659269
von_neumann_entropy,0.010714285714285714,0.9284249141675258,0.0371774261044636,0.10874242292574128
von_neumann_entropy,0.011428571428571429,0.9238395952400507,0.03885034853717379,0.11500001795300978
von_neumann_entropy,0.012142857142857143,0.9192769223546471,0.04047218887928093,0.12118388803972242
von_neumann_entropy,0.012857142857142857,0.9147367836667022,0.042045822222689266,0.12729702010663102
von_neumann_entropy,0.013571428571428571,0.9102190678839825,0.04357381740297177,0.13334209426585447
von_neumann_entropy,0.014285714285714285,0.9057236642639067,0.045058484718281486,0.13932153154251747
von_neumann_entropy,0.015,0.9012504626108302,0.04650191414991041,0.14523753209802356
von_neumann_entropy,0.015714285714285715,0.8967993532733447,0.04790600634250668,0.15109210621297314
von_neumann_entropy,0.016428571428571428,0.8923702271415896,0.049272497986086704,0.1568870996718633
von_neumann_entropy,0.017142857142857144,0.887962975644578,0.0506029828137428,0.1626242147634694
von_neumann_entropy,0.017857142857142856,0.8835774907475349,0.05189892912570051,0.16830502780756396
von_neumann_entropy,0.018571428571428572,0.8792136649492488,0.05316169453206705,0.1739310039003124
von_neumann_entropy,0.019285714285714285,0.8748713912794374,0.054392538447076574,0.1795035094111531
von_neumann_entropy,0.02,0.8705505632961241,0.055592632749450845,0.18502382264578054
von_neumann_entropy,0.020714285714285713,0.8662510750830303,0.056763070934832946,0.19049314300118683
von_neumann_entropy,0.02142857142857143,0.8619728212469777,0.057904876018977515,0.1959125988714491
von_neumann_entropy,0.02214285714285714,0.8577156969153058,0.05901900739878152,0.20128325451134227
von_neumann_entropy,0.022857142857142857,0.8534795977333005,0.06010636683827987,0.2066061160249056
von_neumann_entropy,0.023571428571428573,0.8492644198616366,0.06116780371549504,0.21188213661485017
von_neumann_entropy,0.024285714285714285,0.8450700599738319,0.06220411964140974,0.21711222120407608
von_neumann_entropy,0.025,0.8408964152537145,0.0632160725427695,0.22229723052100797
von_neumann_entropy,0.025714285714285714,0.836743383392903,0.06420438028476391,0.2274379847247962
von_neumann_entropy,0.02642857142857143,0.8326108625882978,0.06516972389701459,0.23253526663381177
von_neumann_entropy,0.027142857142857142,0.828498751539586,0.06611275045605747,0.23758982461062467
von_neumann_entropy,0.027857142857142858,0.8244069494467583,0.06703407566915007,0.242602375148293
von_neumann_entropy,0.02857142857142857,0.820335356007638,0.06793428619736996,0.24757360519593313
von_neumann_entropy,0.029285714285714286,0.8162838714154221,0.06881394175030628,0.2525041742558686
von_neumann_entropy,0.03,0.8122523963562355,0.06967357697994411,0.25739471627996047
von_neumann_entropy,0.030714285714285715,0.8082408320066953,0.07051370319742131,0.26224584138879964
von_neumann_entropy,0.03142857142857143,0.8042490800314893,0.07133480993305134,0.26705813743415063
von_neumann_entropy,0.03214285714285714,0.8002770425809654,0.07213736635724362,0.27183217142228294
von_neumann_entropy,0.032857142857142856,0.7963246222887324,0.07292182257761486,0.2765684908134795
von_neumann_entropy,0.03357142857142857,0.792391722269274,0.07368861082560398,0.2812676247110387
von_neumann_entropy,0.03428571428571429,0.7884782461155736,0.07443814654421521,0.2859300849513926
von_neumann_entropy,0.035,0.7845840978967507,0.07517082938707056,0.2905563671055212
von_neumann_entropy,0.03571428571428571,0.7807091821557101,0.07588704413771494,0.2951469514006093
von_neumann_entropy,0.03642857142857143,0.7768534039068011,0.07658716155705299,0.2997023035698235
von_neumann_entropy,0.037142857142857144,0.77301666863349,0.077271539165875,0.30422287563716494
von_neumann_entropy,0.03785714285714286,0.7691988822860424,0.0779405219686345,0.3087091066435648
von_neumann_entropy,0.03857142857142857,0.7653999512792183,0.07859444312394691,0.31316142331968644
von_neumann_entropy,0.039285714285714285,0.761619782489978,0.07923362456667621,0.31758024071030766
von_neumann_entropy,0.04,0.7578582832551991,0.07985837758595031,0.3219659627546173
von_neumann_entropy,0.04071428571428572,0.7541153613694052,0.08046900336298475,0.3263189828263101
von_neumann_entropy,0.041428571428571426,0.7503909250825058,0.08106579347218881,0.33063968423695317
von_neumann_entropy,0.04214285714285714,0.7466848830975471,0.08164903034867356,0.33492844070574207
von_neumann_entropy,0.04285714285714286,0.7429971445684742,0.08221898772496503,0.3391856167984525
von_neumann_entropy,0.04357142857142857,0.7393276190979038,0.08277593103945009,0.34341156833811287
von_neumann_entropy,0.04428571428571428,0.7356762167349088,0.08332011781883467,0.34760664278967673
von_neumann_entropy,0.045,0.7320428479728127,0.08385179803667679,0.3517711796207618
von_neumann_entropy,0.045714285714285714,0.7284274237469965,0.08437121444986148,0.35590551064031783
von_neumann_entropy,0.04642857142857143,0.7248298554327144,0.08487860291471246,0.3600099603169224
von_neumann_entropy,0.047142857142857146,0.7212500548429222,0.08537419268427929,0.36408484607823893
von_neumann_entropy,0.047857142857142855,0.7176879342261148,0.08585820668820197,0.3681304785930421
von_neumann_entropy,0.04857142857142857,0.7141434062641757,0.08633086179642915,0.37214716203709014
von_neumann_entropy,0.04928571428571429,0.7106163840702368,0.08679236906795595,0.3761351943439986
von_neumann_entropy,0.05,0.7071067811865475,0.08724293398564682,0.38009486744219584
von_neumann_entropy,0.05071428571428571,0.7036145115823567,0.087682756678118,0.3840264674789223
von_neumann_entropy,0.05142857142857143,0.7001394896518027,0.08811203212957411,0.3879302750321777
von_neumann_entropy,0.052142857142857144,0.6966816302118157,0.08853095037841795,0.39180656531142766
von_neumann_entropy,0.05285714285714286,0.6932408485000292,0.08893969670538805,0.3956556083478285
von_neumann_entropy,0.05357142857142857,0.6898170601727025,0.08933845181191621,0.3994776691746651
von_neumann_entropy,0.054285714285714284,0.6864101813026526,0.08972739198934439,0.40327300799863125
von_neumann_entropy,0.055,0.6830201283771977,0.09010668927958852,0.40704188036255395
von_neumann_entropy,0.055714285714285716,0.6796468182961098,0.09047651162779388,0.4107845373000921
von_neumann_entropy,0.056428571428571425,0.6762901683695772,0.09083702302748328,0.4145012254829251
von_neumann_entropy,0.05714285714285714,0.6729500963161781,0.09118838365866289,0.41819218736088226
von_neumann_entropy,0.05785714285714286,0.6696265202608633,0.09153075001931602,0.4218576612954553
von_neumann_entropy,0.05857142857142857,0.6663193587329495,0.09186427505068355,0.4254978816870854
von_neumann_entropy,0.05928571428571429,0.6630285306641218,0.09218910825670079,0.42911307909659435
von_neumann_entropy,0.06,0.6597539553864471,0.09250539581793482,0.4327034803611123
von_neumann_entropy,0.060714285714285714,0.6564955526303958,0.09281328070034142,0.4362693087048097
von_neumann_entropy,0.06142857142857143,0.6532532425228751,0.093112902759139,0.4398107838447398
von_neumann_entropy,0.062142857142857146,0.6500269455852703,0.0934043988380762,0.4433281220920621
von_neumann_entropy,0.06285714285714286,0.646816582731497,0.09368790286435161,0.44682153644891187
von_neumann_entropy,0.06357142857142857,0.6436220752660625,0.09396354593942552,0.45029123670115007
von_neumann_entropy,0.06428571428571428,0.6404433448821363,0.09423145642594935,0.453737429507221
von_neumann_entropy,0.065,0.6372803136596311,0.09449176003102207,0.4571603184833263
von_neumann_entropy,0.06571428571428571,0.6341329040632924,0.09474457988597022,0.46056010428511823
von_neumann_entropy,0.06642857142857143,0.6310010389407977,0.09499003662283549,0.46393698468608646
von_neumann_entropy,0.06714285714285714,0.6278846415208663,0.09522824844774147,0.4672911546528134
von_neumann_entropy,0.06785714285714285,0.6247836354113758,0.09545933121130164,0.4706228064172665
von_neumann_entropy,0.06857142857142857,0.621697944597491,0.09568339847621905,0.4739321295462702
von_neumann_entropy,0.06928571428571428,0.6186274934397995,0.09590056158222053,0.4772193110083016
von_neumann_entropy,0.07,0.615572206672458,0.09611092970845804,0.48048453523774537
von_neumann_entropy,0.07071428571428572,0.6125320094013479,0.09631460993350316,0.48372798419673657
von_neumann_entropy,0.07142857142857142,0.6095068271022377,0.09651170729305238,0.486949837434698
von_neumann_entropy,0.07214285714285715,0.6064965856189583,0.0967023248354539,0.4901502721456933
von_neumann_entropy,0.07285714285714286,0.6035012111615835,0.09688656367516091,0.49332946322370114
von_neumann_entropy,0.07357142857142857,0.6005206303046225,0.09706452304420951,0.49648758331589893
von_neumann_entropy,0.07428571428571429,0.597554769985219,0.09723630034181407,0.49962480287405875
von_neumann_entropy,0.075,0.5946035575013605,0.09740199118216793,0.502741290204138
von_neumann_entropy,0.07571428571428572,0.591666920510097,0.09756168944053152,0.5058372115141496
von_neumann_entropy,0.07642857142857143,0.588744787025766,0.09771548729768693,0.5089127309603925
von_neumann_entropy,0.07714285714285714,0.5858370854182299,0.0978634752828316,0.5119680106921037
von_neumann_entropy,0.07785714285714286,0.5829437444111181,0.09800574231498178,0.5150032108946234
von_neumann_entropy,0.07857142857142857,0.5800646930800815,0.09814237574295166,0.5180184898311179
von_neumann_entropy,0.07928571428571428,0.5771998608510528,0.09827346138396992,0.5210140038829357
von_neumann_entropy,0.08,0.5743491774985175,0.09839908356099411,0.5239899075886493
von_neumann_entropy,0.08071428571428571,0.5715125731437914,0.09851932513877784,0.5269463536818465
von_neumann_entropy,0.08142857142857143,0.5686899782533085,0.09863426755874462,0.5298834931277162
von_neumann_entropy,0.08214285714285714,0.565881323636916,0.0987439908727185,0.5328014751584824
von_neumann_entropy,0.08285714285714285,0.5630865404461788,0.09884857377555942,0.5357004473077357
von_neumann_entropy,0.08357142857142857,0.5603055601726911,0.09894809363674886,0.5385805554437054
von_neumann_entropy,0.08428571428571428,0.5575383146463977,0.09904262653096858,0.5414419438015201
von_neumann_entropy,0.085,0.5547847360339224,0.09913224726771405,0.5442847550144907
von_neumann_entropy,0.08571428571428572,0.5520447568369061,0.09921702941998087,0.5471091301444563
von_neumann_entropy,0.08642857142857142,0.5493183098903511,0.09929704535206199,0.5499152087112403
von_neumann_entropy,0.08714285714285715,0.5466053283609751,0.09937236624649042,0.5527031287212386
von_neumann_entropy,0.08785714285714286,0.5439057457455735,0.09944306213016132,0.5554730266951755
von_neumann_entropy,0.08857142857142856,0.5412194958693884,0.09950920189966574,0.5582250376950725
von_neumann_entropy,0.08928571428571429,0.5385465128844867,0.09957085334586571,0.5609592953504439
von_neumann_entropy,0.09,0.5358867312681466,0.09962808317774072,0.5636759318837539
von_neumann_entropy,0.09071428571428572,0.5332400858212502,0.09968095704553251,0.5663750781351728
von_neumann_entropy,0.09142857142857143,0.5306065116666864,0.09972953956321526,0.5690568635866401
von_neumann_entropy,0.09214285714285714,0.5279859442477601,0.09977389433031567,0.5717214163852782
von_neumann_entropy,0.09285714285714286,0.5253783193266097,0.0998140839531078,0.5743688633661681
von_neumann_entropy,0.09357142857142857,0.5227835729826327,0.09985017006520522,0.5769993300745159
von_neumann_entropy,0.09428571428571429,0.5202016416109182,0.09988221334757241,0.5796129407872315
von_neumann_entropy,0.095,0.5176324619206888,0.09991027354797678,0.5822098185339385
von_neumann_entropy,0.09571428571428571,0.515075970933748,0.09993440949990103,0.5847900851174387
von_neumann_entropy,0.09642857142857143,0.5125321059829373,0.09995467914093517,0.5873538611336462
von_neumann_entropy,0.09714285714285714,0.5100008047105996,0.0999711395306668,0.5899012659910182
von_neumann_entropy,0.09785714285714285,0.5074820050670507,0.09998384686808688,0.5924324179294821
von_neumann_entropy,0.09857142857142857,0.5049756453090583,0.09999285650852816,0.5949474340388987
von_neumann_entropy,0.09928571428571428,0.5024816639983285,0.09999822298015208,0.5974464302770655
von_neumann_entropy,0.1,0.49999999999999994,0.1,0.5999295214872664
von_neumann_entropy,0.10071428571428571,0.49753059248114495,0.10400080856888505,0.6023968214154063
von_neumann_entropy,0.10142857142857142,0.4950733809092783,0.10699653842179355,0.6048484427267213
von_neumann_entropy,0.10214285714285715,0.49262830505087357,0.10960649090088226,0.6072844970220949
von_neumann_entropy,0.10285714285714286,0.4901953049698867,0.11196323395158683,0.6097050948539826
von_neumann_entropy,0.10357142857142858,0.48777432102628654,0.11413008074710271,0.6121103457419634
von_neumann_entropy,0.10428571428571429,0.48536529387459315,0.11614452478160642,0.6145003581879271
von_neumann_entropy,0.105,0.4829681644624228,0.11803147385173976,0.6168752396909128
von_neumann_entropy,0.10571428571428572,0.48058287402904054,0.11980872564653952,0.6192350967616027
von_neumann_entropy,0.10642857142857143,0.47820936410392,0.12148965831230212,0.621580034936494
von_neumann_entropy,0.10714285714285714,0.47584757650530984,0.12308471093098647,0.6239101587917408
von_neumann_entropy,0.10785714285714286,0.4734974533388075,0.12460226686830803,0.6262255719566994
von_neumann_entropy,0.10857142857142857,0.4711589369959404,0.12604921406846883,0.6285263771271612
von_neumann_entropy,0.10928571428571429,0.46883197015275335,0.12743131789387344,0.6308126760783045
von_neumann_entropy,0.11,0.4665164957684037,0.12875347900739828,0.6330845696773617
von_neumann_entropy,0.11071428571428571,0.46421245708376296,0.13001991752121614,0.6353421578960088
von_neumann_entropy,0.11142857142857143,0.4619197976200253,0.1312343080611789,0.637585539822496
von_neumann_entropy,0.11214285714285714,0.45963846117732354,0.13239988111474563,0.6398148136735166
von_neumann_entropy,0.11285714285714285,0.4573683918333511,0.1335195005893595,0.6420300768058292
von_neumann_entropy,0.11357142857142857,0.4551095339419913,0.13459572419137003,0.6442314257276344
von_neumann_entropy,0.11428571428571428,0.45286183213195336,0.13563085114467216,0.6464189561097173
von_neumann_entropy,0.115,0.45062523130541515,0.13662696041099343,0.6485927627963616
von_neumann_entropy,0.11571428571428571,0.4483996766366724,0.13758594166984114,0.6507529398160414
von_neumann_entropy,0.11642857142857142,0.4461851135707948,0.13850952070024566,0.6528995803918971
von_neumann_entropy,0.11714285714285715,0.443981487822289,0.1393992803782006,0.655032776951999
von_neumann_entropy,0.11785714285714285,0.44178874537376744,0.140256678200454,0.6571526211394108
von_neumann_entropy,0.11857142857142858,0.4396068324746244,0.14108306102699192,0.6592592038220552
von_neumann_entropy,0.11928571428571429,0.4374356956397186,0.14187967757502035,0.6613526151023781
von_neumann_entropy,0.12,0.43527528164806206,0.14264768907906325,0.663432944326838
von_neumann_entropy,0.12071428571428572,0.4331255375415151,0.143388178443136,0.665500280095201
von_neumann_entropy,0.12142857142857143,0.43098641062348886,0.1441021581436753,0.6675547102696683
von_neumann_entropy,0.12214285714285714,0.4288578484576529,0.1447905770903121,0.6695963219838219
von_neumann_entropy,0.12285714285714286,0.42673979886665026,0.14545432661160992,0.6716252016514076
von_neumann_entropy,0.12357142857142857,0.4246322099308183,0.1460942457016587,0.673641434974955
von_neumann_entropy,0.12428571428571429,0.4225350299869159,0.14671112563879293,0.6756451069542301
von_neumann_entropy,0.125,0.42044820762685725,0.14730571406814094,0.6776363018945439
von_neumann_entropy,0.12571428571428572,0.4183716916964515,0.14787871862405422,0.679615103414899
von_neumann_entropy,0.12642857142857142,0.41630543129414893,0.14843081015584433,0.6815815944559983
von_neumann_entropy,0.12714285714285714,0.414249375769793,0.14896262561001605,0.6835358572880997
von_neumann_entropy,0.12785714285714286,0.4122034747233791,0.1494747706138259,0.6854779735187394
von_neumann_entropy,0.12857142857142856,0.41016767800381904,0.14996782179813375,0.687408024100314
von_neumann_entropy,0.12928571428571428,0.4081419357077111,0.15044232889184847,0.6893260893375333
von_neumann_entropy,0.13,0.40612619817811774,0.15089881661556767,0.6912322488947351
von_neumann_entropy,0.13071428571428573,0.40412041600334764,0.15133778639809087,0.6931265818030841
von_neumann_entropy,0.13142857142857142,0.4021245400157447,0.1517597179362003,0.6950091664676397
von_neumann_entropy,0.13214285714285715,0.4001385212904827,0.15216507061534015,0.6968800806743054
von_neumann_entropy,0.13285714285714287,0.3981623111443662,0.1525542848064881,0.6987394015966611
von_neumann_entropy,0.13357142857142856,0.396195861134637,0.15292778305253138,0.7005872058026803
von_neumann_entropy,0.13428571428571429,0.39423912305778674,0.15328597115577258,0.7024235692613336
von_neumann_entropy,0.135,0.3922920489483754,0.15362923917674562,0.7042485673490848
von_neumann_entropy,0.1357142857142857,0.3903545910778551,0.15395796235328593,0.706062274856281
von_neumann_entropy,0.13642857142857143,0.38842670195340057,0.15427250194773307,0.7078647659934333
von_neumann_entropy,0.13714285714285715,0.386508334316745,0.154573206029224,0.7096561143974032
von_neumann_entropy,0.13785714285714284,0.38459944114302125,0.15486041019723876,0.7114363931374802
von_neumann_entropy,0.13857142857142857,0.38269997563960917,0.15513443825186873,0.713205674721371
von_neumann_entropy,0.1392857142857143,0.380809891244989,0.15539560281567402,0.7149640311010893
von_neumann_entropy,0.14,0.3789291416275995,0.15564420591147027,0.7167115336787485
von_neumann_entropy,0.1407142857142857,0.3770576806847026,0.15588053949992525,0.718448253312275
von_neumann_entropy,0.14142857142857143,0.37519546254125286,0.15610488598043942,0.7201742603210193
von_neumann_entropy,0.14214285714285715,0.37334244154877355,0.1563175186584283,0.7218896244912892
von_neumann_entropy,0.14285714285714285,0.3714985722842371,0.15651870218181246,0.7235944150817956
von_neumann_entropy,0.14357142857142857,0.3696638095489519,0.15670869294924045,0.7252887008290152
von_neumann_entropy,0.1442857142857143,0.36783810836745434,0.15688773949232554,0.7269725499524695
von_neumann_entropy,0.145,0.3660214239864064,0.15705608283395808,0.728646030159928
von_neumann_entropy,0.1457142857142857,0.36421371187349827,0.15721395682456113,0.7303092086525315
von_neumann_entropy,0.14642857142857144,0.3624149277163572,0.1573615884579839,0.7319621521298407
von_neumann_entropy,0.14714285714285713,0.36062502742146113,0.15749919816857152,0.733604926794808
von_neumann_entropy,0.14785714285714285,0.3588439671130574,0.15762700011081346,0.7352375983586781
von_neumann_entropy,0.14857142857142858,0.35707170313208786,0.1577452024228467,0.7368602320458157
von_neumann_entropy,0.1492857142857143,0.3553081920351184,0.15785400747497963,0.7384728925984669
von_neumann_entropy,0.15,0.3535533905932738,0.15795361210430156,0.7400756442814448
von_neumann_entropy,0.15071428571428572,0.35180725579117833,0.15804420783635367,0.7416685508867573
von_neumann_entropy,0.15142857142857144,0.3500697448259013,0.15812598109475434,0.743251675738162
von_neumann_entropy,0.15214285714285714,0.3483408151059079,0.15819911339959955,0.7448250816956568
von_neumann_entropy,0.15285714285714286,0.34662042425001466,0.15826378155539098,0.7463888311599167
von_neumann_entropy,0.15357142857142858,0.3449085300863512,0.1583201578291865,0.747942986076654
von_neumann_entropy,0.15428571428571428,0.3432050906513263,0.15836841011960962,0.7494876079409302
von_neumann_entropy,0.155,0.3415100641885989,0.1584087021173083,0.751022757801404
von_neumann_entropy,0.15571428571428572,0.3398234091480549,0.15844119345740487,0.7525484962645184
von_neumann_entropy,0.15642857142857142,0.33814508418478867,0.15846603986444102,0.754064883498636
von_neumann_entropy,0.15714285714285714,0.3364750481580891,0.15848339329028072,0.755571979238116
von_neumann_entropy,0.15785714285714286,0.33481326013043167,0.15849340204540235,0.7570698427873326
von_neumann_entropy,0.15857142857142856,0.3331596793664747,0.15905700779340765,0.7585585330246474
von_neumann_entropy,0.15928571428571428,0.331514265332061,0.16251897950403588,0.7600381084063222
von_neumann_entropy,0.16,0.3298769776932236,0.16517579245429978,0.7615086269703832
von_neumann_entropy,0.16071428571428573,0.3282477763151979,0.16746883069019225,0.7629701463404324
von_neumann_entropy,0.16142857142857142,0.32662662126143754,0.16951873817098342,0.7644227237294147
von_neumann_entropy,0.16214285714285714,0.3250134727926351,0.17138497555577667,0.7658664159433242
von_neumann_entropy,0.16285714285714287,0.32340829136574845,0.17310329115476825,0.7673012793848791
von_neumann_entropy,0.16357142857142856,0.3218110376330312,0.17469764955897454,0.768727370057133
von_neumann_entropy,0.16428571428571428,0.32022167244106814,0.17618527856427715,0.770144743567052
von_neumann_entropy,0.165,0.3186401568298155,0.17757918411737544,0.77155345512904
von_neumann_entropy,0.1657142857142857,0.3170664520316462,0.17888954772340715,0.7729535595684196
von_neumann_entropy,0.16642857142857143,0.31550051947039887,0.18012456627258636,0.7743451113248778
von_neumann_entropy,0.16714285714285715,0.3139423207604331,0.18129098771228735,0.7757281644558506
von_neumann_entropy,0.16785714285714284,0.31239181770568797,0.18239446909323886,0.7771027726398867
von_neumann_entropy,0.16857142857142857,0.3108489722987455,0.18343982512288992,0.7784689891799543
von_neumann_entropy,0.1692857142857143,0.3093137467198997,0.18443120619205655,0.7798268670067146
von_neumann_entropy,0.17,0.307786103336229,0.18537222928493072,0.7811764586817505
von_neumann_entropy,0.1707142857142857,0.30626600470067394,0.1862660764265181,0.7825178164007622
von_neumann_entropy,0.17142857142857143,0.30475341355111885,0.18711557016563227,0.7838509919967172
von_neumann_entropy,0.17214285714285715,0.30324829280947907,0.18792323243671763,0.785176036942967
von_neumann_entropy,0.17285714285714285,0.30175060558079175,0.18869133114843548,0.7864930023563266
von_neumann_entropy,0.17357142857142857,0.3002603151523112,0.1894219175480473,0.7878019390001137
von_neumann_entropy,0.1742857142857143,0.2987773849926094,0.19011685654337676,0.7891028972871534
von_neumann_entropy,0.175,0.2973017787506803,0.19077785157191,0.7903959272827508
von_neumann_entropy,0.1757142857142857,0.2958334602550485,0.19140646519397506,0.7916810787076238
von_neumann_entropy,0.17642857142857143,0.294372393512883,0.19200413629422391,0.7929584009408055
von_neumann_entropy,0.17714285714285713,0.29291854270911494,0.19257219456456043,0.7942279430225077
von_neumann_entropy,0.17785714285714285,0.29147187220555903,0.19311187278717673,0.7954897536569603
von_neumann_entropy,0.17857142857142858,0.2900323465400407,0.1936243173217606,0.7967438812152057
von_neumann_entropy,0.1792857142857143,0.2885999304255264,0.19411059711486073,0.7979903737378748
von_neumann_entropy,0.18,0.2871745887492588,0.1945717114840044,0.7992292789379196
von_neumann_entropy,0.18071428571428572,0.2857562865718957,0.19500859687895805,0.8004606442033211
von_neumann_entropy,0.18142857142857144,0.28434498912665424,0.19542213278359685,0.8016845165997672
von_neumann_entropy,0.18214285714285713,0.28294066181845806,0.19581314689140245,0.802900942873296
von_neumann_entropy,0.18285714285714286,0.2815432702230894,0.19618241966358294,0.8041099694529137
von_neumann_entropy,0.18357142857142858,0.28015278008634553,0.1965306883597065,0.8053116424531807
von_neumann_entropy,0.18428571428571427,0.27876915732319885,0.19685865061544053,0.8065060076767724
von_neumann_entropy,0.185,0.27739236801696127,0.19716696762964273,0.807693110617007
von_neumann_entropy,0.18571428571428572,0.27602237841845306,0.19745626701303198,0.8088729964603495
von_neumann_entropy,0.18642857142857142,0.27465915494517557,0.197727145342482,0.8100457100888871
von_neumann_entropy,0.18714285714285714,0.2733026641804876,0.1979801704582565,0.8112112960827776
von_neumann_entropy,0.18785714285714286,0.27195287287278674,0.1982158835359506,0.8123697987226709
von_neumann_entropy,0.18857142857142858,0.27060974793469417,0.19843480096029187,0.8135212619921056
von_neumann_entropy,0.18928571428571428,0.2692732564422434,0.19863741602410648,0.8146657295798784
von_neumann_entropy,0.19,0.2679433656340733,0.19882420047253174,0.8158032448823874
von_neumann_entropy,0.19071428571428573,0.2666200429106251,0.1989956059098406,0.8169338510059566
von_neumann_entropy,0.19142857142857142,0.26530325583334324,0.19915206508394762,0.8180575907691269
von_neumann_entropy,0.19214285714285714,0.26399297212388007,0.19929399306171955,0.8191745067049292
von_neumann_entropy,0.19285714285714287,0.26268915966330486,0.19942178830655086,0.8202846410631304
von_neumann_entropy,0.19357142857142856,0.26139178649131634,0.19953583366824718,0.8213880358124606
von_neumann_entropy,0.19428571428571428,0.26010082080545915,0.19963649729403993,0.8224847326428083
von_neumann_entropy,0.195,0.2588162309603444,0.19972413346850765,0.8235747729674049
von_neumann_entropy,0.1957142857142857,0.257537985466874,0.19979908338927266,0.8246581979249734
von_neumann_entropy,0.19642857142857142,0.2562660529914686,0.19986167588455733,0.8257350483818676
von_neumann_entropy,0.19714285714285715,0.2550004023552998,0.19991222807800305,0.8268053649341807
von_neumann_entropy,0.19785714285714287,0.25374100253352533,0.19995104600555874,0.8278691879098339
von_neumann_entropy,0.19857142857142857,0.2524878226545291,0.19997842518872963,0.8289265573706501
von_neumann_entropy,0.1992857142857143,0.25124083199916425,0.19999465116801915,0.8299775131143958
von_neumann_entropy,0.2,0.24999999999999994,0.2,0.8310220946768132
von_neumann_entropy,0.2007142857142857,0.24876529624057248,0.20350692706511403,0.8320603413336242
von_neumann_entropy,0.20142857142857143,0.24753669045463914,0.20601121460364932,0.8330922921025193
von_neumann_entropy,0.20214285714285715,0.24631415252543676,0.208132151911057,0.8341179857451237
von_neumann_entropy,0.20285714285714285,0.24509765248494336,0.21000229494556416,0.8351374607689446
von_neumann_entropy,0.20357142857142857,0.2438871605131433,0.21168494495236004,0.8361507554292993
von_neumann_entropy,0.2042857142857143,0.24268264693729655,0.2132175835565251,0.8371579077312283
von_neumann_entropy,0.205,0.2414840822312114,0.21462510674422428,0.8381589554313807
von_neumann_entropy,0.2057142857142857,0.24029143701452027,0.21592530045234767,0.8391539360398912
von_neumann_entropy,0.20642857142857143,0.23910468205195998,0.21713153113308614,0.8401428868222325
von_neumann_entropy,0.20714285714285716,0.23792378825265487,0.21825422623204851,0.8411258448010489
von_neumann_entropy,0.20785714285714285,0.23674872666940375,0.21930175753606948,0.8421028467579805
von_neumann_entropy,0.20857142857142857,0.23557946849797018,0.22028100146765697,0.8430739292354593
von_neumann_entropy,0.2092857142857143,0.23441598507637665,0.2211977119244241,0.8440391285384944
von_neumann_entropy,0.21,0.23325824788420185,0.22205677816107902,0.8449984807364398
von_neumann_entropy,0.21071428571428572,0.23210622854188145,0.22286240893796877,0.8459520216647455
von_neumann_entropy,0.21142857142857144,0.23095989881001264,0.22361826758518394,0.846899786926687
von_neumann_entropy,0.21214285714285713,0.22981923058866177,0.22432757335021036,0.8478418118950843
von_neumann_entropy,0.21285714285714286,0.22868419591667555,0.22499317895602972,0.8487781317140055
von_neumann_entropy,0.21357142857142858,0.2275547669709956,0.22561763097976825,0.8497087813004484
von_neumann_entropy,0.21428571428571427,0.22643091606597668,0.22620321757106282,0.8506337953460082
von_neumann_entropy,0.215,0.22531261565270758,0.22675200667207643,0.8515532083185382
von_neumann_entropy,0.21571428571428572,0.22419983831833618,0.22726587699717565,0.8524670544637815
von_neumann_entropy,0.21642857142857141,0.22309255678539744,0.22774654341440465,0.8533753678069956
von_neumann_entropy,0.21714285714285714,0.22199074391114454,0.2281955779426584,0.8542781821545645
von_neumann_entropy,0.21785714285714286,0.22089437268688372,0.22861442727520753,0.8551755310955876
von_neumann_entropy,0.21857142857142858,0.2198034162373122,0.22900442752191683,0.8560674480034611
von_neumann_entropy,0.21928571428571428,0.21871784781985937,0.22936681670296402,0.8569539660374421
von_neumann_entropy,0.22,0.21763764082403103,0.2297027454086757,0.8578351181441988
von_neumann_entropy,0.22071428571428572,0.21656276877075756,0.230013285951439,0.8587109370593458
von_neumann_entropy,0.22142857142857142,0.21549320531174446,0.23029944026837304,0.8595814553089717
von_neumann_entropy,0.22214285714285714,0.21442892422882645,0.2305621467818427,0.8604467052111392
von_neumann_entropy,0.22285714285714286,0.21336989943332513,0.23080228638494,0.8613067188773875
von_neumann_entropy,0.22357142857142856,0.21231610496540917,0.23102068768782238,0.862161528214212
von_neumann_entropy,0.22428571428571428,0.21126751499345797,0.2312181316361761,0.8630111649245322
von_neumann_entropy,0.225,0.21022410381342865,0.23139535559351243,0.8638556605091464
von_neumann_entropy,0.2257142857142857,0.2091858458482258,0.23155305696334455,0.8646950462681785
von_neumann_entropy,0.22642857142857142,0.20815271564707447,0.23169189641467414,0.8655293533025038
von_neumann_entropy,0.22714285714285715,0.2071246878848965,0.2318125007639747,0.8663586125151689
von_neumann_entropy,0.22785714285714287,0.20610173736168955,0.23191546555850176,0.8671828546127935
von_neumann_entropy,0.22857142857142856,0.20508383900190952,0.23200135739889757,0.8680021101069683
von_neumann_entropy,0.2292857142857143,0.20407096785385556,0.23207071603339066,0.8688164093156313
von_neumann_entropy,0.23,0.2030630990890589,0.23212405625119126,0.8696257823644367
von_neumann_entropy,0.2307142857142857,0.20206020800167382,0.23216186959876034,0.8704302591881131
von_neumann_entropy,0.23142857142857143,0.20106227000787236,0.2321846259393492,0.8712298695318097
von_neumann_entropy,0.23214285714285715,0.20006926064524136,0.23219277487343676,0.8720246429524241
von_neumann_entropy,0.23285714285714285,0.1990811555721831,0.23535520163826842,0.872814608819932
von_neumann_entropy,0.23357142857142857,0.1980979305673185,0.2377375046143068,0.8735997963186897
von_neumann_entropy,0.2342857142857143,0.19711956152889337,0.23972212510927166,0.8743802344487392
von_neumann_entropy,0.235,0.1961460244741877,0.24145060845482944,0.8751559520270955
von_neumann_entropy,0.2357142857142857,0.19517729553892751,0.24298902415877693,0.8759269776890228
von_neumann_entropy,0.23642857142857143,0.19421335097670026,0.2443760776781932,0.8766933398892995
von_neumann_entropy,0.23714285714285716,0.19325416715837246,0.24563731458207766,0.8774550669034781
von_neumann_entropy,0.23785714285714285,0.1922997205715106,0.2467909067993213,0.8782121868291277
von_neumann_entropy,0.23857142857142857,0.19134998781980456,0.24785046851213913,0.8789647275870683
von_neumann_entropy,0.2392857142857143,0.19040494562249446,0.2488265952950226,0.8797127169225984
von_neumann_entropy,0.24,0.18946457081379975,0.2497277779584845,0.8804561824067052
von_neumann_entropy,0.24071428571428571,0.18852884034235126,0.2505609799944974,0.8811951514372705
von_neumann_entropy,0.24142857142857144,0.18759773127062643,0.2513320206717726,0.881929651240266
von_neumann_entropy,0.24214285714285713,0.1866712207743868,0.2520458393602433,0.8826597088709359
von_neumann_entropy,0.24285714285714285,0.18574928614211855,0.25270668389397477,0.8833853512149716
von_neumann_entropy,0.24357142857142858,0.18483190477447595,0.25331824848725404,0.8841066049896771
von_neumann_entropy,0.24428571428571427,0.1839190541837272,0.2538837770687638,0.884823496745123
von_neumann_entropy,0.245,0.18301071199320318,0.25440614225818725,0.8855360528652921
von_neumann_entropy,0.24571428571428572,0.1821068559367491,0.25488790677990414,0.886244299569217
von_neumann_entropy,0.24642857142857144,0.1812074638581786,0.25533137195109595,0.8869482629121066
von_neumann_entropy,0.24714285714285714,0.18031251371073054,0.25573861648391105,0.8876479687864641
von_neumann_entropy,0.24785714285714286,0.17942198355652866,0.2561115279120779,0.8883434429231929
von_neumann_entropy,0.24857142857142858,0.17853585156604393,0.25645182832016317,0.8890347108927017
von_neumann_entropy,0.24928571428571428,0.1776540960175592,0.2567610956146825,0.8897217981059914
von_neumann_entropy,0.25,0.1767766952966369,0.2570407812657941,0.8904047298157363
von_neumann_entropy,0.2507142857142857,0.17590362789558914,0.2572922252250237,0.8910835311173623
von_neumann_entropy,0.25142857142857145,0.17503487241295065,0.2575166685614763,0.8917582269501068
von_neumann_entropy,0.25214285714285717,0.1741704075529539,0.2577152642383437,0.8924288420980779
von_neumann_entropy,0.25285714285714284,0.17331021212500736,0.25788908636109226,0.8930954011913013
von_neumann_entropy,0.25357142857142856,0.17245426504317563,0.2580391381601536,0.8937579287067585
von_neumann_entropy,0.2542857142857143,0.17160254532566316,0.2581663589183928,0.8944164489694181
von_neumann_entropy,0.255,0.17075503209429943,0.25827163001296083,0.8950709861532623
von_neumann_entropy,0.2557142857142857,0.16991170457402743,0.2583557802093678,0.8957215642822991
von_neumann_entropy,0.25642857142857145,0.16907254209239428,0.2584195903205889,0.8963682072315666
von_neumann_entropy,0.2571428571428571,0.16823752407904455,0.25846379732413916,0.8970109387281375
von_neumann_entropy,0.25785714285714284,0.16740663006521586,0.25848909801415165,0.8976497823521067
von_neumann_entropy,0.25857142857142856,0.1665798396832374,0.25900491160335,0.8982847615375764
von_neumann_entropy,0.2592857142857143,0.16575713266603048,0.26197325910365427,0.8989158995736277
von_neumann_entropy,0.26,0.16493848884661177,0.26413888576226696,0.8995432196052946
von_neumann_entropy,0.26071428571428573,0.16412388815759896,0.26594316358475156,0.900166744634521
von_neumann_entropy,0.26142857142857145,0.16331331063071874,0.26750672454941476,0.9007864975211131
von_neumann_entropy,0.2621428571428571,0.1625067363963176,0.26888901739356713,0.9014025009836878
von_neumann_entropy,0.26285714285714284,0.16170414568287428,0.2701257785644927,0.9020147776006091
von_neumann_entropy,0.26357142857142857,0.16090551881651563,0.2712409608488838,0.9026233498109193
von_neumann_entropy,0.2642857142857143,0.16011083622053407,0.2722517802965976,0.9032282399152631
von_neumann_entropy,0.265,0.15932007841490778,0.27317123116632,0.9038294700768045
von_neumann_entropy,0.26571428571428574,0.15853322601582306,0.27400948333290104,0.9044270623221365
von_neumann_entropy,0.2664285714285714,0.15775025973519946,0.27477472211370596,0.9050210385421849
von_neumann_entropy,0.2671428571428571,0.15697116038021658,0.2754736839404173,0.9056114204931006
von_neumann_entropy,0.26785714285714285,0.15619590885284396,0.27611201440494526,0.9061982297971543
von_neumann_entropy,0.26857142857142857,0.15542448614937274,0.27669451681251356,0.9067814879436146
von_neumann_entropy,0.2692857142857143,0.15465687335994988,0.2772253302080265,0.907361216289624
von_neumann_entropy,0.27,0.15389305166811454,0.2777080602857994,0.9079374360610686
von_neumann_entropy,0.27071428571428574,0.15313300235033694,0.2781458778367203,0.9085101683534422
von_neumann_entropy,0.2714285714285714,0.15237670677555945,0.27854159423096797,0.909079434132698
von_neumann_entropy,0.27214285714285713,0.15162414640473956,0.2788977202795614,0.9096452542361021
von_neumann_entropy,0.27285714285714285,0.15087530279039588,0.279216512822673,0.9102076493730747
von_neumann_entropy,0.2735714285714286,0.1501301575761556,0.27950001209374065,0.9107666401260254
von_neumann_entropy,0.2742857142857143,0.1493886924963047,0.2797500720411596,0.9113222469511868
von_neumann_entropy,0.275,0.1486508893753401,0.2799683851971141,0.9118744901794358
von_neumann_entropy,0.2757142857142857,0.14791673012752424,0.2801565032704897,0.9124233900171133
von_neumann_entropy,0.2764285714285714,0.1471861967564415,0.28031585434808887,0.9129689665468371
von_neumann_entropy,0.27714285714285714,0.14645927135455744,0.2804477573772949,0.9135112397283033
von_neumann_entropy,0.27785714285714286,0.1457359361027795,0.2805534344488444,0.914050229399092
von_neumann_entropy,0.2785714285714286,0.14501617327002034,0.28063402128377274,0.9145859552754573
von_neumann_entropy,0.2792857142857143,0.14429996521276317,0.2806905762425186,0.915118436953119
von_neumann_entropy,0.28,0.14358729437462933,0.280724088108782,0.9156476939080381
von_neumann_entropy,0.2807142857142857,0.14287814328594786,0.28073548285052674,0.9161737454972018
von_neumann_entropy,0.2814285714285714,0.14217249456332715,0.2837724621769667,0.91669661095939
von_neumann_entropy,0.28214285714285714,0.14147033090922903,0.28589509880509933,0.9172163094159395
von_neumann_entropy,0.28285714285714286,0.1407716351115447,0.2876300806898679,0.917732859871504
von_neumann_entropy,0.2835714285714286,0.14007639004317277,0.2891136571842777,0.9182462812148124
von_neumann_entropy,0.2842857142857143,0.1393845786615994,0.2904102743629612,0.9187565922194111
von_neumann_entropy,0.285,0.13869618400848066,0.2915579180549227,0.9192638115444108
von_neumann_entropy,0.2857142857142857,0.13801118920922656,0.29258174894070843,0.9197679577352217
von_neumann_entropy,0.2864285714285714,0.13732957747258778,0.2934997073681849,0.9202690492242898
von_neumann_entropy,0.28714285714285714,0.13665133209024377,0.29432525624272765,0.9207671043318175
von_neumann_entropy,0.28785714285714287,0.13597643643639337,0.2950688860578473,0.9212621412664929
von_neumann_entropy,0.2885714285714286,0.13530487396734708,0.2957390110303243,0.9217541781261975
von_neumann_entropy,0.2892857142857143,0.13463662822112168,0.296342536596263,0.9222432328987278
von_neumann_entropy,0.29,0.13397168281703667,0.2968852365615966,0.9227293234624904
von_neumann_entropy,0.2907142857142857,0.13331002145531257,0.29737201369456917,0.9232124675872111
von_neumann_entropy,0.2914285714285714,0.1326516279166716,0.2978070856486134,0.9236926829346285
von_neumann_entropy,0.29214285714285715,0.13199648606194003,0.29819412122789885,0.9241699870591831
von_neumann_entropy,0.29285714285714287,0.13134457983165243,0.2985363425722333,0.9246443974087061
von_neumann_entropy,0.2935714285714286,0.13069589324565814,0.29883660331324124,0.9251159313250994
von_neumann_entropy,0.29428571428571426,0.13005041040272958,0.2990974493895447,0.9255846060450104
von_neumann_entropy,0.295,0.1294081154801722,0.299321167089838,0.9260504387005071
von_neumann_entropy,0.2957142857142857,0.128768992733437,0.29950982151851485,0.9265134463197408
von_neumann_entropy,0.29642857142857143,0.12813302649573433,0.2996652877639218,0.9269736458276103
von_neumann_entropy,0.29714285714285715,0.12750020117764987,0.29978927642657205,0.9274310540464199
von_neumann_entropy,0.2978571428571429,0.12687050126676264,0.2998833547318906,0.9278856876965289
von_neumann_entropy,0.2985714285714286,0.12624391132726454,0.2999489641457661,0.928337563397001
von_neumann_entropy,0.29928571428571427,0.12562041599958215,0.29998743519078125,0.9287866976662507
von_neumann_entropy,0.3,0.12500000000000003,0.30000000000000004,0.9292331069226758
von_neumann_entropy,0.3007142857142857,0.12438264812028625,0.30301304556134295,0.9296768074852988
von_neumann_entropy,0.30142857142857143,0.12376834522731958,0.3050258907855049,0.9301178155743898
von_neumann_entropy,0.30214285714285716,0.1231570762627184,0.3066578129212317,0.9305561473120992
von_neumann_entropy,0.3028571428571429,0.12254882624247168,0.3080413559395415,0.9309918187230715
von_neumann_entropy,0.30357142857142855,0.12194358025657169,0.3092398091576173,0.9314248457350669
von_neumann_entropy,0.30428571428571427,0.12134132346864832,0.31029064233144366,0.9318552441795728
von_neumann_entropy,0.305,0.12074204111560571,0.3112187396367089,0.9322830297924096
von_neumann_entropy,0.3057142857142857,0.12014571850726015,0.31204187525815574,0.9327082182143396
von_neumann_entropy,0.30642857142857144,0.11955234102598,0.31277340395387015,0.9331308249916578
von_neumann_entropy,0.30714285714285716,0.11896189412632745,0.3134237415331104,0.9335508655767963
von_neumann_entropy,0.30785714285714283,0.11837436333470192,0.31400124820383096,0.9339683553289124
von_neumann_entropy,0.30857142857142855,0.11778973424898513,0.314512788866845,0.9343833095144746
von_neumann_entropy,0.3092857142857143,0.11720799253818837,0.31496410595497476,0.9347957433078461
von_neumann_entropy,0.31,0.11662912394210094,0.31536007731475973,0.935205671791865
von_neumann_entropy,0.3107142857142857,0.11605311427094074,0.3157049003547213,0.9356131099584196
von_neumann_entropy,0.31142857142857144,0.11547994940500633,0.316002227109189,0.936018072709017
von_neumann_entropy,0.31214285714285717,0.11490961529433089,0.31625526558567507,0.9364205748553536
von_neumann_entropy,0.31285714285714283,0.11434209795833782,0.31646685732269997,0.936820631119876
von_neumann_entropy,0.31357142857142856,0.11377738348549785,0.31663953776816656,0.9372182561363414
von_neumann_entropy,0.3142857142857143,0.11321545803298835,0.31677558399745354,0.9376134644503725
von_neumann_entropy,0.315,0.1126563078263538,0.3168770529331595,0.9380062705200117
von_neumann_entropy,0.3157142857142857,0.1120999191591681,0.3169458123245101,0.9383966887162642
von_neumann_entropy,0.31642857142857145,0.11154627839269872,0.3169835661285636,0.938784733323647
von_neumann_entropy,0.3171428571428571,0.11099537195557226,0.31784446021926804,0.9391704185407269
von_neumann_entropy,0.31785714285714284,0.1104471863434419,0.3203716759593695,0.939553758480659
von_neumann_entropy,0.31857142857142856,0.10990170811865614,0.3222023767852951,0.9399347671717159
von_neumann_entropy,0.3192857142857143,0.1093589239099297,0.3236915201413181,0.9403134585578222
von_neumann_entropy,0.32,0.10881882041201553,0.32494942775821267,0.9406898464990782
von_neumann_entropy,0.32071428571428573,0.10828138438537879,0.32603204491557847,0.9410639447722821
von_neumann_entropy,0.32142857142857145,0.10774660265587221,0.3269734833678052,0.9414357670714486
von_neumann_entropy,0.3221428571428571,0.10721446211441323,0.3277968054357868,0.9418053270083249
von_neumann_entropy,0.32285714285714284,0.10668494971666255,0.3285186840362594,0.9421726381129005
von_neumann_entropy,0.32357142857142857,0.10615805248270456,0.3291517562624011,0.9425377138339208
von_neumann_entropy,0.3242857142857143,0.10563375749672896,0.3297059435154599,0.9429005675393828
von_neumann_entropy,0.325,0.10511205190671428,0.3301892504760331,0.9432612125170472
von_neumann_entropy,0.32571428571428573,0.10459292292411285,0.3306082774992377,0.9436196619749282
von_neumann_entropy,0.3264285714285714,0.10407635782353722,0.33096856459755836,0.9439759290417935
von_neumann_entropy,0.3271428571428571,0.10356234394244825,0.33127483108517297,0.9443300267676517
von_neumann_entropy,0.32785714285714285,0.10305086868084477,0.33153114773564923,0.9446819681242417
von_neumann_entropy,0.32857142857142857,0.10254191950095472,0.33174106369652134,0.9450317660055223
von_neumann_entropy,0.3292857142857143,0.10203548392692775,0.3319077021394343,0.9453794332281437
von_neumann_entropy,0.33,0.1015315495445294,0.3320338337367321,0.9457249825319366
von_neumann_entropy,0.33071428571428574,0.10103010400083688,0.3321219340534586,0.9460684265803799
von_neumann_entropy,0.3314285714285714,0.10053113500393618,0.33217422903901284,0.9464097779610754
von_neumann_entropy,0.33214285714285713,0.10003463032262067,0.33219273155928153,0.9467490491862186
von_neumann_entropy,0.33285714285714285,0.09954057778609154,0.33489577942436,0.9470862526930585
von_neumann_entropy,0.3335714285714286,0.09904896528365924,0.3367864698979661,0.9474214008443672
von_neumann_entropy,0.3342857142857143,0.09855978076444667,0.3382819058737184,0.9477545059288964
von_neumann_entropy,0.335,0.09807301223709382,0.3395236206919234,0.9480855801618293
von_neumann_entropy,0.3357142857142857,0.09758864776946377,0.3405776719282406,0.9484146356852436
von_neumann_entropy,0.3364285714285714,0.09710667548835014,0.3414827531665433,0.9487416845685548
von_neumann_entropy,0.33714285714285713,0.09662708357918624,0.34226439816126375,0.9490667388089638
von_neumann_entropy,0.33785714285714286,0.09614986028575528,0.34294076708507665,0.9493898103319044
von_neumann_entropy,0.3385714285714286,0.09567499390990228,0.34352546242204135,0.9497109109914842
von_neumann_entropy,0.3392857142857143,0.09520247281124723,0.3440290681062699,0.9500300525709221
von_neumann_entropy,0.34,0.09473228540689985,0.3444600633653844,0.9503472467829841
von_neumann_entropy,0.3407142857142857,0.09426442017117564,0.3448254001656731,0.9506625052704163
von_neumann_entropy,0.3414285714285714,0.09379886563531323,0.34513088630708577,0.9509758396063754
von_neumann_entropy,0.34214285714285714,0.09333561038719339,0.3453814497474367,0.9512872612948566
von_neumann_entropy,0.34285714285714286,0.09287464307105926,0.345581326965034,0.9515967817711136
von_neumann_entropy,0.3435714285714286,0.09241595238723796,0.34573420087449197,0.9519044124020877
von_neumann_entropy,0.3442857142857143,0.09195952709186357,0.3458433041606275,0.9522101644868188
von_neumann_entropy,0.345,0.0915053559966016,0.3459114982547889,0.9525140492568681
von_neumann_entropy,0.3457142857142857,0.09105342796837457,0.34594133474827876,0.952816077876725
von_neumann_entropy,0.3464285714285714,0.09060373192908931,0.3480252439604047,0.953116261444223
von_neumann_entropy,0.34714285714285714,0.09015625685536527,0.3499953245423467,0.9534146109909457
von_neumann_entropy,0.34785714285714286,0.08971099177826433,0.3515038419321303,0.953711137482631
von_neumann_entropy,0.3485714285714286,0.08926792578302195,0.3527342599559306,0.9540058518195746
von_neumann_entropy,0.3492857142857143,0.08882704800877957,0.35376428288162104,0.9542987648370321
von_neumann_entropy,0.35,0.08838834764831845,0.35463754706260564,0.9545898873056125
von_neumann_entropy,0.3507142857142857,0.08795181394779458,0.3553821536640265,0.9548792299316735
von_neumann_entropy,0.3514285714285714,0.08751743620647534,0.35601776994750944,0.9551668033577194
von_neumann_entropy,0.35214285714285715,0.08708520377647697,0.35655895950001437,0.9554526181627825
von_neumann_entropy,0.35285714285714287,0.08665510606250365,0.35701695714587506,0.9557366848628158
von_neumann_entropy,0.3535714285714286,0.08622713252158778,0.3574007035241674,0.9560190139110768
von_neumann_entropy,0.35428571428571426,0.08580127266283159,0.35771748965829364,0.9562996156985069
von_neumann_entropy,0.355,0.08537751604714973,0.357973379826907,0.9565785005541134
von_neumann_entropy,0.3557142857142857,0.08495585228701373,0.3581735006912822,0.9568556787453474
von_neumann_entropy,0.35642857142857143,0.08453627104619715,0.3583222457844481,0.9571311604784775
von_neumann_entropy,0.35714285714285715,0.08411876203952225,0.3584234242844689,0.9574049558989615
von_neumann_entropy,0.3578571428571429,0.0837033150326079,0.35848037187798054,0.9576770750918163
von_neumann_entropy,0.3585714285714286,0.08328991984161867,0.35895281541329255,0.9579475280819876
von_neumann_entropy,0.35928571428571426,0.08287856633301525,0.3614275387032725,0.9582163248347129
von_neumann_entropy,0.36,0.0824692444233059,0.3631019790702339,0.9584834752558844
von_neumann_entropy,0.3607142857142857,0.08206194407879949,0.36441749647931093,0.9587489891924111
von_neumann_entropy,0.36142857142857143,0.08165665531535939,0.3654947109278459,0.9590128764325758
von_neumann_entropy,0.36214285714285716,0.08125336819815877,0.3663930592313577,0.9592751467063895
von_neumann_entropy,0.3628571428571429,0.08085207284143711,0.3671482659742174,0.9595358096859499
von_neumann_entropy,0.36357142857142855,0.08045275940825783,0.36778427213879333,0.9597948749857856
von_neumann_entropy,0.36428571428571427,0.08005541811026705,0.36831828202891803,0.9600523521632128
von_neumann_entropy,0.365,0.07966003920745389,0.3687632782152646,0.9603082507186752
von_neumann_entropy,0.3657142857142857,0.07926661300791155,0.36912941894239476,0.9605625800960942
von_neumann_entropy,0.36642857142857144,0.07887512986759972,0.36942487795482565,0.9608153496832056
von_neumann_entropy,0.36714285714285716,0.07848558019010828,0.3696563801685472,0.9610665688119072
von_neumann_entropy,0.3678571428571429,0.07809795442642198,0.36982955971665177,0.9613162467585896
von_neumann_entropy,0.36857142857142855,0.0777122430746864,0.36994920850213725,0.9615643927444768
von_neumann_entropy,0.3692857142857143,0.07732843667997495,0.3700194542239964,0.9618110159359569
von_neumann_entropy,0.37,0.07694652583405727,0.3700438912866681,0.9620561254449168
von_neumann_entropy,0.3707142857142857,0.07656650117516849,0.3725897663153509,0.9622997303290685
von_neumann_entropy,0.37142857142857144,0.07618835338777971,0.37428996773617734,0.9625418395922797
von_neumann_entropy,0.37214285714285716,0.07581207320236978,0.3755977099175466,0.9627824621848948
von_neumann_entropy,0.37285714285714283,0.07543765139519797,0.3766533942539807,0.9630216070040628
von_neumann_entropy,0.37357142857142855,0.07506507878807783,0.377522732121455,0.9632592828940577
von_neumann_entropy,0.3742857142857143,0.07469434624815238,0.3782442624077059,0.9634954986465942
von_neumann_entropy,0.375,0.07432544468767008,0.3788434347978594,0.9637302630011476
von_neumann_entropy,0.3757142857142857,0.07395836506376212,0.379338357666414,0.9639635846452681
von_neumann_entropy,0.37642857142857145,0.07359309837822076,0.3797425985813407,0.964195472214896
von_neumann_entropy,0.37714285714285717,0.07322963567727872,0.3800667162667519,0.9644259342946686
von_neumann_entropy,0.37785714285714284,0.07286796805138977,0.38031917072596466,0.9646549794182342
von_neumann_entropy,0.37857142857142856,0.0725080866350102,0.3805068985986519,0.9648826160685559
von_neumann_entropy,0.3792857142857143,0.07214998260638161,0.38063569500930816,0.9651088526782183
von_neumann_entropy,0.38,0.0717936471873147,0.3807104771094304,0.9653336976297299
von_neumann_entropy,0.3807142857142857,0.07143907164297393,0.38073547192912727,0.9655571592558261
von_neumann_entropy,0.38142857142857145,0.07108624728166356,0.3832932083712956,0.9657792458397665
von_neumann_entropy,0.3821428571428571,0.07073516545461453,0.3849243304415596,0.9659999656156358
von_neumann_entropy,0.38285714285714284,0.07038581755577238,0.3861702252679491,0.966219326768637
von_neumann_entropy,0.38357142857142856,0.0700381950215864,0.38716713021449867,0.9664373374353854
von_neumann_entropy,0.3842857142857143,0.06969228933079971,0.3879794794260807,0.9666540057042002
von_neumann_entropy,0.385,0.06934809200424032,0.38864524686085933,0.9668693396153994
von_neumann_entropy,0.38571428571428573,0.06900559460461328,0.38918958138716697,0.9670833471615806
von_neumann_entropy,0.38642857142857145,0.06866478873629388,0.3896304115989965,0.9672960362879145
von_neumann_entropy,0.3871428571428571,0.06832566604512191,0.3899811887058985,0.9675074148924268
von_neumann_entropy,0.38785714285714284,0.06798821821819671,0.39025239156332275,0.9677174908262789
von_neumann_entropy,0.38857142857142857,0.06765243698367356,0.3904524228074674,0.9679262718940524
von_neumann_entropy,0.3892857142857143,0.06731831411056086,0.39058817635104803,0.9681337658540293
von_neumann_entropy,0.39,0.06698584140851833,0.39066541453352244,0.9683399804184664
von_neumann_entropy,0.39071428571428574,0.06665501072765627,0.3908642022184709,0.9685449232538742
von_neumann_entropy,0.3914285714285714,0.0663258139583358,0.39331896830628266,0.9687486019812891
von_neumann_entropy,0.3921428571428571,0.06599824303097,0.3948686524311544,0.9689510241765464
von_neumann_entropy,0.39285714285714285,0.0656722899158262,0.39604679192025555,0.9691521973705534
von_neumann_entropy,0.39357142857142857,0.06534794662282906,0.3969817198673615,0.9693521290495564
von_neumann_entropy,0.3942857142857143,0.06502520520136479,0.39773538261143837,0.969550826655406
von_neumann_entropy,0.395,0.0647040577400861,0.3983446417123687,0.9697482975858307
von_neumann_entropy,0.39571428571428574,0.0643844963667185,0.3988340503284439,0.9699445491946896
von_neumann_entropy,0.3964285714285714,0.06406651324786716,0.39922117997883344,0.9701395887922448
von_neumann_entropy,0.39714285714285713,0.06375010058882494,0.39951925049731624,0.9703334236454193
von_neumann_entropy,0.39785714285714285,0.06343525063338132,0.3997385819575646,0.9705260609780539
von_neumann_entropy,0.3985714285714286,0.06312195566363227,0.39988746310680623,0.9707175079711673
von_neumann_entropy,0.3992857142857143,0.06281020799979105,0.3999727032418806,0.9709077717632114
von_neumann_entropy,0.4,0.06249999999999998,0.4,0.9710968594503256
von_neumann_entropy,0.4007142857142857,0.062191324060143126,0.402519164057572,0.9712847780865907
von_neumann_entropy,0.4014285714285714,0.061884172613659784,0.4040405669673605,0.9714715346842798
von_neumann_entropy,0.40214285714285714,0.061578538131359196,0.40518347393140636,0.9716571362141047
von_neumann_entropy,0.40285714285714286,0.061274413121235834,0.40608041693351893,0.9718415896054691
von_neumann_entropy,0.4035714285714286,0.06097179012828581,0.4067946733628747,0.972024901746716
von_neumann_entropy,0.4042857142857143,0.06067066173432413,0.40736370110636233,0.9722070794853653
von_neumann_entropy,0.405,0.06037102055780282,0.40781237252919345,0.9723881296283652
von_neumann_entropy,0.4057142857142857,0.06007285925363007,0.40815845006396384,0.9725680589423312
von_neumann_entropy,0.4064285714285714,0.05977617051299,0.40841527677465406,0.9727468741537859
von_neumann_entropy,0.40714285714285714,0.05948094706316372,0.40859325683417247,0.9729245819493995
von_neumann_entropy,0.40785714285714286,0.05918718166735093,0.4087007388715926,0.9731011889762273
von_neumann_entropy,0.4085714285714286,0.05889486712449254,0.4087445762660331,0.9732767018419469
von_neumann_entropy,0.4092857142857143,0.05860399626909415,0.41076844578173394,0.9734511271150893
von_neumann_entropy,0.41,0.05831456197105047,0.41238173832716224,0.9736244713252773
von_neumann_entropy,0.4107142857142857,0.058026557135470364,0.41355754897750713,0.9737967409634521
von_neumann_entropy,0.4114285714285714,0.05773997470250316,0.4144647441066285,0.9739679424821095
von_neumann_entropy,0.41214285714285714,0.057454807647165436,0.4151771876958798,0.974138082295523
von_neumann_entropy,0.41285714285714287,0.05717104897916887,0.4157369182013183,0.9743071667799746
von_neumann_entropy,0.4135714285714286,0.056888691742748895,0.4161712135773682,0.9744752022739831
von_neumann_entropy,0.4142857142857143,0.05660772901649415,0.4164992586354326,0.9746421950785233
von_neumann_entropy,0.415,0.056328153913176894,0.41673530827825367,0.974808151457254
von_neumann_entropy,0.4157142857142857,0.056049959579584044,0.416890386694026,0.9749730776367389
von_neumann_entropy,0.4164285714285714,0.05577313919634935,0.416973283468158,0.9751369798066655
von_neumann_entropy,0.41714285714285715,0.05549768597778612,0.4177402949792831,0.9752998641200694
von_neumann_entropy,0.41785714285714287,0.055223593171720924,0.4197741436684673,0.9754617366935449
von_neumann_entropy,0.4185714285714286,0.054950854059328036,0.42111391409208576,0.9756226036074663
von_neumann_entropy,0.41928571428571426,0.05467946195496484,0.4221145516602549,0.9757824709062051
von_neumann_entropy,0.42,0.054409410206007765,0.42288636612902664,0.9759413445983398
von_neumann_entropy,0.4207142857142857,0.054140692192689396,0.4234852908624195,0.9760992306568689
von_neumann_entropy,0.42142857142857143,0.05387330132793611,0.4239454257580901,0.9762561350194268
von_neumann_entropy,0.42214285714285715,0.053607231057206606,0.4242898213387588,0.976412063588489
von_neumann_entropy,0.4228571428571429,0.053342474858331275,0.42453513878125565,0.9765670222315819
von_neumann_entropy,0.4235714285714286,0.05307902624135227,0.4246940034968352,0.9767210167814916
von_neumann_entropy,0.42428571428571427,0.0528168787483645,0.42477632526251596,0.9768740530364723
von_neumann_entropy,0.425,0.05255602595335716,0.42574563443684904,0.9770261367604457
von_neumann_entropy,0.4257142857142857,0.05229646146205644,0.4276486349738584,0.9771772736832094
von_neumann_entropy,0.42642857142857143,0.05203817891176861,0.4289163054591552,0.9773274695006376
von_neumann_entropy,0.42714285714285716,0.051781171971224116,0.4298576839911551,0.977476729874882
von_neumann_entropy,0.4278571428571429,0.05152543434042238,0.4305761747760436,0.9776250604345729
von_neumann_entropy,0.42857142857142855,0.05127095975047738,0.4311252704736943,0.9777724667750196
von_neumann_entropy,0.42928571428571427,0.05101774196346389,0.43153791911841594,0.9779189544584035
von_neumann_entropy,0.43,0.050765774772264724,0.4318365343159746,0.978064529013977
von_neumann_entropy,0.4307142857142857,0.050515052000418455,0.43203738726053614,0.9782091959382628
von_neumann_entropy,0.43142857142857144,0.05026556750196808,0.43215284682717703,0.9783529606952388
von_neumann_entropy,0.43214285714285716,0.05001731516131033,0.43219264478037306,0.9784958287165413
von_neumann_entropy,0.43285714285714283,0.049770288893045786,0.4344363572104514,0.9786378054016474
von_neumann_entropy,0.43357142857142855,0.04952448264182963,0.43583543518162526,0.978778896118073
von_neumann_entropy,0.4342857142857143,0.04927989038222336,0.43684168663816497,0.9789191062015565
von_neumann_entropy,0.435,0.04903650611854692,0.4375966329290171,0.979058440956251
von_neumann_entropy,0.4357142857142857,0.04879432388473188,0.4381663196977043,0.9791969056549092
von_neumann_entropy,0.43642857142857144,0.04855333774417507,0.4385894286548934,0.979334505539071
von_neumann_entropy,0.43714285714285717,0.04831354178959312,0.43889148174045,0.9794712458192473
von_neumann_entropy,0.43785714285714283,0.04807493014287766,0.4390906273708318,0.9796071316751009
von_neumann_entropy,0.43857142857142856,0.04783749695495115,0.43920045633194355,0.9797421682556365
von_neumann_entropy,0.4392857142857143,0.04760123640562363,0.43954722792936274,0.979876360679374
von_neumann_entropy,0.44,0.047366142703449944,0.44167657743433963,0.9800097140345336
von_neumann_entropy,0.4407142857142857,0.04713221008558782,0.4429683944033986,0.9801422333792156
von_neumann_entropy,0.44142857142857145,0.04689943281765661,0.443897682936463,0.980273923741575
von_neumann_entropy,0.4421428571428571,0.04666780519359671,0.44458823695578353,0.98040479012
von_neumann_entropy,0.44285714285714284,0.04643732153552965,0.44510053107450587,0.9805348374832936
von_neumann_entropy,0.44357142857142856,0.046207976193618994,0.4454707579105704,0.9806640707708365
von_neumann_entropy,0.4442857142857143,0.0459797635459318,0.44572310750523475,0.9807924948927734
von_neumann_entropy,0.445,0.045752677998300795,0.4458749307071259,0.9809201147301788
von_neumann_entropy,0.44571428571428573,0.045526713984187284,0.44593930214905864,0.9810469351352321
von_neumann_entropy,0.44642857142857145,0.04530186596454465,0.4476893490824031,0.9811729609313854
von_neumann_entropy,0.4471428571428571,0.04507812842768265,0.4491672070832486,0.981298196913535
von_neumann_entropy,0.44785714285714284,0.04485549588913218,0.4501859328882212,0.9814226478481931
von_neumann_entropy,0.44857142857142857,0.04463396289151099,0.4509289783172548,0.9815463184736481
von_neumann_entropy,0.4492857142857143,0.044413524004389804,0.4514740356912787,0.9816692135001386
von_neumann_entropy,0.45,0.04419417382415922,0.45186472947575596,0.9817913376100155
von_neumann_entropy,0.45071428571428573,0.04397590697389729,0.4521291490066005,0.9819126954579082
von_neumann_entropy,0.4514285714285714,0.043758718103237684,0.45228694977463224,0.9820332916708857
von_neumann_entropy,0.4521428571428571,0.0435426018882385,0.45235268365413905,0.9821531308486235
von_neumann_entropy,0.45285714285714285,0.04332755303125184,0.45412019457277325,0.9822722175635622
von_neumann_entropy,0.45357142857142857,0.04311356626079391,0.45555245650961423,0.9823905563610691
von_neumann_entropy,0.4542857142857143,0.04290063633141579,0.4565324836281432,0.9825081517595983
von_neumann_entropy,0.455,0.042688758023574865,0.4572393251089254,0.9826250082508485
von_neumann_entropy,0.45571428571428574,0.04247792614350686,0.45774953902131976,0.9827411302999227
von_neumann_entropy,0.4564285714285714,0.04226813552309859,0.45810628228972716,0.9828565223454853
von_neumann_entropy,0.45714285714285713,0.042059381019761144,0.4583374050759689,0.982971188799916
von_neumann_entropy,0.45785714285714285,0.041851657516303965,0.45846242365702106,0.9830851340494646
von_neumann_entropy,0.4585714285714286,0.04164495992080935,0.4589007192232348,0.9831983624544076
von_neumann_entropy,0.4592857142857143,0.04143928316650762,0.4608818183028907,0.9833108783492014
von_neumann_entropy,0.46,0.041234622211652944,0.46206507237820116,0.9834226860426337
von_neumann_entropy,0.4607142857142857,0.04103097203939974,0.4628918293738704,0.9835337898179709
von_neumann_entropy,0.4614285714285714,0.04082832765767969,0.4634826973062773,0.9836441939331173
von_neumann_entropy,0.46214285714285713,0.0406266840990794,0.4638971010691482,0.9837539026207562
von_neumann_entropy,0.46285714285714286,0.04042603642071857,0.4641707533839418,0.983862920088504
von_neumann_entropy,0.4635714285714286,0.04022637970412891,0.4643275834287025,0.983971250519056
von_neumann_entropy,0.4642857142857143,0.040027709055133524,0.46438478376123865,0.9840788980703328
von_neumann_entropy,0.465,0.039830019603726945,0.4663719490970422,0.984185866875627
von_neumann_entropy,0.4657142857142857,0.039633306503955766,0.467650554483204,0.9842921610437483
von_neumann_entropy,0.4664285714285714,0.03943756493379986,0.4685206666708173,0.9843977846591688
von_neumann_entropy,0.46714285714285714,0.03924279009505414,0.4691338162834068,0.9845027417821655
von_neumann_entropy,0.46785714285714286,0.03904897721321098,0.46955900967072345,0.9846070364489595
von_neumann_entropy,0.4685714285714286,0.03885612153734318,0.46983621508935236,0.9847106726718646
von_neumann_entropy,0.4692857142857143,0.038664218339987455,0.4699916306133569,0.9848136544394244
von_neumann_entropy,0.47,0.038473262917028635,0.47004380382602307,0.9849159857165507
von_neumann_entropy,0.4707142857142857,0.038283250587584236,0.4721262178430699,0.9850176704446651
von_neumann_entropy,0.4714285714285714,0.038094176693889856,0.4733348271402911,0.9851187125418376
von_neumann_entropy,0.47214285714285714,0.037906036601184884,0.47415340508062737,0.9852191159029223
von_neumann_entropy,0.47285714285714286,0.03771882569759896,0.4747223410677382,0.9853188843996952
von_neumann_entropy,0.4735714285714286,0.037532539394038895,0.47510733454595605,0.9854180218809901
von_neumann_entropy,0.4742857142857143,0.03734717312407617,0.4753469125303039,0.9855165321728331
von_neumann_entropy,0.475,0.03716272234383503,0.4754665128918304,0.9856144190785769
von_neumann_entropy,0.4757142857142857,0.03697918253188106,0.4764273996611096,0.9857116863790385
von_neumann_entropy,0.4764285714285714,0.03679654918911038,0.47805353650291,0.9858083378326228
von_neumann_entropy,0.47714285714285715,0.03661481783863936,0.47906192410278187,0.9859043771754614
von_neumann_entropy,0.47785714285714287,0.036433984025694865,0.4797491102824264,0.9859998081215439
von_neumann_entropy,0.4785714285714286,0.03625404331750508,0.48021641742360577,0.9860946343628452
von_neumann_entropy,0.47928571428571426,0.036074991303190806,0.4805165826223365,0.9861888595694539
von_neumann_entropy,0.48,0.03589682359365735,0.4806821905452098,0.9862824873897086
von_neumann_entropy,0.4807142857142857,0.035719535821486965,0.4807354500637972,0.986375521450315
von_neumann_entropy,0.48142857142857143,0.03554312364083178,0.4828139545656248,0.9864679653564826
von_neumann_entropy,0.48214285714285715,0.03536758272730725,0.48395356207802004,0.9865598226920472
von_neumann_entropy,0.4828571428571429,0.03519290877788617,0.48471036984603033,0.9866510970195937
von_neumann_entropy,0.4835714285714286,0.035019097510793185,0.4852206032447196,0.9867417918805884
von_neumann_entropy,0.48428571428571426,0.034846144665399856,0.4855486844892004,0.9868319107954964
von_neumann_entropy,0.485,0.03467404600212016,0.48573257566679573,0.986921457263907
von_neumann_entropy,0.4857142857142857,0.03450279730230663,0.4857974138336257,0.987010434764661
von_neumann_entropy,0.48642857142857143,0.03433239436814694,0.48772670417378644,0.9870988467559648
von_neumann_entropy,0.48714285714285716,0.03416283302256094,0.488887616984067,0.9871866966755192
von_neumann_entropy,0.4878571428571429,0.033994109109098336,0.4896460123568132,0.987273987940634
von_neumann_entropy,0.48857142857142855,0.03382621849183678,0.4901500716456536,0.9873607239483523
von_neumann_entropy,0.48928571428571427,0.03365915705528043,0.49046782157542257,0.9874469080755685
von_neumann_entropy,0.49,0.03349292070425916,0.49063880508934454,0.9875325436791448
von_neumann_entropy,0.4907142857142857,0.033327505363828135,0.49084671830995524,0.9876176340960298
von_neumann_entropy,0.49142857142857144,0.0331629069791679,0.49280768924378665,0.9877021826433776
von_neumann_entropy,0.49214285714285716,0.032999121515485,0.49386601697760935,0.9877861926186622
von_neumann_entropy,0.4928571428571429,0.0328361449579131,0.4945552267939946,0.9878696672997943
von_neumann_entropy,0.49357142857142855,0.03267397331141454,0.49500363980160483,0.9879526099452342
von_neumann_entropy,0.4942857142857143,0.03251260260068239,0.4952731904134856,0.9880350237941082
von_neumann_entropy,0.495,0.03235202887004305,0.4954007283224978,0.9881169120663218
von_neumann_entropy,0.4957142857142857,0.032192248183359244,0.4965262981790236,0.9881982779626732
von_neumann_entropy,0.49642857142857144,0.032033256623933574,0.49796213595838806,0.9882791246649631
von_neumann_entropy,0.49714285714285716,0.03187505029441247,0.49883445383948305,0.9883594553361087
von_neumann_entropy,0.49785714285714283,0.03171762531669067,0.4993998363832219,0.9884392731202538
von_neumann_entropy,0.49857142857142855,0.03156097783181614,0.4997523195642993,0.9885185811428823
von_neumann_entropy,0.4992857142857143,0.03140510399989553,0.4999419461925255,0.9885973825109196
von_neumann_entropy,0.5,0.03125,0.5,0.98867568031285
von_neumann_entropy,0.5007142857142857,0.031095662030071573,0.502025282553801,0.9887534776188225
von_neumann_entropy,0.5014285714285714,0.030942086306829892,0.5030552431492162,0.9888307774807551
von_neumann_entropy,0.5021428571428571,0.03078926906567961,0.5037091349415811,0.988907582932449
von_neumann_entropy,0.5028571428571429,0.030637206560617913,0.5041194779274962,0.9889838969896857
von_neumann_entropy,0.5035714285714286,0.030485895064142916,0.504349537568132,0.9890597226503417
von_neumann_entropy,0.5042857142857143,0.03033533086716206,0.504436759881281,0.9891350628944892
von_neumann_entropy,0.505,0.030185510278901425,0.5061480952452116,0.989209920684498
von_neumann_entropy,0.5057142857142857,0.030036429626815044,0.5072728155062198,0.9892842989651489
von_neumann_entropy,0.5064285714285715,0.029888085256494997,0.5079705779533891,0.9893582006637249
von_neumann_entropy,0.5071428571428571,0.02974047353158187,0.5084050321730796,0.989431628690124
von_neumann_entropy,0.5078571428571429,0.02959359083367546,0.5086486090494478,0.9895045859369553
von_neumann_entropy,0.5085714285714286,0.02944743356224628,0.5087427368859138,0.9895770752796416
von_neumann_entropy,0.5092857142857142,0.0293019981345471,0.5103952394391938,0.9896490995765241
von_neumann_entropy,0.51,0.02915728098552523,0.511516493677948,0.9897206616689583
von_neumann_entropy,0.5107142857142857,0.029013278567735192,0.5122026961078067,0.9897917643814147
von_neumann_entropy,0.5114285714285715,0.028869987351251576,0.5126227011008837,0.9898624105215779
von_neumann_entropy,0.5121428571428571,0.02872740382358273,0.512850360696061,0.989932602880448
von_neumann_entropy,0.5128571428571429,0.028585524489584433,0.5129277014659053,0.9900023442324354
von_neumann_entropy,0.5135714285714286,0.028444345871374458,0.5147621065466825,0.9900716373354577
von_neumann_entropy,0.5142857142857142,0.0283038645082471,0.5157800348322257,0.9901404849310407
von_neumann_entropy,0.515,0.028164076956588444,0.5164002881109392,0.9902088897444074
von_neumann_entropy,0.5157142857142857,0.028024979789792032,0.5167684951366189,0.9902768544845829
von_neumann_entropy,0.5164285714285715,0.027886569598174673,0.5169519259227736,0.9903443818444824
von_neumann_entropy,0.5171428571428571,0.02774884298889307,0.5176361297392981,0.9904114745010087
von_neumann_entropy,0.5178571428571429,0.02761179658586046,0.5191766113775649,0.9904781351151453
von_neumann_entropy,0.5185714285714286,0.02747542702966403,0.5200254513988762,0.9905443663320496
von_neumann_entropy,0.5192857142857142,0.02733973097748243,0.5205375831791916,0.9906101707811483
von_neumann_entropy,0.52,0.02720470510300388,0.5208233044998405,0.990675551076226
von_neumann_entropy,0.5207142857142857,0.027070346096344705,0.5209385368092602,0.9907405098155191
von_neumann_entropy,0.5214285714285715,0.02693665066396805,0.5224350782350831,0.9908050495818082
von_neumann_entropy,0.5221428571428571,0.026803615528603313,0.5235457405837718,0.9908691729425065
von_neumann_entropy,0.5228571428571429,0.026671237429165634,0.5241981330781107,0.990932882449749
von_neumann_entropy,0.5235714285714286,0.026539513120676147,0.5245763288068234,0.9909961806404874
von_neumann_entropy,0.5242857142857142,0.026408439374182257,0.5247581718548145,0.9910590700365749
von_neumann_entropy,0.525,0.026278012976678578,0.5256020837482276,0.991121553144853
von_neumann_entropy,0.5257142857142857,0.02614823073102823,0.5270119117517658,0.9911836324572484
von_neumann_entropy,0.5264285714285715,0.0260190894558843,0.5277888453915156,0.991245310450848
von_neumann_entropy,0.5271428571428571,0.02589058598561207,0.5282419107364809,0.991306589587996
von_neumann_entropy,0.5278571428571428,0.0257627171702112,0.5284745000228463,0.991367472316378
von_neumann_entropy,0.5285714285714286,0.025635479875238686,0.5287204286293892,0.9914279610691029
von_neumann_entropy,0.5292857142857142,0.025508870981731945,0.530474865742582,0.9914880582647942
von_neumann_entropy,0.53,0.02538288738613236,0.5313431574076712,0.9915477663076718
von_neumann_entropy,0.5307142857142857,0.025257526000209238,0.5318449094228681,0.9916070875876354
von_neumann_entropy,0.5314285714285715,0.025132783750984038,0.5321074736838193,0.9916660244803517
von_neumann_entropy,0.5321428571428571,0.025008657580655173,0.5321924706164779,0.991724579347337
von_neumann_entropy,0.5328571428571428,0.02488514444652289,0.5339769349965431,0.9917827545360396
von_neumann_entropy,0.5335714285714286,0.024762241320914816,0.5348844004652846,0.9918405523799212
von_neumann_entropy,0.5342857142857143,0.024639945191111675,0.5354014674026117,0.9918979751985415
von_neumann_entropy,0.535,0.024518253059273458,0.5356696451661109,0.9919550252976365
von_neumann_entropy,0.5357142857142857,0.02439716194236594,0.5357549674671682,0.9920117049692052
von_neumann_entropy,0.5364285714285715,0.024276668872087532,0.537537874511481,0.9920680164915847
von_neumann_entropy,0.5371428571428571,0.024156770894796557,0.5384212273317736,0.992123962129531
von_neumann_entropy,0.5378571428571428,0.024037465071438828,0.5389170958923891,0.9921795441343024
von_neumann_entropy,0.5385714285714286,0.023918748477475577,0.5391652909682889,0.9922347647437363
von_neumann_entropy,0.5392857142857143,0.02380061820281181,0.5395098243811722,0.9922896261823247
von_neumann_entropy,0.54,0.02368307135172497,0.5411454771115846,0.9923441306613011
von_neumann_entropy,0.5407142857142857,0.023566105042793908,0.5419460355831329,0.9923982803787095
von_neumann_entropy,0.5414285714285715,0.0234497164088283,0.5423864918535418,0.9924520775194855
von_neumann_entropy,0.5421428571428571,0.023333902596798343,0.5425906278623367,0.9925055242555345
von_neumann_entropy,0.5428571428571428,0.023218660767764823,0.5434740220549044,0.9925586227458065
von_neumann_entropy,0.5435714285714286,0.023103988096809486,0.5447617824690124,0.9926113751363703
von_neumann_entropy,0.5442857142857143,0.0229898817729659,0.5454378356966421,0.9926637835604945
von_neumann_entropy,0.545,0.022876338999150387,0.5457953812905114,0.9927158501387183
von_neumann_entropy,0.5457142857142857,0.02276335699209364,0.5459351628201545,0.9927675769789246
von_neumann_entropy,0.5464285714285714,0.02265093298227233,0.5473534542044012,0.9928189661764197
von_neumann_entropy,0.5471428571428572,0.02253906421384131,0.5483390896241505,0.9928700198140042
von_neumann_entropy,0.5478571428571428,0.02242774794456609,0.548868023844312,0.9929207399620452
von_neumann_entropy,0.5485714285714286,0.022316981445755484,0.5491236966785791,0.9929711286785514
von_neumann_entropy,0.5492857142857143,0.0222067620021949,0.5496333166507543,0.993021188009244
von_neumann_entropy,0.55,0.022097086912079598,0.5511106592855304,0.9930709199876311
von_neumann_entropy,0.5507142857142857,0.021987953486948642,0.5518323295011914,0.9931203266350771
von_neumann_entropy,0.5514285714285714,0.02187935905161884,0.5522060934931811,0.9931694099608734
von_neumann_entropy,0.5521428571428572,0.021771300944119238,0.552348927287651,0.9932181719623134
von_neumann_entropy,0.5528571428571428,0.02166377651562592,0.5537735665446524,0.9932666146247584
von_neumann_entropy,0.5535714285714286,0.021556783130396943,0.5547136589094402,0.993314739921708
von_neumann_entropy,0.5542857142857143,0.021450318165707895,0.5552039471903998,0.993362549814875
von_neumann_entropy,0.555,0.02134437901178742,0.5554234685631474,0.9934100462542478
von_neumann_entropy,0.5557142857142857,0.02123896307175343,0.5563485406915337,0.993457231178162
von_neumann_entropy,0.5564285714285714,0.021134067761549292,0.5575389620908959,0.9935041065133697
von_neumann_entropy,0.5571428571428572,0.021029690509880558,0.5581382226106436,0.9935506741751077
von_neumann_entropy,0.5578571428571428,0.020925828758151983,0.5584243274286178,0.9935969360671624
von_neumann_entropy,0.5585714285714286,0.020822479960404663,0.5588486230331775,0.9936428940819404
von_neumann_entropy,0.5592857142857143,0.02071964158325381,0.560336097902509,0.9936885501005304
von_neumann_entropy,0.56,0.02061731110582646,0.5610281656861682,0.9937339059927778
von_neumann_entropy,0.5607142857142857,0.02051548601969987,0.5613661622684298,0.9937789636173416
von_neumann_entropy,0.5614285714285714,0.020414163828839853,0.5614706836847085,0.993823724821765
von_neumann_entropy,0.5621428571428572,0.02031334204953969,0.5631317126721255,0.993868191442542
von_neumann_entropy,0.5628571428571428,0.020213018210359285,0.5638897397607108,0.9939123653051787
von_neumann_entropy,0.5635714285714286,0.020113189852064443,0.5642604411228587,0.9939562482242575
von_neumann_entropy,0.5642857142857143,0.02001385452756676,0.5643839037028594,0.9939998420035072
von_neumann_entropy,0.565,0.01991500980186348,0.5659469981063593,0.9940431484358584
von_neumann_entropy,0.5657142857142857,0.019816653251977883,0.5667338207430933,0.9940861693035135
von_neumann_entropy,0.5664285714285714,0.019718782466899936,0.5671145790053169,0.9941289063780065
von_neumann_entropy,0.5671428571428572,0.01962139504752707,0.5672407915210421,0.9941713614202662
von_neumann_entropy,0.5678571428571428,0.019524488606605498,0.5687921184360366,0.9942135361806788
von_neumann_entropy,0.5685714285714286,0.019428060768671585,0.569564715042508,0.9942554323991495
von_neumann_entropy,0.5692857142857143,0.019332109169993734,0.5699313949343504,0.9942970518051656
von_neumann_entropy,0.57,0.019236631458514324,0.570043628204816,0.9943383961178522
von_neumann_entropy,0.5707142857142857,0.019141625293792118,0.5716626693707887,0.9943794670460431
von_neumann_entropy,0.5714285714285714,0.019047088346944935,0.5723796865444047,0.9944202662883296
von_neumann_entropy,0.5721428571428572,0.018953018300592442,0.572709100243708,0.9944607955331289
von_neumann_entropy,0.5728571428571428,0.018859412848799488,0.5731000989953798,0.9945010564587431
von_neumann_entropy,0.5735714285714286,0.018766269697019444,0.5745414305539887,0.9945410507334133
von_neumann_entropy,0.5742857142857143,0.018673586562038092,0.5751698247662629,0.9945807800153851
von_neumann_entropy,0.575,0.018581361171917523,0.5754418721730349,0.9946202459529605
von_neumann_entropy,0.5757142857142857,0.018489591265940526,0.5762711924971883,0.9946594501845649
von_neumann_entropy,0.5764285714285714,0.018398274594555192,0.5774042193135076,0.9946983943387966
von_neumann_entropy,0.5771428571428572,0.018307408919319677,0.5779219322671081,0.9947370800344917
von_neumann_entropy,0.5778571428571428,0.018216992012847433,0.5781208671518023,0.9947755088807743
von_neumann_entropy,0.5785714285714286,0.018127021658752535,0.5793515475826768,0.9948136824771214
von_neumann_entropy,0.5792857142857143,0.018037495651595393,0.5802257005526666,0.9948516024134111
von_neumann_entropy,0.58,0.01794841179682868,0.5806206970188821,0.9948892702699883
von_neumann_entropy,0.5807142857142857,0.017859767910743472,0.5807354062426852,0.9949266876177105
von_neumann_entropy,0.5814285714285714,0.017771561820415897,0.5823347007599539,0.994963856018013
von_neumann_entropy,0.5821428571428572,0.017683791363653615,0.5829827937144805,0.9950007770229587
von_neumann_entropy,0.5828571428571429,0.01759645438894309,0.5832505144241118,0.9950374521752954
von_neumann_entropy,0.5835714285714285,0.017509548755396596,0.5841898997912433,0.995073883008508
von_neumann_entropy,0.5842857142857143,0.017423072332699928,0.5852079409854509,0.9951100710468743
von_neumann_entropy,0.585,0.017337023001060076,0.5856558963957319,0.9951460178055239
von_neumann_entropy,0.5857142857142857,0.017251398651153316,0.5857966956710359,0.9951817247904815
von_neumann_entropy,0.5864285714285714,0.017166197184073466,0.5872906478414122,0.9952171934987316
von_neumann_entropy,0.5871428571428572,0.017081416511280468,0.5879598327494937,0.9952524254182628
von_neumann_entropy,0.5878571428571429,0.016997054554549168,0.5882289287731984,0.9952874220281265
von_neumann_entropy,0.5885714285714285,0.016913109245918396,0.5892075984428462,0.995322184798486
von_neumann_entropy,0.5892857142857143,0.016829578527640204,0.5901706120810151,0.9953567151906719
von_neumann_entropy,0.59,0.016746460352129587,0.5905809350897161,0.9953910146572295
von_neumann_entropy,0.5907142857142857,0.016663752681914057,0.5908292344014403,0.9954250846419758
von_neumann_entropy,0.5914285714285714,0.016581453489583953,0.5922964101812899,0.9954589265800472
von_neumann_entropy,0.5921428571428572,0.01649956075774249,0.5928633815240645,0.9954925418979489
von_neumann_entropy,0.5928571428571429,0.016418072478956554,0.5930636616677342,0.995525932013613
von_neumann_entropy,0.5935714285714285,0.01633698665570727,0.5943449308141424,0.9955590983364401
von_neumann_entropy,0.5942857142857143,0.016256301300341194,0.5950875210129267,0.995592042267355
von_neumann_entropy,0.595,0.01617601443502152,0.5953799035615307,0.9956247651988563
von_neumann_entropy,0.5957142857142858,0.016096124091679622,0.5963222675474373,0.9956572685150628
von_neumann_entropy,0.5964285714285714,0.016016628311966787,0.5972652314925819,0.9956895535917646
von_neumann_entropy,0.5971428571428572,0.01593752514720623,0.5976471097521617,0.9957216217964728
von_neumann_entropy,0.5978571428571429,0.015858812658345326,0.5982282686130717,0.9957534744884693
von_neumann_entropy,0.5985714285714285,0.015780488915908077,0.5994089517635409,0.9957851130188502
von_neumann_entropy,0.5992857142857143,0.01570255199994776,0.5998743411368788,0.9958165387305794
von_neumann_entropy,0.6,0.015625000000000007,0.6000000000000001,0.9958477529585323
von_neumann_entropy,0.6007142857142858,0.015547831015035771,0.60153140105003,0.9958787570295489
von_neumann_entropy,0.6014285714285714,0.015471043153414951,0.6020699193310719,0.9959095522624739
von_neumann_entropy,0.6021428571428571,0.015394634532839803,0.6022347959517558,0.9959401399682092
von_neumann_entropy,0.6028571428571429,0.015318603280308962,0.6036449187140741,0.9959705214497578
von_neumann_entropy,0.6035714285714285,0.015242947532071456,0.6042409885423339,0.9960006980022715
von_neumann_entropy,0.6042857142857143,0.015167665433581036,0.6044339591291663,0.9960306709130974
von_neumann_entropy,0.605,0.01509275513945071,0.6057602791655864,0.9960604414618242
von_neumann_entropy,0.6057142857142858,0.015018214813407515,0.6063930332747101,0.9960900109203237
von_neumann_entropy,0.6064285714285714,0.014944042628247497,0.6066012592998224,0.9961193805528031
von_neumann_entropy,0.6071428571428571,0.01487023676579094,0.6078850529660272,0.9961485516158444
von_neumann_entropy,0.6078571428571429,0.014796795416837729,0.6085294441724005,0.9961775253584513
von_neumann_entropy,0.6085714285714285,0.014723716781123145,0.6087389782409796,0.9962063030220953
von_neumann_entropy,0.6092857142857143,0.014650999067273535,0.6100220330966539,0.996234885840758
von_neumann_entropy,0.61,0.014578640492762621,0.6106512490287341,0.9962632750409739
von_neumann_entropy,0.6107142857142858,0.014506639283867582,0.6108478432381063,0.9962914718418805
von_neumann_entropy,0.6114285714285714,0.014434993675625793,0.6121685716612933,0.9963194774552531
von_neumann_entropy,0.6121428571428571,0.014363701911791362,0.612757103223242,0.9963472930855554
von_neumann_entropy,0.6128571428571429,0.014292762244792222,0.612927076430742,0.9963749199299766
von_neumann_entropy,0.6135714285714285,0.014222172935687227,0.6143173170964932,0.9964023591784829
von_neumann_entropy,0.6142857142857143,0.01415193225412354,0.6148435606110908,0.9964296120138478
von_neumann_entropy,0.615,0.014082038478294222,0.6151109122353523,0.9964566796117067
von_neumann_entropy,0.6157142857142857,0.014012489894896021,0.6164579571972941,0.9964835631405901
von_neumann_entropy,0.6164285714285714,0.013943284799087336,0.6169055575589024,0.99651026376197
von_neumann_entropy,0.6171428571428571,0.01387442149444654,0.617531964499313,0.9965367826303009
von_neumann_entropy,0.6178571428571429,0.013805898292930227,0.6185790790866625,0.9965631208930589
von_neumann_entropy,0.6185714285714285,0.01373771351483202,0.6189369887056666,0.9965892796907859
von_neumann_entropy,0.6192857142857143,0.013669865488741202,0.6198532244629142,0.9966152601571281
von_neumann_entropy,0.62,0.013602352551501945,0.6206695236169331,0.9966410634188776
von_neumann_entropy,0.6207142857142857,0.013535173048172353,0.62093125555367,0.9966666905960132
von_neumann_entropy,0.6214285714285714,0.01346832533198403,0.6221006856917648,0.9966921428017393
von_neumann_entropy,0.6221428571428571,0.013401807764301655,0.6227191180396037,0.9967174211425274
von_neumann_entropy,0.6228571428571429,0.013335618714582822,0.6228817115660236,0.9967425267181538
von_neumann_entropy,0.6235714285714286,0.013269756560338072,0.624275513219165,0.9967674606217425
von_neumann_entropy,0.6242857142857143,0.013204219687091122,0.6247189503387125,0.9967922239397996
von_neumann_entropy,0.625,0.013139006488339287,0.6254585330596063,0.9968168177522564
von_neumann_entropy,0.6257142857142857,0.01307411536551412,0.6263751885296727,0.9968412431325062
von_neumann_entropy,0.6264285714285714,0.013009544727942149,0.6266613853238762,0.9968655011474429
von_neumann_entropy,0.6271428571428571,0.012945292992806038,0.627788777996585,0.9968895928574998
von_neumann_entropy,0.6278571428571429,0.012881358585105593,0.6283965203925914,0.9969135193166896
von_neumann_entropy,0.6285714285714286,0.012817739937619348,0.6286988001428198,0.9969372815726363
von_neumann_entropy,0.6292857142857143,0.012754435490865966,0.629959462571337,0.9969608806666217
von_neumann_entropy,0.63,0.012691443693066184,0.6303364182135874,0.9969843176336136
von_neumann_entropy,0.6307142857142857,0.012628763000104617,0.6312821854241586,0.9970075935023109
von_neumann_entropy,0.6314285714285715,0.012566391875492024,0.6320035441131248,0.9970307092951731
von_neumann_entropy,0.6321428571428571,0.012504328790327585,0.6321921198344314,0.9970536660284655
von_neumann_entropy,0.6328571428571429,0.012442572223261445,0.6335175127826342,0.9970764647122887
von_neumann_entropy,0.6335714285714286,0.012381120660457406,0.6339333657489441,0.9970991063506194
von_neumann_entropy,0.6342857142857142,0.012319972595555836,0.6348197630095023,0.9971215919413421
von_neumann_entropy,0.635,0.012259126529636729,0.6355652174579844,0.9971439224762904
von_neumann_entropy,0.6357142857142857,0.012198580971182978,0.6357547267939602,0.9971660989412789
von_neumann_entropy,0.6364285714285715,0.012138334436043766,0.6370722168870395,0.9971881223161398
von_neumann_entropy,0.6371428571428571,0.012078385447398289,0.6374639880004396,0.9972099935747589
von_neumann_entropy,0.6378571428571429,0.012018732535719409,0.6384188689264957,0.9972317136851089
von_neumann_entropy,0.6385714285714286,0.011959374238737792,0.6390860090423616,0.9972532836092881
von_neumann_entropy,0.6392857142857142,0.011900309101405911,0.6394724208329817,0.9972747043035481
von_neumann_entropy,0.64,0.01184153567586249,0.6406143767888294,0.9972959767183376
von_neumann_entropy,0.6407142857142857,0.011783052521396959,0.6409236767628673,0.997317101798329
von_neumann_entropy,0.6414285714285715,0.011724858204414155,0.6420353511246885,0.9973380804824554
von_neumann_entropy,0.6421428571428571,0.011666951298399175,0.6425497196585856,0.9973589137039454
von_neumann_entropy,0.6428571428571429,0.01160933038388241,0.6433142633562927,0.9973796023903556
von_neumann_entropy,0.6435714285714286,0.011551994048404747,0.6441089312852936,0.9974001474636033
von_neumann_entropy,0.6442857142857142,0.011494940886482948,0.6442943273203956,0.9974205498400017
von_neumann_entropy,0.645,0.011438169499575197,0.6455997206813331,0.9974408104302931
von_neumann_entropy,0.6457142857142857,0.011381678496046817,0.6459265676095779,0.9974609301396793
von_neumann_entropy,0.6464285714285715,0.01132546649113616,0.6470175593263993,0.9974809098678561
von_neumann_entropy,0.6471428571428571,0.011269532106920655,0.6475109721650522,0.9975007505090453
von_neumann_entropy,0.6478571428571429,0.011213873972283038,0.6483509083334412,0.9975204529520308
von_neumann_entropy,0.6485714285714286,0.01115849072287774,0.6490503501777042,0.997540018080182
von_neumann_entropy,0.6492857142857142,0.011103381001097453,0.6495637456606311,0.9975594467714946
von_neumann_entropy,0.65,0.011048543456039799,0.6505475503898883,0.9975787398986184
von_neumann_entropy,0.6507142857142857,0.010993976743474325,0.6507781201924602,0.99759789832889
von_neumann_entropy,0.6514285714285715,0.010939679525809409,0.6520054522554664,0.9976169229243614
von_neumann_entropy,0.6521428571428571,0.010885650472059622,0.6523411352961996,0.9976358145418367
von_neumann_entropy,0.6528571428571428,0.010831888257812958,0.6534269385165314,0.9976545740328969
von_neumann_entropy,0.6535714285714286,0.010778391565198477,0.6538748613092662,0.9976732022439361
von_neumann_entropy,0.6542857142857142,0.010725159082853946,0.6548148236296057,0.9976917000161876
von_neumann_entropy,0.655,0.010672189505893714,0.655382940695927,0.997710068185761
von_neumann_entropy,0.6557142857142857,0.010619481535876713,0.6561716671287746,0.9977283075836624
von_neumann_entropy,0.6564285714285715,0.01056703388077464,0.656869080570178,0.997746419035835
von_neumann_entropy,0.6571428571428571,0.010514845254940279,0.6574992354656375,0.9977644033631841
von_neumann_entropy,0.6578571428571428,0.010462914379075995,0.658337005040469,0.9977822613816055
von_neumann_entropy,0.6585714285714286,0.010411239980202332,0.6587965268431202,0.9977999939020176
von_neumann_entropy,0.6592857142857143,0.010359820791626909,0.6597903775021273,0.9978176017303909
von_neumann_entropy,0.66,0.01030865555291323,0.6600447939441445,0.9978350856677762
von_neumann_entropy,0.6607142857142857,0.010257743009849938,0.661232685883453,0.9978524465103344
von_neumann_entropy,0.6614285714285715,0.010207081914419916,0.6614703737249439,0.9978696850493656
von_neumann_entropy,0.6621428571428571,0.010156671024769848,0.6626670887148703,0.9978868020713353
von_neumann_entropy,0.6628571428571428,0.01010650910517964,0.6629335289914715,0.9979037983579104
von_neumann_entropy,0.6635714285714286,0.010056594926032225,0.6640962301620142,0.9979206746859764
von_neumann_entropy,0.6642857142857143,0.01000692726378338,0.6643821117416848,0.9979374318276744
von_neumann_entropy,0.665,0.009957504900931734,0.6655220471156771,0.9979540705504281
von_neumann_entropy,0.6657142857142857,0.00990832662598894,0.6658170870029829,0.9979705916169681
von_neumann_entropy,0.6664285714285715,0.009859391233449963,0.6669456058431129,0.997986995785363
von_neumann_entropy,0.6671428571428571,0.009810697523763533,0.6672389708723152,0.9980032838090456
von_neumann_entropy,0.6678571428571428,0.009762244303302752,0.668367010329725,0.9980194564368403
von_neumann_entropy,0.6685714285714286,0.009714030384335793,0.6686478249627329,0.9980355144129905
von_neumann_entropy,0.6692857142857143,0.00966605458499687,0.6697854117640295,0.9980514584771878
von_neumann_entropy,0.67,0.009618315729257153,0.6700432741230486,0.9980672893645952
von_neumann_entropy,0.6707142857142857,0.009570812646896062,0.671199120898508,0.9980830078058773
von_neumann_entropy,0.6714285714285714,0.009523544173472466,0.6714520228801513,0.9980986145272247
von_neumann_entropy,0.6721428571428572,0.009476509150296224,0.6726057956185529,0.9981141102503805
von_neumann_entropy,0.6728571428571428,0.009429706424399742,0.6730549870940171,0.9981294956926725
von_neumann_entropy,0.6735714285714286,0.009383134848509726,0.6740026599481921,0.9981447715670282
von_neumann_entropy,0.6742857142857143,0.009336793281019044,0.6746013419659587,0.9981599385820097
von_neumann_entropy,0.675,0.009290680585958756,0.6753867131303006,0.9981749974418396
von_neumann_entropy,0.6757142857142857,0.009244795632970263,0.6761149853332675,0.9981899488464201
von_neumann_entropy,0.6764285714285714,0.0091991372972776,0.6767549021241058,0.9982047934913669
von_neumann_entropy,0.6771428571428572,0.009153704459659838,0.6775981333420751,0.9982195320680276
von_neumann_entropy,0.6778571428571428,0.009108496006423723,0.6781042477113475,0.9982341652635107
von_neumann_entropy,0.6785714285714286,0.009063510829376268,0.6790501667058153,0.9982486937607102
von_neumann_entropy,0.6792857142857143,0.009018747825797703,0.679431926636441,0.998263118238331
von_neumann_entropy,0.68,0.00897420589841433,0.6804697616922999,0.9982774393709111
von_neumann_entropy,0.6807142857142857,0.008929883955371743,0.6807353182360176,0.9982916578288524
von_neumann_entropy,0.6814285714285714,0.008885780910207947,0.6818554469542829,0.9983057742784383
von_neumann_entropy,0.6821428571428572,0.008841895681826814,0.6824330926481681,0.9983197893818611
von_neumann_entropy,0.6828571428571428,0.008798227194471544,0.6832057881099293,0.998333703797248
von_neumann_entropy,0.6835714285714286,0.008754774377698298,0.6839943276970037,0.9983475181786833
von_neumann_entropy,0.6842857142857143,0.008711536166349962,0.6845194532818403,0.9983612331762306
von_neumann_entropy,0.685,0.008668511500530038,0.6854599660177118,0.9983748494359614
von_neumann_entropy,0.6857142857142857,0.008625699325576656,0.685795234086265,0.9983883675999767
von_neumann_entropy,0.6864285714285714,0.00858309859203674,0.6868545915090385,0.9984017883064278
von_neumann_entropy,0.6871428571428572,0.008540708255640234,0.6874033866259425,0.9984151121895424
von_neumann_entropy,0.6878571428571428,0.008498527277274591,0.6881879954797394,0.9984283398796496
von_neumann_entropy,0.6885714285714286,0.00845655462295919,0.6889949429937646,0.9984414720032007
von_neumann_entropy,0.6892857142857143,0.008414789263820109,0.6894651253940924,0.9984545091827901
von_neumann_entropy,0.69,0.008373230176064792,0.6904387229643671,0.998467452037185
von_neumann_entropy,0.6907142857142857,0.008331876340957035,0.6908117504929244,0.9984803011813398
von_neumann_entropy,0.6914285714285714,0.008290726744791976,0.6917851311187937,0.9984930572264249
von_neumann_entropy,0.6921428571428572,0.008249780378871252,0.6925364141192052,0.9985057207798491
von_neumann_entropy,0.6928571428571428,0.008209036239478277,0.6930527265740367,0.9985182924452782
von_neumann_entropy,0.6935714285714286,0.008168493327853634,0.6940005494139568,0.9985307728226569
von_neumann_entropy,0.6942857142857143,0.008128150650170597,0.6944067553667741,0.9985431625082377
von_neumann_entropy,0.695,0.008088007217510768,0.6953333776932192,0.9985554620945966
von_neumann_entropy,0.6957142857142857,0.008048062045839811,0.6961182369158513,0.9985676721706553
von_neumann_entropy,0.6964285714285714,0.0080083141559834,0.6965683270267762,0.9985797933217077
von_neumann_entropy,0.6971428571428572,0.007968762573603115,0.6975447078993445,0.9985918261294341
von_neumann_entropy,0.6978571428571428,0.00792940632917267,0.6981387883606465,0.9986037711719312
von_neumann_entropy,0.6985714285714286,0.007890244457954032,0.6988260319337618,0.9986156290237265
von_neumann_entropy,0.6992857142857143,0.007851275999973886,0.6997024112130067,0.9986274002558023
von_neumann_entropy,0.7,0.007812500000000002,0.7,0.9986390854356181
von_neumann_entropy,0.7007142857142857,0.007773915507517892,0.7010375195462588,0.9986506851271295
von_neumann_entropy,0.7014285714285714,0.007735521576707475,0.7018243703391229,0.998662199890808
von_neumann_entropy,0.7021428571428572,0.0076973172664199,0.70223272019325,0.9986736302836654
von_neumann_entropy,0.7028571428571428,0.00765930164015448,0.7032158400360821,0.9986849768592736
von_neumann_entropy,0.7035714285714286,0.007621473766035728,0.703930683330786,0.9986962401677811
von_neumann_entropy,0.7042857142857143,0.007583832716790517,0.704428141660778,0.9987074207559378
von_neumann_entropy,0.705,0.0075463775697253615,0.705372463085961,0.9987185191671152
von_neumann_entropy,0.7057142857142857,0.007509107406703757,0.7060419683215979,0.9987295359413221
von_neumann_entropy,0.7064285714285714,0.0074720213141237545,0.7065930053785818,0.9987404716152313
von_neumann_entropy,0.7071428571428572,0.007435118382895463,0.7075156392968269,0.9987513267221917
von_neumann_entropy,0.7078571428571429,0.007398397708418871,0.7081739552777686,0.9987621017922563
von_neumann_entropy,0.7085714285714285,0.007361858390561572,0.7087311154143429,0.9987727973521956
von_neumann_entropy,0.7092857142857143,0.007325499533636774,0.709648826754114,0.9987834139255195
von_neumann_entropy,0.71,0.00728932024638131,0.7103297218504563,0.9987939520324971
von_neumann_entropy,0.7107142857142857,0.007253319641933797,0.7108429516910395,0.9988044121901766
von_neumann_entropy,0.7114285714285714,0.007217496837812897,0.7117700280231114,0.998814794912402
von_neumann_entropy,0.7121428571428572,0.00718185095589568,0.7124976800017816,0.9988251007098341
von_neumann_entropy,0.7128571428571429,0.007146381122396111,0.7129258038083396,0.9988353300899707
von_neumann_entropy,0.7135714285714285,0.007111086467843613,0.7138725276463037,0.9988454835571623
von_neumann_entropy,0.7142857142857143,0.00707596612706177,0.7146584073256731,0.9988555616126327
von_neumann_entropy,0.715,0.00704101923914711,0.7150933854312413,0.9988655647544981
von_neumann_entropy,0.7157142857142857,0.007006244947448004,0.715946635451056,0.9988754934777851
von_neumann_entropy,0.7164285714285714,0.006971642399543667,0.7167922126252231,0.9988853482744492
von_neumann_entropy,0.7171428571428572,0.006937210747223263,0.7174277992593281,0.9988951296333927
von_neumann_entropy,0.7178571428571429,0.006902949146465113,0.7179815467957603,0.9989048380404831
von_neumann_entropy,0.7185714285714285,0.006868856757416009,0.7188824071206745,0.9989144739785731
von_neumann_entropy,0.7192857142857143,0.0068349327443706,0.7196432425307251,0.9989240379275142
von_neumann_entropy,0.72,0.0068011762757509715,0.7201113742365214,0.9989335303641802
von_neumann_entropy,0.7207142857142858,0.006767586524086175,0.720915678219707,0.9989429517624817
von_neumann_entropy,0.7214285714285714,0.006734162665992014,0.7217662931484465,0.9989523025933821
von_neumann_entropy,0.7221428571428572,0.006700903882150827,0.72247124542953,0.9989615833249206
von_neumann_entropy,0.7228571428571429,0.00666780935729141,0.7228815505749889,0.9989707944222243
von_neumann_entropy,0.7235714285714285,0.006634878280169035,0.7237986874217003,0.9989799363475299
von_neumann_entropy,0.7242857142857143,0.00660210984354556,0.7246244648058436,0.9989890095601968
von_neumann_entropy,0.725,0.006569503244169644,0.7253149823709848,0.998998014516728
von_neumann_entropy,0.7257142857142858,0.006537057682757053,0.7257384653075801,0.9990069516707845
von_neumann_entropy,0.7264285714285714,0.0065047723639710744,0.7266420504523058,0.9990158214732052
von_neumann_entropy,0.7271428571428571,0.006472646496403019,0.7274675340411918,0.9990246243720214
von_neumann_entropy,0.7278571428571429,0.006440679292552796,0.7281835735483797,0.9990333608124728
von_neumann_entropy,0.7285714285714285,0.006408869968809673,0.7286771716562512,0.9990420312370281
von_neumann_entropy,0.7292857142857143,0.006377217745432982,0.729444059400091,0.9990506360853975
von_neumann_entropy,0.73,0.006345721846533091,0.7302865068587073,0.999059175794552
von_neumann_entropy,0.7307142857142858,0.0063143815000523025,0.7310494131249852,0.9990676507987365
von_neumann_entropy,0.7314285714285714,0.006283195937746011,0.7316902602857287,0.9990760615294931
von_neumann_entropy,0.7321428571428571,0.0062521643951637925,0.7321914082059755,0.9990844084156674
von_neumann_entropy,0.7328571428571429,0.0062212861116307215,0.7330580905687262,0.9990926918834322
von_neumann_entropy,0.7335714285714285,0.006190560330228703,0.7338698705660784,0.9991009123563014
von_neumann_entropy,0.7342857142857143,0.006159986297777918,0.7346115410335046,0.999109070255145
von_neumann_entropy,0.735,0.006129563264818364,0.7352465795138936,0.9991171659982065
von_neumann_entropy,0.7357142857142858,0.006099290485591483,0.735754239683447,0.9991252000011167
von_neumann_entropy,0.7364285714285714,0.006069167218021882,0.7366065592625987,0.99913317267691
von_neumann_entropy,0.7371428571428571,0.006039192723699144,0.7374161078297965,0.9991410844360423
von_neumann_entropy,0.7378571428571429,0.0060093662678597035,0.7381743489729667,0.9991489356864035
von_neumann_entropy,0.7385714285714285,0.005979687119368896,0.7388641703255514,0.9991567268333343
von_neumann_entropy,0.7392857142857143,0.005950154550702949,0.7394350172847917,0.9991644582796404
von_neumann_entropy,0.74,0.005920767837931244,0.740083276466074,0.9991721304256087
von_neumann_entropy,0.7407142857142857,0.005891526260698479,0.7409064505912394,0.9991797436690236
von_neumann_entropy,0.7414285714285714,0.005862429102207077,0.7416966458622086,0.9991872984051797
von_neumann_entropy,0.7421428571428571,0.005833475649199588,0.7424489829463339,0.9991947950268958
von_neumann_entropy,0.7428571428571429,0.005804665191941205,0.7431545046576818,0.999202233924534
von_neumann_entropy,0.7435714285714285,0.005775997024202373,0.7437926888548434,0.9992096154860131
von_neumann_entropy,0.7442857142857143,0.005747470443241473,0.7442943047188118,0.9992169400968184
von_neumann_entropy,0.745,0.005719084749787598,0.7451117953276375,0.9992242081400239
von_neumann_entropy,0.7457142857142857,0.005690839248023414,0.7459079190602663,0.9992314199963015
von_neumann_entropy,0.7464285714285714,0.005662733245568079,0.7466816644483978,0.9992385760439358
von_neumann_entropy,0.7471428571428571,0.005634766053460332,0.7474314003371786,0.9992456766588429
von_neumann_entropy,0.7478571428571429,0.005606936986141519,0.7481543866867599,0.9992527222145782
von_neumann_entropy,0.7485714285714286,0.0055792453614388745,0.7488456121757233,0.9992597130823558
von_neumann_entropy,0.7492857142857143,0.005551690500548721,0.7494941746705085,0.9992666496310584
von_neumann_entropy,0.75,0.005524271728019904,0.7500608064338735,0.9992735322272569
von_neumann_entropy,0.7507142857142857,0.005496988371737162,0.7507767225244152,0.9992803612352187
von_neumann_entropy,0.7514285714285714,0.005469839762904709,0.7515565359403317,0.9992871370169224
von_neumann_entropy,0.7521428571428571,0.00544282523602981,0.7523242703109945,0.9992938599320753
von_neumann_entropy,0.7528571428571429,0.005415944128906478,0.7530803104884111,0.9993005303381242
von_neumann_entropy,0.7535714285714286,0.005389195782599237,0.7538250336777008,0.9993071485902696
von_neumann_entropy,0.7542857142857143,0.005362579541426972,0.7545588031001478,0.9993137150414781
von_neumann_entropy,0.755,0.005336094752946856,0.7552819575460262,0.9993202300424968
von_neumann_entropy,0.7557142857142857,0.005309740767938361,0.7559947935660158,0.9993266939418686
von_neumann_entropy,0.7564285714285715,0.00528351694038732,0.7566975336419006,0.9993331070859413
von_neumann_entropy,0.7571428571428571,0.005257422627470144,0.75739026538757,0.9993394698188858
von_neumann_entropy,0.7578571428571429,0.005231457189537992,0.7580728137764818,0.9993457824827031
von_neumann_entropy,0.7585714285714286,0.00520561999010117,0.758744430653062,0.9993520454172437
von_neumann_entropy,0.7592857142857142,0.0051799103958134534,0.7594028276015845,0.9993582589602162
von_neumann_entropy,0.76,0.005154327776456619,0.7600387528074024,0.9993644234472032
von_neumann_entropy,0.7607142857142857,0.005128871504924968,0.7607327930789973,0.9993705392116702
von_neumann_entropy,0.7614285714285715,0.0051035409572099625,0.7614697445419273,0.9993766065849826
von_neumann_entropy,0.7621428571428571,0.005078335512384924,0.7622024647576144,0.9993826258964159
von_neumann_entropy,0.7628571428571429,0.00505325455258982,0.7629312920003486,0.9993885974731693
von_neumann_entropy,0.7635714285714286,0.005028297463016113,0.7636565199297337,0.9993945216403777
von_neumann_entropy,0.7642857142857142,0.005003463631891693,0.7643783919084488,0.9994003987211226
von_neumann_entropy,0.765,0.004978752450465866,0.7650970961249939,0.9994062290364507
von_neumann_entropy,0.7657142857142857,0.004954163312994474,0.7658127618746734,0.9994120129053761
von_neumann_entropy,0.7664285714285715,0.0049296956167249805,0.7665254573009579,0.9994177506449017
von_neumann_entropy,0.7671428571428571,0.004905348761881771,0.7672351888070335,0.9994234425700277
von_neumann_entropy,0.7678571428571429,0.004881122151651372,0.7679419022234125,0.9994290889937616
von_neumann_entropy,0.7685714285714286,0.0048570151921679,0.7686454856788907,0.9994346902271344
von_neumann_entropy,0.7692857142857142,0.0048330272924984345,0.7693457739894976,0.9994402465792096
von_neumann_entropy,0.77,0.00480915786462858,0.7700425542727457,0.9994457583570975
von_neumann_entropy,0.7707142857142857,0.00478540632344803,0.7707355724262271,0.9994512258659629
von_neumann_entropy,0.7714285714285715,0.004761772086736233,0.7714492367016123,0.9994566494090418
von_neumann_entropy,0.7721428571428571,0.004738254575148111,0.7722427419471349,0.9994620292876487
von_neumann_entropy,0.7728571428571429,0.004714853212199871,0.7730098751926548,0.9994673658011937
von_neumann_entropy,0.7735714285714286,0.004691567424254863,0.7737630493242729,0.9994726592471868
von_neumann_entropy,0.7742857142857142,0.004668396640509526,0.7745050300728623,0.9994779099212547
von_neumann_entropy,0.775,0.004645340292979378,0.7752368147078055,0.9994831181171513
von_neumann_entropy,0.7757142857142857,0.004622397816485135,0.7759587781693459,0.9994882841267673
von_neumann_entropy,0.7764285714285715,0.0045995686486387955,0.776671021663282,0.9994934082401439
von_neumann_entropy,0.7771428571428571,0.004576852229829923,0.7773735119523669,0.9994984907454796
von_neumann_entropy,0.7778571428571428,0.004554248003211862,0.7780661462889658,0.9995035319291488
von_neumann_entropy,0.7785714285714286,0.004531755414688137,0.7787487858289548,0.9995085320757051
von_neumann_entropy,0.7792857142857142,0.004509373912898852,0.7794212740154599,0.9995134914678971
von_neumann_entropy,0.78,0.004487102949207169,0.7800834471646995,0.999518410386678
von_neumann_entropy,0.7807142857142857,0.004464941977685871,0.7807351407434258,0.9995232891112149
von_neumann_entropy,0.7814285714285715,0.004442890455103973,0.7815568055625425,0.9995281279189034
von_neumann_entropy,0.7821428571428571,0.004420947840913407,0.7823465138528112,0.9995329270853736
von_neumann_entropy,0.7828571428571428,0.004399113597235772,0.7830884181970236,0.9995376868845053
von_neumann_entropy,0.7835714285714286,0.004377387188849149,0.7837987556027646,0.9995424075884343
von_neumann_entropy,0.7842857142857143,0.004355768083174981,0.7844840717831288,0.9995470894675685
von_neumann_entropy,0.785,0.004334255750265018,0.7851478482738073,0.9995517327905912
von_neumann_entropy,0.7857142857142857,0.004312849662788328,0.7857922033096758,0.9995563378244782
von_neumann_entropy,0.7864285714285715,0.0042915492960183665,0.7864696931963213,0.9995609048345045
von_neumann_entropy,0.7871428571428571,0.004270354127820116,0.7873296732169326,0.9995654340842552
von_neumann_entropy,0.7878571428571428,0.004249263638637295,0.7880817323108171,0.9995699258356368
von_neumann_entropy,0.7885714285714286,0.004228277311479598,0.7887822875446833,0.9995743803488846
von_neumann_entropy,0.7892857142857143,0.004207394631910054,0.7894460968399605,0.9995787978825795
von_neumann_entropy,0.79,0.004186615088032396,0.7900801620595386,0.9995831786936481
von_neumann_entropy,0.7907142857142857,0.004165938170478518,0.7907942665844093,0.9995875230373809
von_neumann_entropy,0.7914285714285715,0.004145363372395987,0.7916316608666644,0.9995918311674391
von_neumann_entropy,0.7921428571428571,0.004124890189435626,0.7923587567035474,0.9995961033358645
von_neumann_entropy,0.7928571428571428,0.0041045181197391385,0.7930282406597948,0.9996003397930897
von_neumann_entropy,0.7935714285714286,0.004084246663926817,0.793656168013771,0.9996045407879481
von_neumann_entropy,0.7942857142857143,0.0040640753250852975,0.7943830083638723,0.9996087065676829
von_neumann_entropy,0.795,0.0040440036087553794,0.7952079030594404,0.9996128373779574
von_neumann_entropy,0.7957142857142857,0.004024031022919905,0.7959142062842643,0.999616933462864
von_neumann_entropy,0.7964285714285714,0.004004157077991699,0.7965571055810571,0.9996209950649352
von_neumann_entropy,0.7971428571428572,0.003984381286801557,0.7971542400693835,0.999625022425152
von_neumann_entropy,0.7978571428571428,0.003964703164586334,0.7980493081082229,0.9996290157829513
von_neumann_entropy,0.7985714285714286,0.003945122228977015,0.7987723111705994,0.9996329753762397
von_neumann_entropy,0.7992857142857143,0.003925637999986942,0.7994136164126745,0.999636901441401
von_neumann_entropy,0.8,0.0039062499999999974,0.8000000000000002,0.9996407942133008
von_neumann_entropy,0.8007142857142857,0.0038869577537589454,0.8009126347005037,0.9996446539253043
von_neumann_entropy,0.8014285714285714,0.003867760788353737,0.8016125986786495,0.9996484808092797
von_neumann_entropy,0.8021428571428572,0.00384865863320995,0.8022283720307744,0.9996522750956085
von_neumann_entropy,0.8028571428571428,0.00382965082007724,0.8029979714172498,0.999656037013193
von_neumann_entropy,0.8035714285714286,0.0038107368830178636,0.8037719896658541,0.9996597667894711
von_neumann_entropy,0.8042857142857143,0.0037919163583952586,0.8044155106985734,0.9996634646504166
von_neumann_entropy,0.805,0.003773188784862677,0.8050542464667881,0.9996671308205549
von_neumann_entropy,0.8057142857142857,0.003754553703351878,0.8059130968307576,0.999670765522971
von_neumann_entropy,0.8064285714285714,0.003736010657061877,0.8065747390218043,0.9996743689793142
von_neumann_entropy,0.8071428571428572,0.003717559191447731,0.807146225627626,0.9996779414098104
von_neumann_entropy,0.8078571428571428,0.003699198854209435,0.8080523243414236,0.9996814830332703
von_neumann_entropy,0.8085714285714286,0.0036809291952807823,0.8087137486561545,0.9996849940670975
von_neumann_entropy,0.8092857142857143,0.0036627497668183864,0.8093253869539726,0.9996884747272983
von_neumann_entropy,0.81,0.0036446601231906513,0.8101934092258796,0.9996919252284865
von_neumann_entropy,0.8107142857142857,0.003626659820966898,0.8108323919136644,0.9996953457838955
von_neumann_entropy,0.8114285714285714,0.003608748418906448,0.8115513738415323,0.9996987366053874
von_neumann_entropy,0.8121428571428572,0.00359092547794784,0.8123254082887315,0.9997020979034591
von_neumann_entropy,0.8128571428571428,0.003573190561198055,0.812923162330276,0.9997054298872513
von_neumann_entropy,0.8135714285714286,0.003555543233921806,0.8137493978915786,0.999708732764554
von_neumann_entropy,0.8142857142857143,0.0035379830635308847,0.8144295297172439,0.9997120067418216
von_neumann_entropy,0.815,0.0035205096195735576,0.8150758586271302,0.9997152520241762
von_neumann_entropy,0.8157142857142857,0.003503122473724002,0.8158948571626677,0.9997184688154134
von_neumann_entropy,0.8164285714285714,0.0034858211997718363,0.8164866989386974,0.9997216573180168
von_neumann_entropy,0.8171428571428572,0.0034686053736116317,0.8173236340193434,0.9997248177331614
von_neumann_entropy,0.8178571428571428,0.0034514745732325595,0.8179711167280646,0.9997279502607237
von_neumann_entropy,0.8185714285714286,0.0034344283787080014,0.8187204038861644,0.9997310550992884
von_neumann_entropy,0.8192857142857143,0.003417466372185303,0.8194332605985354,0.9997341324461558
von_neumann_entropy,0.82,0.0034005881378754853,0.8200886654900603,0.9997371824973538
von_neumann_entropy,0.8207142857142857,0.0033837932620430873,0.8208791987415747,0.9997402054476379
von_neumann_entropy,0.8214285714285714,0.0033670813329960067,0.8214319006051285,0.999743201490508
von_neumann_entropy,0.8221428571428572,0.0033504519410754133,0.8223147132735775,0.99974617081821
von_neumann_entropy,0.8228571428571428,0.0033339046786457047,0.8228812243166314,0.9997491136217438
von_neumann_entropy,0.8235714285714286,0.0033174391400845175,0.8237445406547824,0.999752030090875
von_neumann_entropy,0.8242857142857143,0.00330105492177278,0.8243163234433819,0.9997549204141383
von_neumann_entropy,0.825,0.0032847516220848244,0.8251714316823637,0.999757784778847
von_neumann_entropy,0.8257142857142857,0.0032685288413785265,0.825738138530968,0.9997606233710983
von_neumann_entropy,0.8264285714285714,0.00325238618198554,0.8265954683743976,0.999763436375785
von_neumann_entropy,0.8271428571428572,0.003236323248201506,0.8271462900857978,0.9997662239766006
von_neumann_entropy,0.8278571428571428,0.0032203396462764005,0.8280141025829477,0.9997689863560435
von_neumann_entropy,0.8285714285714286,0.0032044349844048336,0.828655543169682,0.9997717236954291
von_neumann_entropy,0.8292857142857143,0.0031886088727164936,0.8294229179807694,0.9997744361748968
von_neumann_entropy,0.83,0.0031728609232665457,0.830138925981038,0.9997771239734126
von_neumann_entropy,0.8307142857142857,0.003157190750026154,0.8308166408258109,0.9997797872687798
von_neumann_entropy,0.8314285714285714,0.0031415979688730056,0.8315930756958902,0.9997824262376476
von_neumann_entropy,0.8321428571428572,0.003126082197581896,0.8321899425787285,0.9997850410555162
von_neumann_entropy,0.8328571428571429,0.0031106430558153608,0.8330156085415797,0.999787631896741
von_neumann_entropy,0.8335714285714285,0.0030952801651143538,0.8336564097289341,0.9997901989345465
von_neumann_entropy,0.8342857142857143,0.0030799931488889585,0.8344033190575069,0.9997927423410259
von_neumann_entropy,0.835,0.0030647816324091844,0.8351584607304332,0.9997952622871541
von_neumann_entropy,0.8357142857142857,0.0030496452427957415,0.8357532414034594,0.9997977589427898
von_neumann_entropy,0.8364285714285714,0.0030345836090109437,0.836575155980082,0.9998002324766848
von_neumann_entropy,0.8371428571428572,0.003019596361849569,0.8372741152121705,0.9998026830564932
von_neumann_entropy,0.8378571428571429,0.0030046831339298544,0.8379298290194376,0.9998051108487711
von_neumann_entropy,0.8385714285714285,0.0029898435596844475,0.8387249452190119,0.9998075160189929
von_neumann_entropy,0.8392857142857143,0.0029750772753514773,0.8393976137366013,0.9998098987315469
von_neumann_entropy,0.84,0.0029603839189656215,0.8400782153005613,0.9998122591497538
von_neumann_entropy,0.8407142857142857,0.002945763130349239,0.8408650322863668,0.9998145974358603
von_neumann_entropy,0.8414285714285714,0.0029312145511035384,0.8415509596316133,0.9998169137510622
von_neumann_entropy,0.8421428571428572,0.0029167378245997934,0.8422014165476467,0.9998192082554915
von_neumann_entropy,0.8428571428571429,0.002902332595970602,0.8429947459590705,0.9998214811082402
von_neumann_entropy,0.8435714285714285,0.002887998512101189,0.8437174373735438,0.9998237324673553
von_neumann_entropy,0.8442857142857143,0.0028737352216207366,0.8442942592771516,0.9998259624898512
von_neumann_entropy,0.845,0.0028595423748938014,0.8451013158406748,0.9998281713317134
von_neumann_entropy,0.8457142857142858,0.002845419624011704,0.8458624240433842,0.9998303591479052
von_neumann_entropy,0.8464285714285714,0.002831366622784042,0.8465564589732718,0.9998325260923778
von_neumann_entropy,0.8471428571428572,0.0028173830267301633,0.8471667594834266,0.9998346723180671
von_neumann_entropy,0.8478571428571429,0.0028034684930707617,0.8479578650400793,0.999836797976912
von_neumann_entropy,0.8485714285714285,0.0027896226807194373,0.8487141041454791,0.9998389032198503
von_neumann_entropy,0.8492857142857143,0.0027758452502743627,0.8494246036803851,0.9998409881968314
von_neumann_entropy,0.85,0.0027621358640099515,0.8500501247110337,0.9998430530568208
von_neumann_entropy,0.8507142857142858,0.0027484941858685807,0.8507737989793032,0.9998450979478036
von_neumann_entropy,0.8514285714285714,0.0027349198814523544,0.8515409569785408,0.9998471230167943
von_neumann_entropy,0.8521428571428571,0.002721412618014905,0.8522834264955348,0.9998491284098391
von_neumann_entropy,0.8528571428571429,0.002707972064453239,0.8529963952866654,0.9998511142720237
von_neumann_entropy,0.8535714285714285,0.0026945978912996183,0.8536671566284774,0.9998530807474832
von_neumann_entropy,0.8542857142857143,0.002681289770713486,0.8543027825706894,0.9998550279793996
von_neumann_entropy,0.855,0.0026680473764734277,0.8550669294261322,0.9998569561100143
von_neumann_entropy,0.8557142857142858,0.0026548703839691778,0.8558179200032567,0.9998588652806321
von_neumann_entropy,0.8564285714285714,0.002641758470193662,0.8565560038152207,0.9998607556316262
von_neumann_entropy,0.8571428571428571,0.0026287113137350715,0.8572812953095024,0.9998626273024444
von_neumann_entropy,0.8578571428571429,0.0026157285947689983,0.8579936460966578,0.9998644804316136
von_neumann_entropy,0.8585714285714285,0.0026028099950505847,0.8586923344630047,0.999866315156749
von_neumann_entropy,0.8592857142857143,0.0025899551979067267,0.8593750982407844,0.9998681316145571
von_neumann_entropy,0.86,0.0025771638882283094,0.8600327116706605,0.9998699299408415
von_neumann_entropy,0.8607142857142858,0.002564435752462484,0.8607325493958846,0.9998717102705077
von_neumann_entropy,0.8614285714285714,0.002551770478604981,0.8614684470923413,0.999873472737572
von_neumann_entropy,0.8621428571428571,0.0025391677561924617,0.8621995618644036,0.9998752174751641
von_neumann_entropy,0.8628571428571429,0.0025266272762949097,0.8629265388991769,0.9998769446155308
von_neumann_entropy,0.8635714285714285,0.002514148731508056,0.8636499613982025,0.9998786542900469
von_neumann_entropy,0.8642857142857143,0.0025017318159458444,0.8643703269689202,0.9998803466292167
von_neumann_entropy,0.865,0.002489376225232933,0.8650880241585831,0.9998820217626797
von_neumann_entropy,0.8657142857142857,0.0024770816564972367,0.8658033121291314,0.9998836798192172
von_neumann_entropy,0.8664285714285714,0.0024648478083624903,0.8665163066793392,0.9998853209267592
von_neumann_entropy,0.8671428571428571,0.002452674380940885,0.8672269751917275,0.999886945212382
von_neumann_entropy,0.8678571428571429,0.0024405610758256855,0.8679351416428546,0.9998885528023248
von_neumann_entropy,0.8685714285714285,0.00242850759608395,0.8686405009719701,0.999890143821986
von_neumann_entropy,0.8692857142857143,0.002416513646249215,0.8693426404741222,0.9998917183959322
von_neumann_entropy,0.87,0.0024045789323142897,0.8700410649830946,0.9998932766479027
von_neumann_entropy,0.8707142857142857,0.002392703161724015,0.870735222599048,0.9998948187008153
von_neumann_entropy,0.8714285714285714,0.002380886043368116,0.8714464505230731,0.9998963446767704
von_neumann_entropy,0.8721428571428571,0.0023691272875740557,0.8722199134827597,0.999897854697056
von_neumann_entropy,0.8728571428571429,0.0023574266060999356,0.8729647632912922,0.9998993488821535
von_neumann_entropy,0.8735714285714286,0.002345783712127431,0.8736934354609012,0.9999008273517429
von_neumann_entropy,0.8742857142857143,0.0023341983202547606,0.8744087181797664,0.9999022902247067
von_neumann_entropy,0.875,0.0023226701464896886,0.8751116310068617,0.999903737619136
von_neumann_entropy,0.8757142857142857,0.002311198908242567,0.8758025710054248,0.9999051696523346
von_neumann_entropy,0.8764285714285714,0.0022997843243193978,0.8764816613387441,0.9999065864408244
von_neumann_entropy,0.8771428571428571,0.002288426114914961,0.8771488905626594,0.9999079881003496
von_neumann_entropy,0.8778571428571429,0.0022771240016059287,0.8779507575394974,0.9999093747458829
von_neumann_entropy,0.8785714285714286,0.0022658777073440686,0.8786910296885153,0.9999107464916289
von_neumann_entropy,0.8792857142857143,0.0022546869564494237,0.8793962618850202,0.9999121034510295
von_neumann_entropy,0.88,0.002243551474603584,0.8800761455682904,0.9999134457367692
von_neumann_entropy,0.8807142857142857,0.0022324709888429353,0.8807347796626444,0.9999147734607785
von_neumann_entropy,0.8814285714285715,0.002221445227551986,0.8815218408023824,0.9999160867342383
von_neumann_entropy,0.8821428571428571,0.002210473920456703,0.8822599350574546,0.9999173856675885
von_neumann_entropy,0.8828571428571429,0.0021995567986178854,0.8829482968542752,0.9999186703705284
von_neumann_entropy,0.8835714285714286,0.002188693594424574,0.883603183508525,0.9999199409520205
von_neumann_entropy,0.8842857142857142,0.0021778840415874923,0.8843781728409063,0.9999211975203004
von_neumann_entropy,0.885,0.002167127875132509,0.8851129259012588,0.9999224401828772
von_neumann_entropy,0.8857142857142857,0.002156424831394166,0.8857856488365401,0.9999236690465374
von_neumann_entropy,0.8864285714285715,0.002145774648009183,0.886462791793549,0.9999248842173543
von_neumann_entropy,0.8871428571428571,0.00213517706391006,0.8872559598079238,0.999926085800686
von_neumann_entropy,0.8878571428571429,0.002124631819318645,0.8879394278187934,0.9999272739011857
von_neumann_entropy,0.8885714285714286,0.0021141386557397986,0.8885806308716464,0.9999284486228014
von_neumann_entropy,0.8892857142857142,0.0021036973159550268,0.8893972797156422,0.9999296100687823
von_neumann_entropy,0.89,0.002093307544016198,0.8900728609102859,0.9999307583416865
von_neumann_entropy,0.8907142857142857,0.0020829690852392584,0.8907767826758933,0.9999318935433795
von_neumann_entropy,0.8914285714285715,0.0020726816861979937,0.8915349181414072,0.9999330157750407
von_neumann_entropy,0.8921428571428571,0.0020624450947178126,0.8921810992878898,0.9999341251371696
von_neumann_entropy,0.8928571428571429,0.002052259059869569,0.8929616194561898,0.9999352217295876
von_neumann_entropy,0.8935714285714286,0.002042123331963408,0.8936475266373345,0.9999363056514452
von_neumann_entropy,0.8942857142857142,0.0020320376625426505,0.8943592613609705,0.9999373770012212
von_neumann_entropy,0.895,0.0020220018043776897,0.8950947921956987,0.9999384358767331
von_neumann_entropy,0.8957142857142857,0.002012015511459954,0.8957316906823098,0.9999394823751346
von_neumann_entropy,0.8964285714285715,0.002002078538995848,0.8965302611027217,0.9999405165929278
von_neumann_entropy,0.8971428571428571,0.00199219064340078,0.8971541227043718,0.9999415386259594
von_neumann_entropy,0.8978571428571429,0.0019823515822931653,0.8979598278557983,0.9999425485694289
von_neumann_entropy,0.8985714285714286,0.0019725611144885092,0.8985839035637178,0.999943546517893
von_neumann_entropy,0.8992857142857142,0.001962818999993471,0.8993861093482896,0.9999445325652673
von_neumann_entropy,0.9,0.001953125,0.9,0.9999455068048319
von_neumann_entropy,0.9007142857142857,0.0019434788768794727,0.9008074489721082,0.9999464693292364
von_neumann_entropy,0.9014285714285715,0.0019338803941768682,0.901490983926849,0.9999474202305011
von_neumann_entropy,0.9021428571428571,0.0019243293166049749,0.9022187364688362,0.9999483596000228
von_neumann_entropy,0.9028571428571428,0.0019148254100386215,0.9029518578212652,0.9999492875285796
von_neumann_entropy,0.9035714285714286,0.0019053684415089316,0.9036132960009222,0.9999502041063316
von_neumann_entropy,0.9042857142857142,0.0018959581791976308,0.9043846280364629,0.9999511094228277
von_neumann_entropy,0.905,0.0018865943924313384,0.9050437492656489,0.9999520035670088
von_neumann_entropy,0.9057142857142857,0.0018772768516759405,0.9057842253399173,0.9999528866272118
von_neumann_entropy,0.9064285714285715,0.0018680053285309367,0.9065271799820589,0.9999537586911706
von_neumann_entropy,0.9071428571428571,0.001858779595723867,0.9071462149148758,0.9999546198460262
von_neumann_entropy,0.9078571428571428,0.0018495994271047172,0.907930693405078,0.9999554701783214
von_neumann_entropy,0.9085714285714286,0.0018404645976403925,0.9086688430273323,0.999956309774014
von_neumann_entropy,0.9092857142857143,0.001831374883409193,0.9093184555881149,0.9999571387184736
von_neumann_entropy,0.91,0.0018223300615953272,0.9100570966013043,0.9999579570964908
von_neumann_entropy,0.9107142857142857,0.0018133299104834489,0.910807015013603,0.9999587649922731
von_neumann_entropy,0.9114285714285715,0.0018043742094532237,0.9115137050452408,0.9999595624894582
von_neumann_entropy,0.9121428571428571,0.0017954627389739199,0.9121531365756816,0.999960349671109
von_neumann_entropy,0.9128571428571428,0.0017865952805990288,0.91291743683826,0.9999611266197246
von_neumann_entropy,0.9135714285714286,0.001777771616960903,0.9136601627647813,0.9999618934172367
von_neumann_entropy,0.9142857142857143,0.0017689915317654437,0.9143775571742463,0.9999626501450191
von_neumann_entropy,0.915,0.0017602548097867773,0.9150583318230192,0.9999633968838889
von_neumann_entropy,0.9157142857142857,0.0017515612368620022,0.9157338476638021,0.9999641337141087
von_neumann_entropy,0.9164285714285715,0.0017429105998859164,0.91648230474093,0.9999648607153908
von_neumann_entropy,0.9171428571428571,0.0017343026868058171,0.9172194687793584,0.9999655779669041
von_neumann_entropy,0.9178571428571428,0.0017257372866162795,0.9179459368179614,0.9999662855472728
von_neumann_entropy,0.9185714285714286,0.001717214189354002,0.918662269706567,0.9999669835345821
von_neumann_entropy,0.9192857142857143,0.0017087331860926513,0.919368912731775,0.9999676720063801
von_neumann_entropy,0.92,0.0017002940689377426,0.9200659567436003,0.999968351039686
von_neumann_entropy,0.9207142857142857,0.0016918966310215436,0.9207521246220391,0.999969020710985
von_neumann_entropy,0.9214285714285714,0.0016835406664980034,0.9214318890382878,0.9999696810962408
von_neumann_entropy,0.9221428571428572,0.0016752259705377064,0.922158181117625,0.9999703322708917
von_neumann_entropy,0.9228571428571428,0.0016669523393228523,0.9228805538664254,0.9999709743098577
von_neumann_entropy,0.9235714285714286,0.0016587195700422585,0.9235994587713263,0.999971607287544
von_neumann_entropy,0.9242857142857143,0.0016505274608863913,0.9243151931507546,0.9999722312778412
von_neumann_entropy,0.925,0.0016423758110424105,0.925027880993742,0.9999728463541327
von_neumann_entropy,0.9257142857142857,0.0016342644206892645,0.925737466811767,0.9999734525892947
von_neumann_entropy,0.9264285714285714,0.0016261930909927697,0.9264437241613532,0.9999740500557006
von_neumann_entropy,0.9271428571428572,0.0016181616241007543,0.9271462772767582,0.9999746388252231
von_neumann_entropy,0.9278571428571428,0.0016101698231382,0.9278930844406524,0.9999752189692408
von_neumann_entropy,0.9285714285714286,0.0016022174922024181,0.9286339146831132,0.9999757905586376
von_neumann_entropy,0.9292857142857143,0.0015943044363582466,0.9293637595838351,0.9999763536638063
von_neumann_entropy,0.93,0.0015864304616332726,0.9300840450639342,0.999976908354655
von_neumann_entropy,0.9307142857142857,0.0015785953750130767,0.9307948437529177,0.9999774547006041
von_neumann_entropy,0.9314285714285714,0.0015707989844365026,0.931495891106052,0.999977992770597
von_neumann_entropy,0.9321428571428572,0.001563041098790948,0.9321868224228291,0.9999785226330961
von_neumann_entropy,0.9328571428571428,0.0015553215279076802,0.9328672506332527,0.9999790443560912
von_neumann_entropy,0.9335714285714286,0.0015476400825571754,0.9336339590621273,0.9999795580070991
von_neumann_entropy,0.9342857142857143,0.0015399965744444793,0.9343673713857854,0.9999800636531692
von_neumann_entropy,0.935,0.0015323908162045907,0.9350703419469722,0.9999805613608821
von_neumann_entropy,0.9357142857142857,0.0015248226213978706,0.9357511396149645,0.9999810511963585
von_neumann_entropy,0.9364285714285714,0.0015172918045054716,0.9364689561490721,0.9999815332252595
von_neumann_entropy,0.9371428571428572,0.0015097981809247844,0.9372227547893914,0.9999820075127858
von_neumann_entropy,0.9378571428571428,0.001502341566964927,0.9379205123874508,0.9999824741236878
von_neumann_entropy,0.9385714285714286,0.0014949217798422222,0.9385857201124728,0.9999829331222628
von_neumann_entropy,0.9392857142857143,0.0014875386376757384,0.9393602101884106,0.9999833845723602
von_neumann_entropy,0.94,0.0014801919594828108,0.9400666737332808,0.9999838285373827
von_neumann_entropy,0.9407142857142857,0.0014728815651746194,0.9407264024052061,0.9999842650802948
von_neumann_entropy,0.9414285714285714,0.001465607275551769,0.9415053758242437,0.9999846942636162
von_neumann_entropy,0.9421428571428572,0.0014583689122998965,0.9421957175760222,0.9999851161494323
von_neumann_entropy,0.9428571428571428,0.001451166297985301,0.9429055937782511,0.999985530799395
von_neumann_entropy,0.9435714285714286,0.001443999256050593,0.9436421858922455,0.9999859382747222
von_neumann_entropy,0.9442857142857143,0.001436867610810368,0.9442941674219586,0.9999863386362048
von_neumann_entropy,0.945,0.0014297711874469005,0.9450753438422452,0.9999867319442088
von_neumann_entropy,0.9457142857142857,0.001422709812005852,0.945736652846195,0.9999871182586759
von_neumann_entropy,0.9464285714285714,0.001415683311392021,0.9465037007575485,0.9999874976391274
von_neumann_entropy,0.9471428571428572,0.0014086915133650815,0.947165962126436,0.9999878701446676
von_neumann_entropy,0.9478571428571428,0.0014017342465353806,0.9479312278575704,0.9999882358339848
von_neumann_entropy,0.9485714285714286,0.0013948113403597173,0.9485825961152351,0.9999885947653567
von_neumann_entropy,0.9492857142857143,0.0013879226251371814,0.9493550326902627,0.9999889469966483
von_neumann_entropy,0.95,0.0013810679320049757,0.950039442988194,0.9999892925853203
von_neumann_entropy,0.9507142857142857,0.0013742470929342904,0.9507673432134556,0.9999896315884289
von_neumann_entropy,0.9514285714285714,0.001367459940726177,0.9514990395239646,0.9999899640626257
von_neumann_entropy,0.9521428571428572,0.0013607063090074524,0.9521592695766821,0.9999902900641665
von_neumann_entropy,0.9528571428571428,0.0013539860322266193,0.9529205644649903,0.9999906096489062
von_neumann_entropy,0.9535714285714286,0.0013472989456498091,0.9536367383956932,0.9999909228723105
von_neumann_entropy,0.9542857142857143,0.0013406448853567428,0.954302369324644,0.9999912297894497
von_neumann_entropy,0.955,0.001334023688236715,0.9550578471917468,0.9999915304550058
von_neumann_entropy,0.9557142857142857,0.0013274351919845889,0.9557843998960248,0.999991824923276
von_neumann_entropy,0.9564285714285714,0.001320879235096831,0.9564645099281279,0.9999921132481709
von_neumann_entropy,0.9571428571428572,0.0013143556568675344,0.9571723252314357,0.9999923954832205
von_neumann_entropy,0.9578571428571429,0.001307864297384499,0.9579144784168333,0.9999926716815757
von_neumann_entropy,0.9585714285714285,0.0013014049975252921,0.9586402382729471,0.9999929418960111
von_neumann_entropy,0.9592857142857143,0.0012949775989533631,0.959347368879984,0.9999932061789248
von_neumann_entropy,0.96,0.0012885819441141545,0.9600266705339188,0.9999934645823465
von_neumann_entropy,0.9607142857142857,0.0012822178762312419,0.9607320488413521,0.9999937171579326
von_neumann_entropy,0.9614285714285714,0.0012758852393024904,0.9614656770872937,0.9999939639569764
von_neumann_entropy,0.9621428571428572,0.0012695838780962308,0.9621931244582752,0.9999942050304027
von_neumann_entropy,0.9628571428571429,0.0012633136381474549,0.9629156138082504,0.9999944404287756
von_neumann_entropy,0.9635714285714285,0.001257074365754029,0.9636343991442317,0.9999946702022979
von_neumann_entropy,0.9642857142857143,0.001250865907972922,0.9643506945312069,0.999994894400819
von_neumann_entropy,0.965,0.0012446881126164675,0.9650655591246344,0.9999951130738267
von_neumann_entropy,0.9657142857142857,0.0012385408282486173,0.9657797497410439,0.9999953262704585
von_neumann_entropy,0.9664285714285714,0.001232423904181246,0.9664935843066171,0.9999955340395024
von_neumann_entropy,0.9671428571428572,0.0012263371904704414,0.9672068783237293,0.9999957364293953
von_neumann_entropy,0.9678571428571429,0.0012202805379128438,0.9679189905431802,0.9999959334882307
von_neumann_entropy,0.9685714285714285,0.0012142537980419747,0.9686289547888947,0.999996125263755
von_neumann_entropy,0.9692857142857143,0.0012082568231246086,0.9693356363882868,0.9999963118033748
von_neumann_entropy,0.97,0.0012022894661571448,0.9700378613239329,0.9999964931541548
von_neumann_entropy,0.9707142857142858,0.0011963515808620074,0.9707344991467821,0.9999966693628253
von_neumann_entropy,0.9714285714285714,0.001190443021684058,0.9714436643445339,0.9999968404757791
von_neumann_entropy,0.9721428571428572,0.0011845636437870276,0.9721970850183854,0.9999970065390755
von_neumann_entropy,0.9728571428571429,0.0011787133030499676,0.9729196513899296,0.9999971675984465
von_neumann_entropy,0.9735714285714285,0.0011728918560637166,0.9736238215975295,0.9999973236992915
von_neumann_entropy,0.9742857142857143,0.0011670991601273803,0.9743124062866702,0.9999974748866844
von_neumann_entropy,0.975,0.0011613350732448454,0.9750333200237893,0.9999976212053749
von_neumann_entropy,0.9757142857142858,0.0011555994541212825,0.9757755578554257,0.9999977626997911
von_neumann_entropy,0.9764285714285714,0.0011498921621596997,0.9764753273836682,0.9999978994140376
von_neumann_entropy,0.9771428571428571,0.0011442130574574804,0.9771488333364026,0.9999980313919051
von_neumann_entropy,0.9778571428571429,0.0011385620008029652,0.9779165012099977,0.9999981586768663
von_neumann_entropy,0.9785714285714285,0.001132938853672034,0.9786162365823884,0.9999982813120771
von_neumann_entropy,0.9792857142857143,0.0011273434782247127,0.979307050016344,0.9999983993403859
von_neumann_entropy,0.98,0.001121775737301792,0.9800583489465389,0.9999985128043292
von_neumann_entropy,0.9807142857142858,0.0011162354944214677,0.9807340315730105,0.9999986217461334
von_neumann_entropy,0.9814285714285714,0.001110722613775993,0.9814868760422218,0.999998726207723
von_neumann_entropy,0.9821428571428571,0.0011052369602283525,0.9821733562620973,0.9999988262307141
von_neumann_entropy,0.9828571428571429,0.0010997783993089427,0.9829134296353643,0.9999989218564245
von_neumann_entropy,0.9835714285714285,0.0010943467972122879,0.9836011768229384,0.9999990131258691
von_neumann_entropy,0.9842857142857143,0.001088942020793745,0.9843430503497729,0.9999991000797672
von_neumann_entropy,0.985,0.0010835639375662554,0.9850175209448675,0.9999991827585415
von_neumann_entropy,0.9857142857142858,0.0010782124156970818,0.9857698137500709,0.9999992612023174
von_neumann_entropy,0.9864285714285714,0.0010728873240045923,0.9864558903907765,0.9999993354509316
von_neumann_entropy,0.9871428571428571,0.00106758853195503,0.9871822463989146,0.9999994055439296
von_neumann_entropy,0.9878571428571429,0.0010623159096593234,0.9879133525713811,0.9999994715205667
von_neumann_entropy,0.9885714285714285,0.0010570693278698993,0.9885793892881388,0.9999995334198134
von_neumann_entropy,0.9892857142857143,0.0010518486579775134,0.9893229022235055,0.9999995912803563
von_neumann_entropy,0.99,0.0010466537720080988,0.9900548952715853,0.9999996451405959
von_neumann_entropy,0.9907142857142857,0.0010414845426196292,0.9907592987673777,0.9999996950386552
von_neumann_entropy,0.9914285714285714,0.0010363408430989968,0.9914381754161503,0.9999997410123743
von_neumann_entropy,0.9921428571428571,0.0010312225473589072,0.9921777666283986,0.9999997830993209
von_neumann_entropy,0.9928571428571429,0.0010261295299347844,0.9929066356718377,0.9999998213367822
von_neumann_entropy,0.9935714285714285,0.0010210616659817049,0.993625615395818,0.9999998557617744
von_neumann_entropy,0.9942857142857143,0.0010160188312713242,0.9943355143580686,0.999999886411042
von_neumann_entropy,0.995,0.0010110009021888457,0.9950369137109153,0.9999999133210583
von_neumann_entropy,0.9957142857142857,0.001006007755729977,0.9957288616018701,0.9999999365280277
von_neumann_entropy,0.9964285714285714,0.0010010392694979246,0.9964339801986146,0.9999999560678898
von_neumann_entropy,0.9971428571428571,0.00099609532170039,0.997153883030394,0.9999999719763182
von_neumann_entropy,0.9978571428571429,0.0009911757911465835,0.9978703476033741,0.9999999842887235
von_neumann_entropy,0.9985714285714286,0.0009862805572442544,0.9985836036850083,0.9999999930402558
von_neumann_entropy,0.9992857142857143,0.0009814094999967353,0.9992935964479569,0.9999999982658035
von_neumann_entropy,1.0,0.0009765625,1.0,1.0
linear_entropy,0.0,1.0,0.0,0.0
linear_entropy,0.0007142857142857143,0.9950611849622899,0.009838454152850363,0.009862846023519566
linear_entropy,0.0014285714285714286,0.9901467618185567,0.019531377368277394,0.019628463578167898
linear_entropy,0.002142857142857143,0.9852566101017473,0.029080443575801175,0.02929781091379033
linear_entropy,0.002857142857142857,0.9803906099397734,0.03848730902610576,0.03887183683720754
linear_entropy,0.0035714285714285713,0.9755486420525732,0.04775361247108602,0.04835148080527293
linear_entropy,0.004285714285714286,0.9707305877491863,0.05688097534209369,0.057737673016992765
linear_entropy,0.005,0.9659363289248456,0.0658710019263949,0.06703133450476857
linear_entropy,0.005714285714285714,0.9611657480580811,0.07472527954186367,0.07623337722470241
linear_entropy,0.0064285714285714285,0.95641872820784,0.08344537870992207,0.08534470414606261
linear_entropy,0.007142857142857143,0.9516951530106196,0.09203285332675286,0.09436620933980557
linear_entropy,0.007857142857142858,0.946994906677615,0.10048924083279134,0.10329877806627778
linear_entropy,0.008571428571428572,0.9423178739918807,0.10881606238052405,0.11214328686204285
linear_entropy,0.009285714285714286,0.9376639403055067,0.11701482300060234,0.12090060362581498
linear_entropy,0.01,0.9330329915368074,0.12508701176629458,0.1295715877036098
linear_entropy,0.010714285714285714,0.9284249141675258,0.1330341019562879,0.13815708997298992
linear_entropy,0.011428571428571429,0.9238395952400507,0.1408575512158593,0.14665795292653988
linear_entropy,0.012142857142857143,0.9192769223546471,0.1485588017164316,0.15507501075446864
linear_entropy,0.012857142857142857,0.9147367836667022,0.15613928031352936,0.1634090894264302
linear_entropy,0.013571428571428571,0.9102190678839825,0.1636003987031515,0.17166100677253582
linear_entropy,0.014285714285714285,0.9057236642639067,0.17094355357657712,0.17983157256353652
linear_entropy,0.015,0.9012504626108302,0.1781701267736168,0.18792158859027278
linear_entropy,0.015714285714285715,0.8967993532733447,0.18528148543433023,0.1959318487422769
linear_entropy,0.016428571428571428,0.8923702271415896,0.1922789821492199,0.20386313908563852
linear_entropy,0.017142857142857144,0.887962975644578,0.19916395510791918,0.2117162379401201
linear_entropy,0.017857142857142856,0.8835774907475349,0.20593772824639028,0.21949191595545622
linear_entropy,0.018571428571428572,0.8792136649492488,0.21260161139264333,0.2271909361869425
linear_entropy,0.019285714285714285,0.8748713912794374,0.21915690041099567,0.23481405417029363
linear_entropy,0.02,0.8705505632961241,0.22560487734488238,0.24236201799570659
linear_entropy,0.020714285714285713,0.8662510750830303,0.23194681055823482,0.2498355683812443
linear_entropy,0.02142857142857143,0.8619728212469777,0.23818395487544006,0.25723543874549226
linear_entropy,0.02214285714285714,0.8577156969153058,0.2443175517198957,0.2645623552794591
linear_entropy,0.022857142857142857,0.8534795977333005,0.25034882925117374,0.271817037017826
linear_entropy,0.023571428571428573,0.8492644198616366,0.2562790025008086,0.279000195909432
linear_entropy,0.024285714285714285,0.8450700599738319,0.26210927350672103,0.286112536887141
linear_entropy,0.025,0.8408964152537145,0.26784083144629334,0.29315475793692836
linear_entropy,0.025714285714285714,0.836743383392903,0.2734748527681071,0.30012755016637105
linear_entropy,0.02642857142857143,0.8326108625882978,0.2790125013223597,0.3070315978724101
linear_entropy,0.027142857142857142,0.828498751539586,0.28445492848997017,0.31386757860846753
linear_entropy,0.027857142857142858,0.8244069494467583,0.2898032733103891,0.32063616325090516
linear_entropy,0.02857142857142857,0.820335356007638,0.295058662608123,0.3273380160647944
linear_entropy,0.029285714285714286,0.8162838714154221,0.3002222111179903,0.33397379476908556
linear_entropy,0.03,0.8122523963562355,0.3052950216091169,0.34054415060111914
linear_entropy,0.030714285714285715,0.8082408320066953,0.31027818500768717,0.3470497283804688
linear_entropy,0.03142857142857143,0.8042490800314893,0.3151727805184599,0.3534911665722048
linear_entropy,0.03214285714285714,0.8002770425809654,0.31997987574506537,0.3598690973494997
linear_entropy,0.032857142857142856,0.7963246222887324,0.32470052680909217,0.36618414665563515
linear_entropy,0.03357142857142857,0.792391722269274,0.3293357784679755,0.37243693426538765
linear_entropy,0.03428571428571429,0.7884782461155736,0.3338866642317039,0.37862807384581476
linear_entropy,0.035,0.7845840978967507,0.33835420647834924,0.3847581730164324
linear_entropy,0.03571428571428571,0.7807091821557101,0.34273941656843737,0.3908278334088192
linear_entropy,0.03642857142857143,0.7768534039068011,0.3470432949581678,0.39683765072561916
linear_entropy,0.037142857142857144,0.77301666863349,0.35126683131149483,0.40278821479896065
linear_entropy,0.03785714285714286,0.7691988822860424,0.3554110046110816,0.4086801096483012
linear_entropy,0.03857142857142857,0.7653999512792183,0.3594767832681374,0.4145139135377176
linear_entropy,0.039285714285714285,0.761619782489978,0.36346512523115176,0.4202901990326139
linear_entropy,0.04,0.7578582832551991,0.3673769780935326,0.42600953305586586
linear_entropy,0.04071428571428572,0.7541153613694052,0.37121327920016206,0.4316724769434425
linear_entropy,0.041428571428571426,0.7503909250825058,0.37497495575288126,0.4372795864994426
linear_entropy,0.04214285714285714,0.7466848830975471,0.37866292491491127,0.44283141205061816
linear_entropy,0.04285714285714286,0.7429971445684742,0.3822780939142243,0.44832849850033796
linear_entropy,0.04357142857142857,0.7393276190979038,0.38582136014587487,0.4537713853820357
linear_entropy,0.04428571428571428,0.7356762167349088,0.38929361127329976,0.45916060691211985
linear_entropy,0.045,0.7320428479728127,0.39269572532859853,0.46449669204238125
linear_entropy,0.045714285714285714,0.7284274237469965,0.3960285708118035,0.46978016451185384
linear_entropy,0.04642857142857143,0.7248298554327144,0.3992930067891521,0.475011542898197
linear_entropy,0.047142857142857146,0.7212500548429222,0.4024898829903657,0.48019134066854235
linear_entropy,0.047857142857142855,0.7176879342261148,0.40562003990495316,0.4853200662298621
linear_entropy,0.04857142857142857,0.7141434062641757,0.40868430887754065,0.4903982229788269
linear_entropy,0.04928571428571429,0.7106163840702368,0.411683512202242,0.49542630935118237
linear_entropy,0.05,0.7071067811865475,0.4146184632160796,0.500404818870637
linear_entropy,0.05071428571428571,0.7036145115823567,0.41748996639146085,0.5053342401972565
linear_entropy,0.05142857142857143,0.7001394896518027,0.4202988174277262,0.5102150571753887
linear_entropy,0.052142857142857144,0.6966816302118157,0.4230458033417711,0.5150477488811377
linear_entropy,0.05285714285714286,0.6932408485000292,0.4257317025577566,0.5198327896693292
linear_entropy,0.05357142857142857,0.6898170601727025,0.42835728499591413,0.5245706492200419
linear_entropy,0.054285714285714284,0.6864101813026526,0.43092331216045604,0.5292617925846792
linear_entropy,0.055,0.6830201283771977,0.43343053722659847,0.5339066802315712
linear_entropy,0.055714285714285716,0.6796468182961098,0.4358797051267068,0.5385057680911415
linear_entropy,0.056428571428571425,0.6762901683695772,0.43827155263557294,0.5430595076006239
linear_entropy,0.05714285714285714,0.6729500963161781,0.44060680845483113,0.547568345748335
linear_entropy,0.05785714285714286,0.6696265202608633,0.442886193296523,0.5520327251175269
linear_entropy,0.05857142857142857,0.6663193587329495,0.44511041996581885,0.5564530839297709
linear_entropy,0.05928571428571429,0.6630285306641218,0.44728019344290404,0.5608298560879704
linear_entropy,0.06,0.6597539553864471,0.44939621096403976,0.5651634712188897
linear_entropy,0.060714285714285714,0.6564955526303958,0.4514591621018041,0.5694543547153036
linear_entropy,0.06142857142857143,0.6532532425228751,0.4534697288445244,0.5737029277777199
linear_entropy,0.062142857142857146,0.6500269455852703,0.45542858567490685,0.5779096074556929
linear_entropy,0.06285714285714286,0.646816582731497,0.45733639964787215,0.5820748066887176
linear_entropy,0.06357142857142857,0.6436220752660625,0.459193830467605,0.5861989343467399
linear_entropy,0.06428571428571428,0.6404433448821363,0.4610015305638259,0.5902823952702554
linear_entropy,0.065,0.6372803136596311,0.4627601451672916,0.5943255903100206
linear_entropy,0.06571428571428571,0.6341329040632924,0.46447031238453323,0.5983289163663617
linear_entropy,0.06642857142857143,0.6310010389407977,0.4661326632718396,0.6022927664281025
linear_entropy,0.06714285714285714,0.6278846415208663,0.46774782190849157,0.6062175296111176
linear_entropy,0.06785714285714285,0.6247836354113758,0.4693164054692578,0.610103591196489
linear_entropy,0.06857142857142857,0.621697944597491,0.47083902429615626,0.613951332668298
linear_entropy,0.06928571428571428,0.6186274934397995,0.4723162819694915,0.6177611317510406
linear_entropy,0.07,0.615572206672458,0.47374877537817256,0.6215333624466828
linear_entropy,0.07071428571428572,0.6125320094013479,0.47513709478932015,0.6252683950713237
linear_entropy,0.07142857142857142,0.6095068271022377,0.4764818239171704,0.6289665962915396
linear_entropy,0.07214285714285715,0.6064965856189583,0.47778353999128054,0.6326283291603353
linear_entropy,0.07285714285714286,0.6035012111615835,0.4790428138240456,0.636253953152749
linear_entropy,0.07357142857142857,0.6005206303046225,0.4802602098775314,0.6398438242011248
linear_entropy,0.07428571428571429,0.597554769985219,0.48143628632963087,0.643398294730006
linear_entropy,0.075,0.5946035575013605,0.48257159513955206,0.6469177136907145
linear_entropy,0.07571428571428572,0.591666920510097,0.4836666821126418,0.6504024265955753
linear_entropy,0.07642857142857143,0.588744787025766,0.4847220869645542,0.6538527755517953
linear_entropy,0.07714285714285714,0.5858370854182299,0.4857383433847687,0.6572690992950325
linear_entropy,0.07785714285714286,0.5829437444111181,0.4867159790994656,0.6606517332226088
linear_entropy,0.07857142857142857,0.5800646930800815,0.4876555159337638,0.6640010094264105
linear_entropy,0.07928571428571428,0.5771998608510528,0.4885574698733293,0.6673172567254628
linear_entropy,0.08,0.5743491774985175,0.48942235112535876,0.6706008006981806
linear_entropy,0.08071428571428571,0.5715125731437914,0.4902506641789451,0.6738519637143036
linear_entropy,0.08142857142857143,0.5686899782533085,0.4910429078648318,0.6770710649665059
linear_entropy,0.08214285714285714,0.565881323636916,0.49179957541456165,0.6802584205017183
linear_entropy,0.08285714285714285,0.5630865404461788,0.4925211545190253,0.6834143432521197
linear_entropy,0.08357142857142857,0.5603055601726911,0.49320812738641673,0.6865391430658316
linear_entropy,0.08428571428571428,0.5575383146463977,0.4938609707996008,0.6896331267373058
linear_entropy,0.085,0.5547847360339224,0.49448015617289953,0.6926965980374243
linear_entropy,0.08571428571428572,0.5520447568369061,0.49506614960830153,0.6957298577432859
linear_entropy,0.08642857142857142,0.5493183098903511,0.49561941195110204,0.6987332036677166
linear_entropy,0.08714285714285715,0.5466053283609751,0.4961403988449784,0.7017069306884693
linear_entropy,0.08785714285714286,0.5439057457455735,0.4966295607865057,0.7046513307771582
linear_entropy,0.08857142857142856,0.5412194958693884,0.4970873431791203,0.7075666930278938
linear_entropy,0.08928571428571429,0.5385465128844867,0.49751418638653533,0.7104533036856289
linear_entropy,0.09,0.5358867312681466,0.4979105257856132,0.7133114461742527
linear_entropy,0.09071428571428572,0.5332400858212502,0.49827679181870227,0.7161414011243745
linear_entropy,0.09142857142857143,0.5306065116666864,0.49861341004544146,0.718943446400861
linear_entropy,0.09214285714285714,0.5279859442477601,0.49892080119403864,0.721717857130083
linear_entropy,0.09285714285714286,0.5253783193266097,0.49919938121202806,0.7244649057269065
linear_entropy,0.09357142857142857,0.5227835729826327,0.4994495613165133,0.7271848619214081
linear_entropy,0.09428571428571429,0.5202016416109182,0.4996717480438972,0.7298779927853406
linear_entropy,0.095,0.5176324619206888,0.49986634329910895,0.7325445627583184
linear_entropy,0.09571428571428571,0.515075970933748,0.5000337444043293,0.7351848336737624
linear_entropy,0.09642857142857143,0.5125321059829373,0.5001743441472212,0.7377990647845828
linear_entropy,0.09714285714285714,0.5100008047105996,0.5002885308286683,0.7403875127886012
linear_entropy,0.09785714285714285,0.5074820050670507,0.500376688310031,0.7429504318537413
linear_entropy,0.09857142857142857,0.5049756453090583,0.5004391960599192,0.7454880736429504
linear_entropy,0.09928571428571428,0.5024816639983285,0.50047642920049,0.7480006873388823
linear_entropy,0.1,0.49999999999999994,0.5004887585532747,0.7504885196683515
linear_entropy,0.10071428571428571,0.49753059248114495,0.5053957777609648,0.7529518149265219
linear_entropy,0.10142857142857142,0.4950733809092783,0.5102058566343225,0.7553908150008745
linear_entropy,0.10214285714285715,0.49262830505087357,0.5149201903280823,0.7578057593949344
linear_entropy,0.10285714285714286,0.4901953049698867,0.5195399610356243,0.7601968852517614
linear_entropy,0.10357142857142858,0.48777432102628654,0.5240663381225399,0.7625644273772116
linear_entropy,0.10428571428571429,0.48536529387459315,0.5285004782588512,0.7649086182629696
linear_entropy,0.105,0.4829681644624228,0.5328435255498998,0.7672296881093541
linear_entropy,0.10571428571428572,0.48058287402904054,0.5370966116659163,0.7695278648478964
linear_entropy,0.10642857142857143,0.47820936410392,0.5412608559702853,0.7718033741636983
linear_entropy,0.10714285714285714,0.47584757650530984,0.5453373656465184,0.7740564395175721
linear_entropy,0.10785714285714286,0.4734974533388075,0.5493272358239473,0.7762872821679576
linear_entropy,0.10857142857142857,0.4711589369959404,0.5532315497021504,0.7784961211926239
linear_entropy,0.10928571428571429,0.46883197015275335,0.5570513786741266,0.7806831735101623
linear_entropy,0.11,0.4665164957684037,0.5607877824482257,0.7828486539012625
linear_entropy,0.11071428571428571,0.46421245708376296,0.5644418091688516,0.7849927750297792
linear_entropy,0.11142857142857143,0.4619197976200253,0.5680144955359473,0.7871157474635935
linear_entropy,0.11214285714285714,0.45963846117732354,0.5715068669232761,0.7892177796952701
linear_entropy,0.11285714285714285,0.4573683918333511,0.5749199374955102,0.7912990781625021
linear_entropy,0.11357142857142857,0.4551095339419913,0.578254710324137,0.79335984726837
linear_entropy,0.11428571428571428,0.45286183213195336,0.5815121775021984,0.7954002894013827
linear_entropy,0.115,0.45062523130541515,0.5846933202578715,0.7974206049553373
linear_entropy,0.11571428571428571,0.4483996766366724,0.5877991090669035,0.7994209923489718
linear_entropy,0.11642857142857142,0.4461851135707948,0.5908305037639128,0.8014016480454293
linear_entropy,0.11714285714285715,0.443981487822289,0.5937884536525659,0.8033627665715322
linear_entropy,0.11785714285714285,0.44178874537376744,0.596673897614644,0.8053045405368593
linear_entropy,0.11857142857142858,0.4396068324746244,0.5994877642180069,0.8072271606526433
linear_entropy,0.11928571428571429,0.4374356956397186,0.6022309718234685,0.8091308157504767
linear_entropy,0.12,0.43527528164806206,0.6049044286905929,0.8110156928008346
linear_entropy,0.12071428571428572,0.4331255375415151,0.6075090330824215,0.8128819769314147
linear_entropy,0.12142857142857143,0.43098641062348886,0.6100456733691437,0.8147298514453009
linear_entropy,0.12214285714285714,0.4288578484576529,0.6125152281307199,0.8165594978389377
linear_entropy,0.12285714285714286,0.42673979886665026,0.6149185662584681,0.8183710958199402
linear_entropy,0.12357142857142857,0.4246322099308183,0.6172565470556239,0.8201648233247195
linear_entropy,0.12428571428571429,0.4225350299869159,0.6195300203368854,0.8219408565359364
linear_entropy,0.125,0.42044820762685725,0.6217398265269506,0.8236993698997861
linear_entropy,0.12571428571428572,0.4183716916964515,0.623886796758061,0.8254405361431096
linear_entropy,0.12642857142857142,0.41630543129414893,0.6259717529665579,0.8271645262903359
linear_entropy,0.12714285714285714,0.414249375769793,0.6279955079884629,0.828871509680261
linear_entropy,0.12785714285714286,0.4122034747233791,0.6299588656540921,0.8305616539826595
linear_entropy,0.12857142857142856,0.41016767800381904,0.6318626208817135,0.8322351252147273
linear_entropy,0.12928571428571428,0.4081419357077111,0.6337075597702583,0.833892087757376
linear_entropy,0.13,0.40612619817811774,0.6354944596910924,0.8355327043713492
linear_entropy,0.13071428571428573,0.40412041600334764,0.6372240893788621,0.837157136213195
linear_entropy,0.13142857142857142,0.4021245400157447,0.6388972090214181,0.8387655428510691
linear_entropy,0.13214285714285715,0.4001385212904827,0.6405145703488326,0.8403580822803954
linear_entropy,0.13285714285714287,0.3981623111443662,0.6420769167215122,0.8419349109393581
linear_entropy,0.13357142857142856,0.396195861134637,0.6435849832174219,0.8434961837242522
linear_entropy,0.13428571428571429,0.39423912305778674,0.6450394967184246,0.8450420540046744
linear_entropy,0.135,0.3922920489483754,0.6464411759957476,0.846572673638572
linear_entropy,0.1357142857142857,0.3903545910778551,0.6477907317945817,0.84808819298714
linear_entropy,0.13642857142857143,0.38842670195340057,0.6490888669178264,0.8495887609295667
linear_entropy,0.13714285714285715,0.386508334316745,0.6503362763089846,0.8510745248776436
linear_entropy,0.13785714285714284,0.38459944114302125,0.6515336471342189,0.8525456307902235
linear_entropy,0.13857142857142857,0.38269997563960917,0.6526816588635759,0.8540022231875406
linear_entropy,0.1392857142857143,0.380809891244989,0.653780983351388,0.8554444451653849
linear_entropy,0.14,0.3789291416275995,0.65483228491586,0.856872438409143
linear_entropy,0.1407142857142857,0.3770576806847026,0.6558362204178493,0.8582863432076961
linear_entropy,0.14142857142857143,0.37519546254125286,0.6567934393388477,0.8596862984671816
linear_entropy,0.14214285714285715,0.37334244154877355,0.6577045838581718,0.8610724417246213
linear_entropy,0.14285714285714285,0.3714985722842371,0.6585702889293717,0.8624449091614134
linear_entropy,0.14357142857142857,0.3696638095489519,0.6593911823558644,0.8638038356166882
linear_entropy,0.1442857142857143,0.36783810836745434,0.6601678848657991,0.8651493546005433
linear_entropy,0.145,0.3660214239864064,0.6609010101861655,0.8664815983071344
linear_entropy,0.1457142857142857,0.36421371187349827,0.6615911651161471,0.8678006976276482
linear_entropy,0.14642857142857144,0.3624149277163572,0.6622389495997328,0.8691067821631393
linear_entropy,0.14714285714285713,0.36062502742146113,0.6628449567975896,0.870399980237248
linear_entropy,0.14785714285714285,0.3588439671130574,0.6634097731582073,0.8716804189087842
linear_entropy,0.14857142857142858,0.35707170313208786,0.6639339784883197,0.8729482239841988
linear_entropy,0.1492857142857143,0.3553081920351184,0.6644181460226114,0.8742035200299185
linear_entropy,0.15,0.3535533905932738,0.6648628424927169,0.8754464303845709
linear_entropy,0.15071428571428572,0.35180725579117833,0.665268628195518,0.876677077171085
linear_entropy,0.15142857142857144,0.3500697448259013,0.6656360570607487,0.8778955813086663
linear_entropy,0.15214285714285714,0.3483408151059079,0.6659656767179115,0.8791020625246654
linear_entropy,0.15285714285714286,0.34662042425001466,0.6662580285625158,0.8802966393663197
linear_entropy,0.15357142857142858,0.3449085300863512,0.666513647821641,0.8814794292123859
linear_entropy,0.15428571428571428,0.3432050906513263,0.6667330636188349,0.8826505482846535
linear_entropy,0.155,0.3415100641885989,0.6669167990383509,0.8838101116593479
linear_entropy,0.15571428571428572,0.3398234091480549,0.6670653711887332,0.8849582332784196
linear_entropy,0.15642857142857142,0.33814508418478867,0.6671792912657544,0.886095025960722
linear_entropy,0.15714285714285714,0.3364750481580891,0.667259064614714,0.8872206014130798
linear_entropy,0.15785714285714286,0.33481326013043167,0.667305190792101,0.8883350702412485
linear_entropy,0.15857142857142856,0.3331596793664747,0.6676656299487282,0.8894385419607638
linear_entropy,0.15928571428571428,0.331514265332061,0.6709202901643558,0.8905311250076892
linear_entropy,0.16,0.3298769776932236,0.6740943164460594,0.8916129267492502
linear_entropy,0.16071428571428573,0.3282477763151979,0.677188743152706,0.8926840534943702
linear_entropy,0.16142857142857142,0.32662662126143754,0.6802045932667866,0.8937446105040989
linear_entropy,0.16214285714285714,0.3250134727926351,0.6831428785123603,0.8947947020019409
linear_entropy,0.16285714285714287,0.32340829136574845,0.6860045994718084,0.8958344311840787
linear_entropy,0.16357142857142856,0.3218110376330312,0.6887907457014075,0.8968639002294977
linear_entropy,0.16428571428571428,0.32022167244106814,0.6915022958457389,0.8978832103100116
linear_entropy,0.165,0.3186401568298155,0.6941402177509374,0.8988924616001877
linear_entropy,0.1657142857142857,0.3170664520316462,0.6967054685767998,0.8998917532871745
linear_entropy,0.16642857142857143,0.31550051947039887,0.6991989949077594,0.9008811835804326
linear_entropy,0.16714285714285715,0.3139423207604331,0.7016217328627373,0.9018608497213715
linear_entropy,0.16785714285714284,0.31239181770568797,0.7039746082038866,0.902830847992887
linear_entropy,0.16857142857142857,0.3108489722987455,0.7062585364442344,0.9037912737288113
linear_entropy,0.1692857142857143,0.3093137467198997,0.7084744229542373,0.9047422213232625
linear_entropy,0.17,0.307786103336229,0.7106231630672588,0.9056837842399086
linear_entropy,0.1707142857142857,0.30626600470067394,0.7127056421839802,0.9066160550211345
linear_entropy,0.17142857142857143,0.30475341355111885,0.7147227358757555,0.9075391252971239
linear_entropy,0.17214285714285715,0.30324829280947907,0.7166753099869209,0.9084530857948475
linear_entropy,0.17285714285714285,0.30175060558079175,0.7185642207360685,0.9093580263469652
linear_entropy,0.17357142857142857,0.3002603151523112,0.7203903148162971,0.9102540359006396
linear_entropy,0.1742857142857143,0.2987773849926094,0.7221544294944463,0.9111412025262623
linear_entropy,0.175,0.2973017787506803,0.7238573927093279,0.9120196134260955
linear_entropy,0.1757142857142857,0.2958334602550485,0.7255000231689626,0.9128893549428264
linear_entropy,0.17642857142857143,0.294372393512883,0.7270831304468314,0.9137505125680403
linear_entropy,0.17714285714285713,0.29291854270911494,0.7286075150771529,0.9146031709506061
linear_entropy,0.17785714285714285,0.29147187220555903,0.7300739686491984,0.9154474139049844
linear_entropy,0.17857142857142858,0.2900323465400407,0.7314832739006457,0.9162833244194473
linear_entropy,0.1792857142857143,0.2885999304255264,0.732836204809994,0.9171109846642246
linear_entropy,0.18,0.2871745887492588,0.7341335266880382,0.9179304759995623
linear_entropy,0.18071428571428572,0.2857562865718957,0.7353759962684175,0.918741878983708
linear_entropy,0.18142857142857144,0.28434498912665424,0.7365643617972477,0.9195452733808129
linear_entropy,0.18214285714285713,0.28294066181845806,0.7376993631218424,0.9203407381687586
linear_entropy,0.18285714285714286,0.2815432702230894,0.7387817317785379,0.9211283515469071
linear_entropy,0.18357142857142858,0.28015278008634553,0.739812191079625,0.9219081909437711
linear_entropy,0.18428571428571427,0.27876915732319885,0.7407914561994012,0.9226803330246132
linear_entropy,0.185,0.27739236801696127,0.7417202342593492,0.9234448536989668
linear_entropy,0.18571428571428572,0.27602237841845306,0.7425992244124522,0.9242018281280849
linear_entropy,0.18642857142857142,0.27465915494517557,0.7434291179266531,0.9249513307323126
linear_entropy,0.18714285714285714,0.2733026641804876,0.7442105982674676,0.925693435198393
linear_entropy,0.18785714285714286,0.27195287287278674,0.7449443411797586,0.9264282144866927
linear_entropy,0.18857142857142858,0.27060974793469417,0.7456310147686805,0.9271557408383637
linear_entropy,0.18928571428571428,0.2692732564422434,0.7462712795798029,0.9278760857824302
linear_entropy,0.19,0.2679433656340733,0.7468657886784198,0.9285893201428082
linear_entropy,0.19071428571428573,0.2666200429106251,0.7474151877280534,0.9292955140452516
linear_entropy,0.19142857142857142,0.26530325583334324,0.7479201150681623,0.9299947369242372
linear_entropy,0.19214285714285714,0.26399297212388007,0.7483812017910578,0.9306870575297742
linear_entropy,0.19285714285714287,0.26268915966330486,0.7487990718180423,0.9313725439341514
linear_entropy,0.19357142857142856,0.26139178649131634,0.74917434197477,0.9320512635386161
linear_entropy,0.19428571428571428,0.26010082080545915,0.7495076220658458,0.9327232830799884
linear_entropy,0.195,0.2588162309603444,0.7497995149486635,0.9333886686372077
linear_entropy,0.1957142857142857,0.257537985466874,0.7500506166064941,0.9340474856378184
linear_entropy,0.19642857142857142,0.2562660529914686,0.7502615162208316,0.9346997988643879
linear_entropy,0.19714285714285715,0.2550004023552998,0.7504327962430023,0.9353456724608656
linear_entropy,0.19785714285714287,0.25374100253352533,0.7505650324650465,0.9359851699388747
linear_entropy,0.19857142857142857,0.2524878226545291,0.7506587940898788,0.9366183541839439
linear_entropy,0.1992857142857143,0.25124083199916425,0.7507146438007349,0.9372452874616807
linear_entropy,0.2,0.24999999999999994,0.750733137829912,0.9378660314238784
linear_entropy,0.2007142857142857,0.24876529624057248,0.7531744395650218,0.9384806471145664
linear_entropy,0.20142857142857143,0.24753669045463914,0.7555430962673451,0.9390891949759997
linear_entropy,0.20214285714285715,0.24631415252543676,0.7578400637042227,0.9396917348545921
linear_entropy,0.20285714285714285,0.24509765248494336,0.7600662870403835,0.9402883260067851
linear_entropy,0.20357142857142857,0.2438871605131433,0.7622227009482667,0.9408790271048646
linear_entropy,0.2042857142857143,0.24268264693729655,0.7643102297172301,0.9414638962427182
linear_entropy,0.205,0.2414840822312114,0.7663297873616521,0.9420429909415348
linear_entropy,0.2057142857142857,0.24029143701452027,0.7682822777279427,0.9426163681554489
linear_entropy,0.20642857142857143,0.23910468205195998,0.7701685946004669,0.943184084277131
linear_entropy,0.20714285714285716,0.23792378825265487,0.7719896218064013,0.9437461951433185
linear_entropy,0.20785714285714285,0.23674872666940375,0.7737462333195252,0.9443027560402981
linear_entropy,0.20857142857142857,0.23557946849797018,0.7754392933629637,0.9448538217093274
linear_entropy,0.2092857142857143,0.23441598507637665,0.7770696565108888,0.9453994463520098
linear_entropy,0.21,0.23325824788420185,0.7786381677891913,0.9459396836356107
linear_entropy,0.21071428571428572,0.23210622854188145,0.7801456627751333,0.9464745866983255
linear_entropy,0.21142857142857144,0.23095989881001264,0.7815929676959912,0.9470042081544929
linear_entropy,0.21214285714285713,0.22981923058866177,0.7829808995266984,0.947528600099759
linear_entropy,0.21285714285714286,0.22868419591667555,0.7843102660865007,0.948047814116188
linear_entropy,0.21357142857142858,0.2275547669709956,0.7855818661346297,0.9485619012773256
linear_entropy,0.21428571428571427,0.22643091606597668,0.7867964894650091,0.9490709121532097
linear_entropy,0.215,0.22531261565270758,0.7879549169999989,0.9495748968153338
linear_entropy,0.21571428571428572,0.22419983831833618,0.7890579208831904,0.9500739048415593
linear_entropy,0.21642857142857141,0.22309255678539744,0.7901062645712593,0.9505679853209821
linear_entropy,0.21714285714285714,0.22199074391114454,0.7911007029248892,0.9510571868587491
linear_entropy,0.21785714285714286,0.22089437268688372,0.7920419822987708,0.9515415575808278
linear_entropy,0.21857142857142858,0.2198034162373122,0.7929308406306886,0.9520211451387296
linear_entropy,0.21928571428571428,0.21871784781985937,0.7937680075297049,0.9524959967141858
linear_entropy,0.22,0.21763764082403103,0.7945542043634481,0.9529661590237776
linear_entropy,0.22071428571428572,0.21656276877075756,0.7952901443445148,0.9534316783235204
linear_entropy,0.22142857142857142,0.21549320531174446,0.7959765326159954,0.9538926004134035
linear_entropy,0.22214285714285714,0.21442892422882645,0.7966140663361321,0.9543489706418852
linear_entropy,0.22285714285714286,0.21336989943332513,0.7972034347621153,0.954800833910342
linear_entropy,0.22357142857142856,0.21231610496540917,0.7977453193330316,0.955248234677475
linear_entropy,0.22428571428571428,0.21126751499345797,0.7982403937519673,0.9556912169636749
linear_entropy,0.225,0.21022410381342865,0.7986893240672791,0.9561298243553388
linear_entropy,0.2257142857142857,0.2091858458482258,0.7990927687530379,0.9565641000091507
linear_entropy,0.22642857142857142,0.20815271564707447,0.7994513787886571,0.9569940866563156
linear_entropy,0.22714285714285715,0.2071246878848965,0.7997657977377094,0.9574198266067521
linear_entropy,0.22785714285714287,0.20610173736168955,0.8000366618259437,0.9578413617532462
linear_entropy,0.22857142857142856,0.20508383900190952,0.8002646000185089,0.9582587335755617
linear_entropy,0.2292857142857143,0.20407096785385556,0.8004502340963923,0.9586719831445111
linear_entropy,0.23,0.2030630990890589,0.8005941787320803,0.9590811511259872
linear_entropy,0.2307142857142857,0.20206020800167382,0.8006970415644497,0.9594862777849523
linear_entropy,0.23142857142857143,0.20106227000787236,0.8007594232728974,0.9598874029893913
linear_entropy,0.23214285714285715,0.20006926064524136,0.8007819176507163,0.9602845662142241
linear_entropy,0.23285714285714285,0.1990811555721831,0.8025961459018903,0.9606778065451791
linear_entropy,0.23357142857142857,0.1980979305673185,0.8044812290217773,0.9610671626826303
linear_entropy,0.2342857142857143,0.19711956152889337,0.8062993708980309,0.9614526729453938
linear_entropy,0.235,0.1961460244741877,0.8080514699946845,0.9618343752744902
linear_entropy,0.2357142857142857,0.19517729553892751,0.8097384147432273,0.9622123072368672
linear_entropy,0.23642857142857143,0.19421335097670026,0.8113610836472831,0.9625865060290875
linear_entropy,0.23714285714285716,0.19325416715837246,0.8129203453862309,0.9629570084809776
linear_entropy,0.23785714285714285,0.1922997205715106,0.8144170589177737,0.9633238510592451
linear_entropy,0.23857142857142857,0.19134998781980456,0.8158520735794699,0.9636870698710557
linear_entropy,0.2392857142857143,0.19040494562249446,0.817226229189235,0.964046700667577
linear_entropy,0.24,0.18946457081379975,0.8185403561448249,0.9644027788474889
linear_entropy,0.24071428571428571,0.18852884034235126,0.8197952755223117,0.9647553394604568
linear_entropy,0.24142857142857144,0.18759773127062643,0.8209917991735597,0.9651044172105709
linear_entropy,0.24214285714285713,0.1866712207743868,0.8221307298227147,0.9654500464597537
linear_entropy,0.24285714285714285,0.18574928614211855,0.8232128611617147,0.9657922612311324
linear_entropy,0.24357142857142858,0.18483190477447595,0.8242389779448304,0.9661310952123766
linear_entropy,0.24428571428571427,0.1839190541837272,0.8252098560822488,0.9664665817590072
linear_entropy,0.245,0.18301071199320318,0.8261262627327068,0.9667987538976681
linear_entropy,0.24571428571428572,0.1821068559367491,0.826988956395184,0.9671276443293693
linear_entropy,0.24642857142857144,0.1812074638581786,0.8277986869996661,0.9674532854326952
linear_entropy,0.24714285714285714,0.18031251371073054,0.828556195996987,0.9677757092669831
linear_entropy,0.24785714285714286,0.17942198355652866,0.8292622164477591,0.9680949475754705
linear_entropy,0.24857142857142858,0.17853585156604393,0.8299174731103995,0.9684110317884105
linear_entropy,0.24928571428571428,0.1776540960175592,0.8305226825282641,0.9687239930261556
linear_entropy,0.25,0.1767766952966369,0.831078553115896,0.9690338621022138
linear_entropy,0.2507142857142857,0.17590362789558914,0.8315857852443975,0.9693406695262718
linear_entropy,0.25142857142857145,0.17503487241295065,0.8320450713259359,0.9696444455071912
linear_entropy,0.25214285714285717,0.1741704075529539,0.8324570958973895,0.9699452199559718
linear_entropy,0.25285714285714284,0.17331021212500736,0.8328225357031448,0.9702430224886887
linear_entropy,0.25357142857142856,0.17245426504317563,0.8331420597770512,0.9705378824293989
linear_entropy,0.2542857142857143,0.17160254532566316,0.8334163295235435,0.97082982881302
linear_entropy,0.255,0.17075503209429943,0.8336459987979385,0.9711188903881794
linear_entropy,0.2557142857142857,0.16991170457402743,0.8338317139859165,0.971405095620037
linear_entropy,0.25642857142857145,0.16907254209239428,0.833974114082193,0.9716884726930785
linear_entropy,0.2571428571428571,0.16823752407904455,0.8340738307683924,0.9719690495138827
linear_entropy,0.25785714285714284,0.16740663006521586,0.8341314884901262,0.9722468537138603
linear_entropy,0.25857142857142856,0.1665798396832374,0.8343214376943382,0.9725219126519663
linear_entropy,0.2592857142857143,0.16575713266603048,0.8359339985419276,0.9727942534173856
linear_entropy,0.26,0.16493848884661177,0.8374821054517837,0.9730639028321915
linear_entropy,0.26071428571428573,0.16412388815759896,0.8389666333574175,0.9733308874539796
linear_entropy,0.26142857142857145,0.16331331063071874,0.8403884473868196,0.9735952335784742
linear_entropy,0.2621428571428571,0.1625067363963176,0.8417484029649269,0.973856967242109
linear_entropy,0.26285714285714284,0.16170414568287428,0.8430473459150509,0.9741161142245842
linear_entropy,0.26357142857142857,0.16090551881651563,0.844286112559277,0.9743727000513956
linear_entropy,0.2642857142857143,0.16011083622053407,0.8454655298178468,0.9746267499963416
linear_entropy,0.265,0.15932007841490778,0.8465864153075329,0.9748782890840031
linear_entropy,0.26571428571428574,0.15853322601582306,0.8476495774390149,0.9751273420922005
linear_entropy,0.2664285714285714,0.15775025973519946,0.8486558155132693,0.9753739335544266
linear_entropy,0.2671428571428571,0.15697116038021658,0.84960591981698,0.9756180877622537
linear_entropy,0.26785714285714285,0.15619590885284396,0.8505006717169817,0.9758598287677192
linear_entropy,0.26857142857142857,0.15542448614937274,0.8513408437537456,0.976099180385686
linear_entropy,0.2692857142857143,0.15465687335994988,0.8521271997339145,0.9763361661961816
linear_entropy,0.27,0.15389305166811454,0.8528604948219002,0.976570809546711
linear_entropy,0.27071428571428574,0.15313300235033694,0.8535414756305502,0.9768031335545502
linear_entropy,0.2714285714285714,0.15237670677555945,0.8541708803108943,0.9770331611090153
linear_entropy,0.27214285714285713,0.15162414640473956,0.85474943864098,0.9772609148737086
linear_entropy,0.27285714285714285,0.15087530279039588,0.8552778721138038,0.9774864172887452
linear_entropy,0.2735714285714286,0.1501301575761556,0.8557568940243527,0.9777096905729541
linear_entropy,0.2742857142857143,0.1493886924963047,0.8561872095557578,0.977930756726061
linear_entropy,0.275,0.1486508893753401,0.8565695158645744,0.978149637530847
linear_entropy,0.2757142857142857,0.14791673012752424,0.8569045021651954,0.978366354555288
linear_entropy,0.2764285714285714,0.1471861967564415,0.8571928498134056,0.9785809291546705
linear_entropy,0.27714285714285714,0.14645927135455744,0.8574352323890878,0.9787933824736904
linear_entropy,0.27785714285714286,0.1457359361027795,0.8576323157780871,0.979003735448527
linear_entropy,0.2785714285714286,0.14501617327002034,0.8577847582532422,0.9792120088088992
linear_entropy,0.2792857142857143,0.14429996521276317,0.8578932105545946,0.9794182230801004
linear_entropy,0.28,0.14358729437462933,0.8579583159687789,0.979622398585014
linear_entropy,0.2807142857142857,0.14287814328594786,0.8579807104076081,0.9798245554461081
linear_entropy,0.2814285714285714,0.14217249456332715,0.8593250887634555,0.9800247135874114
linear_entropy,0.28214285714285714,0.14147033090922903,0.8606492569754829,0.9802228927364691
linear_entropy,0.28285714285714286,0.1407716351115447,0.8619120204082943,0.98041911242628
linear_entropy,0.2835714285714286,0.14007639004317277,0.8631142229262292,0.9806133919972142
linear_entropy,0.2842857142857143,0.1393845786615994,0.8642566988993013,0.9808057505989116
linear_entropy,0.285,0.13869618400848066,0.8653402733025739,0.9809962071921621
linear_entropy,0.2857142857142857,0.13801118920922656,0.8663657618145276,0.9811847805507676
linear_entropy,0.2864285714285714,0.13732957747258778,0.8673339709144285,0.981371489263385
linear_entropy,0.28714285714285714,0.13665133209024377,0.8682456979787122,0.9815563517353509
linear_entropy,0.28785714285714287,0.13597643643639337,0.869101731376385,0.9817393861904896
linear_entropy,0.2885714285714286,0.13530487396734708,0.8699028505634605,0.9819206106729013
linear_entropy,0.2892857142857143,0.13463662822112168,0.8706498261764367,0.9821000430487342
linear_entropy,0.29,0.13397168281703667,0.871343420124823,0.9822777010079393
linear_entropy,0.2907142857142857,0.13331002145531257,0.871984385682729,0.9824536020660068
linear_entropy,0.2914285714285714,0.1326516279166716,0.8725734675795226,0.9826277635656852
linear_entropy,0.29214285714285715,0.13199648606194003,0.8731114020895675,0.9828002026786852
linear_entropy,0.29285714285714287,0.13134457983165243,0.8735989171210492,0.9829709364073652
linear_entropy,0.2935714285714286,0.13069589324565814,0.8740367323038982,0.983139981586401
linear_entropy,0.29428571428571426,0.13005041040272958,0.87442555907682,0.9833073548844387
linear_entropy,0.295,0.1294081154801722,0.8747661007734406,0.9834730728057309
linear_entropy,0.2957142857142857,0.128768992733437,0.8750590527075764,0.9836371516917582
linear_entropy,0.29642857142857143,0.12813302649573433,0.8753051022576369,0.9837996077228333
linear_entropy,0.29714285714285715,0.12750020117764987,0.8755049289501694,0.983960456919689
linear_entropy,0.2978571428571429,0.12687050126676264,0.8756592045425543,0.9841197151450531
linear_entropy,0.2985714285714286,0.12624391132726454,0.8757685931048586,0.9842773981052043
linear_entropy,0.29928571428571427,0.12562041599958215,0.8758337511008574,0.9844335213515153
linear_entropy,0.3,0.12500000000000003,0.8758553274682307,0.9845881002819797
linear_entropy,0.3007142857142857,0.12438264812028625,0.8770637704670504,0.9847411501427242
linear_entropy,0.30142857142857143,0.12376834522731958,0.8782117160838563,0.9848926860295055
linear_entropy,0.30214285714285716,0.1231570762627184,0.8793000003922928,0.9850427228891921
linear_entropy,0.3028571428571429,0.12254882624247168,0.8803294500427631,0.9851912755212335
linear_entropy,0.30357142857142855,0.12194358025657169,0.88130088236113,0.985338358579112
linear_entropy,0.30428571428571427,0.12134132346864832,0.8822151054464193,0.9854839865717824
linear_entropy,0.305,0.12074204111560571,0.8830729182675283,0.9856281738650966
linear_entropy,0.3057142857142857,0.12014571850726015,0.8838751107589558,0.9857709346832145
linear_entropy,0.30642857142857144,0.11955234102598,0.8846224639155577,0.9859122831100007
linear_entropy,0.30714285714285716,0.11896189412632745,0.8853157498863427,0.9860522330904073
linear_entropy,0.30785714285714283,0.11837436333470192,0.885955732067314,0.9861907984318437
linear_entropy,0.30857142857142855,0.11778973424898513,0.8865431651933704,0.9863279928055325
linear_entropy,0.3092857142857143,0.11720799253818837,0.8870787954292698,0.986463829747852
linear_entropy,0.31,0.11662912394210094,0.8875633604596741,0.986598322661665
linear_entropy,0.3107142857142857,0.11605311427094074,0.8879975895782742,0.9867314848176365
linear_entropy,0.31142857142857144,0.11547994940500633,0.8883822037760132,0.9868633293555353
linear_entropy,0.31214285714285717,0.11490961529433089,0.8887179158284095,0.9869938692855252
linear_entropy,0.31285714285714283,0.11434209795833782,0.8890054303819958,0.987123117489443
linear_entropy,0.31357142857142856,0.11377738348549785,0.8892454440398759,0.9872510867220629
linear_entropy,0.3142857142857143,0.11321545803298835,0.8894386454464144,0.9873777896123493
linear_entropy,0.315,0.1126563078263538,0.8895857153710626,0.987503238664698
linear_entropy,0.3157142857142857,0.1120999191591681,0.8896873267913336,0.987627446260163
linear_entropy,0.31642857142857145,0.11154627839269872,0.8897441449749325,0.9877504246576727
linear_entropy,0.3171428571428571,0.11099537195557226,0.8899882907905005,0.9878721859952352
linear_entropy,0.31785714285714284,0.1104471863434419,0.8910472300861171,0.9879927422911282
linear_entropy,0.31857142857142856,0.10990170811865614,0.8920471957095246,0.9881121054450818
linear_entropy,0.3192857142857143,0.1093589239099297,0.892989008470918,0.9882302872394446
linear_entropy,0.32,0.10881882041201553,0.8938734799088791,0.9883472993403438
linear_entropy,0.32071428571428573,0.10828138438537879,0.8947014123875792,0.9884631532988284
linear_entropy,0.32142857142857145,0.10774660265587221,0.895473599192995,0.9885778605520051
linear_entropy,0.3221428571428571,0.10721446211441323,0.8961908246281486,0.9886914324241617
linear_entropy,0.32285714285714284,0.10668494971666255,0.8968538641073798,0.9888038801278789
linear_entropy,0.32357142857142857,0.10615805248270456,0.8974634842496606,0.9889152147651313
linear_entropy,0.3242857142857143,0.10563375749672896,0.8980204429709634,0.9890254473283788
linear_entropy,0.325,0.10511205190671428,0.898525489575689,0.9891345887016457
linear_entropy,0.32571428571428573,0.10459292292411285,0.8989793648471678,0.9892426496615894
linear_entropy,0.3264285714285714,0.10407635782353722,0.8993828011372395,0.9893496408785596
linear_entropy,0.3271428571428571,0.10356234394244825,0.8997365224549231,0.9894555729176463
linear_entropy,0.32785714285714285,0.10305086868084477,0.9000412445541865,0.9895604562397171
linear_entropy,0.32857142857142857,0.10254191950095472,0.9002976750208225,0.9896643012024451
linear_entropy,0.3292857142857143,0.10203548392692775,0.9005065133584412,0.9897671180613262
linear_entropy,0.33,0.1015315495445294,0.9006684510735902,0.9898689169706866
linear_entropy,0.33071428571428574,0.10103010400083688,0.9007841717600058,0.9899697079846798
linear_entropy,0.3314285714285714,0.10053113500393618,0.9008543511820096,0.9900695010582747
linear_entropy,0.33214285714285713,0.10003463032262067,0.9008796573570558,0.9901683060482335
linear_entropy,0.33285714285714285,0.09954057778609154,0.9017762677495215,0.9902661327140795
linear_entropy,0.3335714285714286,0.09904896528365924,0.9026841055059793,0.9903629907190561
linear_entropy,0.3342857142857143,0.09855978076444667,0.9035346310501312,0.990458889631076
linear_entropy,0.335,0.09807301223709382,0.9043286479688716,0.990553838923661
linear_entropy,0.3357142857142857,0.09758864776946377,0.9050669507513972,0.9906478479768729
linear_entropy,0.3364285714285714,0.09710667548835014,0.9057503248846764,0.9907409260782346
linear_entropy,0.33714285714285713,0.09662708357918624,0.9063795469479464,0.9908330824236427
linear_entropy,0.33785714285714286,0.09614986028575528,0.9069553847062541,0.9909243261182707
linear_entropy,0.3385714285714286,0.09567499390990228,0.9074785972030445,0.9910146661774639
linear_entropy,0.3392857142857143,0.09520247281124723,0.9079499348518087,0.9911041115276246
linear_entropy,0.34,0.09473228540689985,0.9083701395268023,0.9911926710070887
linear_entropy,0.3407142857142857,0.09426442017117564,0.9087399446528389,0.9912803533669954
linear_entropy,0.3414285714285714,0.09379886563531323,0.9090600752941741,0.9913671672721454
linear_entropy,0.34214285714285714,0.09333561038719339,0.9093312482424837,0.9914531213018525
linear_entropy,0.34285714285714286,0.09287464307105926,0.9095541721039484,0.9915382239507875
linear_entropy,0.3435714285714286,0.09241595238723796,0.9097295473854521,0.9916224836298114
linear_entropy,0.3442857142857143,0.09195952709186357,0.9098580665799049,0.9917059086668024
linear_entropy,0.345,0.0915053559966016,0.9099404142506966,0.9917885073074743
linear_entropy,0.3457142857142857,0.09105342796837457,0.9099772671152914,0.9918702877161858
linear_entropy,0.3464285714285714,0.09060373192908931,0.9105785556996326,0.9919512579767437
linear_entropy,0.34714285714285714,0.09015625685536527,0.9114118155966857,0.9920314260931961
linear_entropy,0.34785714285714286,0.08971099177826433,0.9121884380925351,0.9921107999906198
linear_entropy,0.3485714285714286,0.08926792578302195,0.9129092204214395,0.9921893875158979
linear_entropy,0.3492857142857143,0.08882704800877957,0.9135749507810907,0.9922671964384918
linear_entropy,0.35,0.08838834764831845,0.9141864084274856,0.9923442344512037
linear_entropy,0.3507142857142857,0.08795181394779458,0.9147443637688373,0.9924205091709332
linear_entropy,0.3514285714285714,0.08751743620647534,0.9152495784585295,0.992496028139425
linear_entropy,0.35214285714285715,0.08708520377647697,0.9157028054871285,0.9925707988240104
linear_entropy,0.35285714285714287,0.08665510606250365,0.9161047892734593,0.9926448286183415
linear_entropy,0.3535714285714286,0.08622713252158778,0.9164562657547564,0.992718124843116
linear_entropy,0.35428571428571426,0.08580127266283159,0.9167579624758979,0.9927906947467982
linear_entropy,0.355,0.08537751604714973,0.9170105986777324,0.992862545506331
linear_entropy,0.3557142857142857,0.08495585228701373,0.9172148853845081,0.9929336842278401
linear_entropy,0.35642857142857143,0.08453627104619715,0.9173715254904125,0.9930041179473335
linear_entropy,0.35714285714285715,0.08411876203952225,0.9174812138452316,0.9930738536313919
linear_entropy,0.3578571428571429,0.0837033150326079,0.9175446373391388,0.9931428981778542
linear_entropy,0.3585714285714286,0.08328991984161867,0.9176493415671432,0.9932112584164943
linear_entropy,0.35928571428571426,0.08287856633301525,0.9184408527307134,0.9932789411096928
linear_entropy,0.36,0.0824692444233059,0.9191759999546458,0.9933459529531021
linear_entropy,0.3607142857142857,0.08206194407879949,0.9198555784597731,0.9934123005763034
linear_entropy,0.36142857142857143,0.08165665531535939,0.920480374446836,0.9934779905434582
linear_entropy,0.36214285714285716,0.08125336819815877,0.9210511651912103,0.9935430293539541
linear_entropy,0.3628571428571429,0.08085207284143711,0.9215687191366724,0.9936074234430432
linear_entropy,0.36357142857142855,0.08045275940825783,0.9220337959882118,0.9936711791824745
linear_entropy,0.36428571428571427,0.08005541811026705,0.9224471468039007,0.9937343028811196
linear_entropy,0.365,0.07966003920745389,0.9228095140858307,0.9937968007855937
linear_entropy,0.3657142857142857,0.07926661300791155,0.9231216318701224,0.9938586790808686
linear_entropy,0.36642857142857144,0.07887512986759972,0.9233842258160242,0.9939199438908808
linear_entropy,0.36714285714285716,0.07848558019010828,0.9235980132941011,0.9939806012791337
linear_entropy,0.3678571428571429,0.07809795442642198,0.9237637034735293,0.9940406572492935
linear_entropy,0.36857142857142855,0.0777122430746864,0.9238819974085014,0.9941001177457781
linear_entropy,0.3692857142857143,0.07732843667997495,0.9239535881237532,0.9941589886543434
linear_entropy,0.37,0.07694652583405727,0.9239791606992209,0.9942172758026595
linear_entropy,0.3707142857142857,0.07656650117516849,0.924669931933096,0.9942749849608857
linear_entropy,0.37142857142857144,0.07618835338777971,0.9253517870034689,0.9943321218422358
linear_entropy,0.37214285714285716,0.07581207320236978,0.9259785585277283,0.9943886921035404
linear_entropy,0.37285714285714283,0.07543765139519797,0.9265510281232875,0.9944447013458032
linear_entropy,0.37357142857142855,0.07506507878807783,0.9270699685263821,0.9945001551147505
linear_entropy,0.3742857142857143,0.07469434624815238,0.9275361436854043,0.9945550589013779
linear_entropy,0.375,0.07432544468767008,0.927950308853289,0.9946094181424883
linear_entropy,0.3757142857142857,0.07395836506376212,0.9283132106789618,0.9946632382212276
linear_entropy,0.37642857142857145,0.07359309837822076,0.928625587297856,0.9947165244676128
linear_entropy,0.37714285714285717,0.07322963567727872,0.9288881684215119,0.9947692821590569
linear_entropy,0.37785714285714284,0.07286796805138977,0.929101675426261,0.9948215165208872
linear_entropy,0.37857142857142856,0.0725080866350102,0.9292668214410124,0.9948732327268583
linear_entropy,0.3792857142857143,0.07214998260638161,0.929384311434144,0.9949244358996622
linear_entropy,0.38,0.0717936471873147,0.9294548422995105,0.9949751311114301
linear_entropy,0.3807142857142857,0.07143907164297393,0.9294791029415755,0.9950253233842324
linear_entropy,0.38142857142857145,0.07108624728166356,0.9301398074984777,0.9950750176905718
linear_entropy,0.3821428571428571,0.07073516545461453,0.9307662214200569,0.9951242189538718
linear_entropy,0.38285714285714284,0.07038581755577238,0.9313381057016361,0.9951729320489615
linear_entropy,0.38357142857142856,0.0700381950215864,0.9318562364651705,0.9952211618025542
linear_entropy,0.3842857142857143,0.06969228933079971,0.9323213810057716,0.995268912993722
linear_entropy,0.385,0.06934809200424032,0.932734297884505,0.9953161903543657
linear_entropy,0.38571428571428573,0.06900559460461328,0.9330957370202466,0.9953629985696801
linear_entropy,0.38642857142857145,0.06866478873629388,0.933406439780604,0.9954093422786147
linear_entropy,0.3871428571428571,0.06832566604512191,0.9336671390719131,0.995455226074329
linear_entropy,0.38785714285714284,0.06798821821819671,0.9338785594283212,0.9955006545046455
linear_entropy,0.38857142857142857,0.06765243698367356,0.9340414170999627,0.9955456320724954
linear_entropy,0.3892857142857143,0.06731831411056086,0.9341564201402384,0.9955901632363617
linear_entropy,0.39,0.06698584140851833,0.9342242684922072,0.9956342524107185
linear_entropy,0.39071428571428574,0.06665501072765627,0.9342689846600668,0.9956779039664635
linear_entropy,0.3914285714285714,0.0663258139583358,0.9349001438352028,0.9957211222313491
linear_entropy,0.3921428571428571,0.06599824303097,0.9354765022388223,0.995763911490407
linear_entropy,0.39285714285714285,0.0656722899158262,0.9359988397725527,0.99580627598637
linear_entropy,0.39357142857142857,0.06534794662282906,0.9364679274684624,0.9958482199200887
linear_entropy,0.3942857142857143,0.06502520520136479,0.9368845275823071,0.9958897474509454
linear_entropy,0.395,0.0647040577400861,0.9372493936858294,0.9959308626972622
linear_entropy,0.39571428571428574,0.0643844963667185,0.9375632707581176,0.9959715697367064
linear_entropy,0.3964285714285714,0.06406651324786716,0.9378268952760397,0.9960118726066913
linear_entropy,0.39714285714285713,0.06375010058882494,0.938040995303753,0.9960517753047734
linear_entropy,0.39785714285714285,0.06343525063338132,0.9382062905813082,0.9960912817890454
linear_entropy,0.3985714285714286,0.06312195566363227,0.9383234926123484,0.996130395978525
linear_entropy,0.3992857142857143,0.06281020799979105,0.9383933047509185,0.9961691217535412
linear_entropy,0.4,0.06249999999999998,0.9384164222873901,0.996207462956115
linear_entropy,0.4007142857142857,0.062191324060143126,0.9390084359180647,0.9962454233903373
linear_entropy,0.4014285714285714,0.061884172613659784,0.9395460259921118,0.9962830068227441
linear_entropy,0.40214285714285714,0.061578538131359196,0.940029968736328,0.996320216982685
linear_entropy,0.40285714285714286,0.061274413121235834,0.940461031543953,0.9963570575626919
linear_entropy,0.4035714285714286,0.06097179012828581,0.9408399730675618,0.9963935322188407
linear_entropy,0.4042857142857143,0.06067066173432413,0.941167543311014,0.9964296445711118
linear_entropy,0.405,0.06037102055780282,0.9414444837204665,0.9964653982037456
linear_entropy,0.4057142857142857,0.06007285925363007,0.9416715272744623,0.9965007966655948
linear_entropy,0.4064285714285714,0.05977617051299,0.9418493985731031,0.9965358434704741
linear_entropy,0.40714285714285714,0.05948094706316372,0.9419788139263133,0.9965705420975056
linear_entropy,0.40785714285714286,0.05918718166735093,0.9420604814412087,0.9966048959914605
linear_entropy,0.4085714285714286,0.05889486712449254,0.9420951011085736,0.9966389085630983
linear_entropy,0.4092857142857143,0.05860399626909415,0.9425212201435993,0.9966725831895026
linear_entropy,0.41,0.05831456197105047,0.9430360704884037,0.9967059232144124
linear_entropy,0.4107142857142857,0.058026557135470364,0.9434974389269164,0.9967389319485517
linear_entropy,0.4114285714285714,0.05773997470250316,0.9439060915120139,0.9967716126699547
linear_entropy,0.41214285714285714,0.057454807647165436,0.9442627855676852,0.996803968624289
linear_entropy,0.41285714285714287,0.05717104897916887,0.9445682697808706,0.9968360030251736
linear_entropy,0.4135714285714286,0.056888691742748895,0.9448232842923683,0.9968677190544963
linear_entropy,0.4142857142857143,0.05660772901649415,0.9450285607868153,0.9968991198627257
linear_entropy,0.415,0.056328153913176894,0.945184822581754,0.9969302085692218
linear_entropy,0.4157142857142857,0.056049959579584044,0.9452927847157919,0.9969609882625422
linear_entropy,0.4164285714285714,0.05577313919634935,0.9453531540358658,0.9969914620007467
linear_entropy,0.41714285714285715,0.05549768597778612,0.9454823608983415,0.9970216328116976
linear_entropy,0.41785714285714287,0.055223593171720924,0.9459945039035278,0.9970515036933576
linear_entropy,0.4185714285714286,0.054950854059328036,0.9464530609505915,0.9970810776140849
linear_entropy,0.41928571428571426,0.05467946195496484,0.9468587997632971,0.9971103575129252
linear_entropy,0.42,0.054409410206007765,0.9472124793168697,0.9971393462999005
linear_entropy,0.4207142857142857,0.054140692192689396,0.9475148499300429,0.997168046856296
linear_entropy,0.42142857142857143,0.05387330132793611,0.947766653356172,0.9971964620349433
linear_entropy,0.42214285714285715,0.053607231057206606,0.9479686228734208,0.9972245946605005
linear_entropy,0.4228571428571429,0.053342474858331275,0.9481214833740306,0.9972524475297313
linear_entropy,0.4235714285714286,0.05307902624135227,0.9482259514526815,0.997280023411779
linear_entropy,0.42428571428571427,0.0528168787483645,0.9482827354939553,0.9973073250484397
linear_entropy,0.425,0.05255602595335716,0.948443572329894,0.9973343551544318
linear_entropy,0.4257142857142857,0.05229646146205644,0.9489226628942327,0.997361116417663
linear_entropy,0.42642857142857143,0.05203817891176861,0.9493485123115305,0.9973876114994952
linear_entropy,0.42714285714285716,0.051781171971224116,0.94972188481353,0.9974138430350057
linear_entropy,0.4278571428571429,0.05152543434042238,0.950043535918308,0.997439813633247
linear_entropy,0.42857142857142855,0.05127095975047738,0.9503142125219793,0.9974655258775035
linear_entropy,0.42928571428571427,0.05101774196346389,0.9505346529894658,0.9974909823255457
linear_entropy,0.43,0.050765774772264724,0.9507055872443452,0.9975161855098814
linear_entropy,0.4307142857142857,0.050515052000418455,0.9508277368577839,0.9975411379380057
linear_entropy,0.43142857142857144,0.05026556750196808,0.9509018151365658,0.997565842092647
linear_entropy,0.43214285714285716,0.05001731516131033,0.9509285272102255,0.997590300432012
linear_entropy,0.43285714285714283,0.049770288893045786,0.951366328673337,0.9976145153900272
linear_entropy,0.43357142857142855,0.04952448264182963,0.9517855437480803,0.9976384893765782
linear_entropy,0.4342857142857143,0.04927989038222336,0.9521522611261813,0.9976622247777477
linear_entropy,0.435,0.04903650611854692,0.952467236955965,0.9976857239560494
linear_entropy,0.4357142857142857,0.04879432388473188,0.9527312187554824,0.9977089892506612
linear_entropy,0.43642857142857144,0.04855333774417507,0.952944945503373,0.9977320229776548
linear_entropy,0.43714285714285717,0.04831354178959312,0.9531091477288042,0.9977548274302247
linear_entropy,0.43785714285714283,0.04807493014287766,0.9532245476004944,0.9977774048789123
linear_entropy,0.43857142857142856,0.04783749695495115,0.9532918590148317,0.9977997575718309
linear_entropy,0.4392857142857143,0.04760123640562363,0.9533474315943992,0.9978218877348861
linear_entropy,0.44,0.047366142703449944,0.9537886465031423,0.9978437975719954
linear_entropy,0.4407142857142857,0.04713221008558782,0.9541769418854809,0.9978654892653044
linear_entropy,0.44142857142857145,0.04689943281765661,0.9545130790588828,0.9978869649754024
linear_entropy,0.4421428571428571,0.04666780519359671,0.9547978106546078,0.9979082268415351
linear_entropy,0.44285714285714284,0.04643732153552965,0.9550318807091457,0.997929276981814
linear_entropy,0.44357142857142856,0.046207976193618994,0.9552160247547247,0.9979501174934264
linear_entropy,0.4442857142857143,0.0459797635459318,0.9553509699089001,0.9979707504528408
linear_entropy,0.445,0.045752677998300795,0.9554374349632313,0.997991177916012
linear_entropy,0.44571428571428573,0.045526713984187284,0.9554761304710558,0.9980114019185831
linear_entropy,0.44642857142857145,0.04530186596454465,0.9557723896202012,0.9980314244760857
linear_entropy,0.4471428571428571,0.04507812842768265,0.9561603439073023,0.9980512475841392
linear_entropy,0.44785714285714284,0.04485549588913218,0.956496048495438,0.998070873218646
linear_entropy,0.44857142857142857,0.04463396289151099,0.9567802573857922,0.998090303335987
linear_entropy,0.4492857142857143,0.044413524004389804,0.9570137159689666,0.9981095398732143
linear_entropy,0.45,0.04419417382415922,0.9571971611156577,0.998128584748241
linear_entropy,0.45071428571428573,0.04397590697389729,0.9573313212664096,0.9981474398600308
linear_entropy,0.4514285714285714,0.043758718103237684,0.9574169165204551,0.9981661070887847
linear_entropy,0.4521428571428571,0.0435426018882385,0.9574546587236525,0.9981845882961263
linear_entropy,0.45285714285714285,0.04332755303125184,0.9577459160586165,0.9982028853252849
linear_entropy,0.45357142857142857,0.04311356626079391,0.958113368743609,0.998221000001277
linear_entropy,0.4542857142857143,0.04290063633141579,0.9584287789520751,0.9982389341310861
linear_entropy,0.455,0.042688758023574865,0.9586928986176294,0.9982566895038407
linear_entropy,0.45571428571428574,0.04247792614350686,0.9589064710838039,0.9982742678909904
linear_entropy,0.4564285714285714,0.04226813552309859,0.9590702311945221,0.9982916710464802
linear_entropy,0.45714285714285713,0.042059381019761144,0.9591849053836512,0.9983089007069235
linear_entropy,0.45785714285714285,0.041851657516303965,0.9592512117636451,0.998325958591773
linear_entropy,0.4585714285714286,0.04164495992080935,0.9593132935035455,0.9983428464034898
linear_entropy,0.4592857142857143,0.04143928316650762,0.9596942798251065,0.9983595658277113
linear_entropy,0.46,0.041234622211652944,0.9600229472060768,0.9983761185334177
linear_entropy,0.4607142857142857,0.04103097203939974,0.960300051010951,0.9983925061730949
linear_entropy,0.4614285714285714,0.04082832765767969,0.9605263379768442,0.9984087303828992
linear_entropy,0.46214285714285713,0.0406266840990794,0.9607025463043519,0.9984247927828168
linear_entropy,0.46285714285714286,0.04042603642071857,0.9608294057474831,0.9984406949768243
linear_entropy,0.4635714285714286,0.04022637970412891,0.9609076377026792,0.9984564385530463
linear_entropy,0.4642857142857143,0.040027709055133524,0.9609379552969278,0.9984720250839119
linear_entropy,0.465,0.039830019603726945,0.9612599105060736,0.9984874561263098
linear_entropy,0.4657142857142857,0.039633306503955766,0.9615850331980442,0.9985027332217412
linear_entropy,0.4664285714285714,0.03943756493379986,0.9618585685583585,0.9985178578964721
linear_entropy,0.46714285714285714,0.03924279009505414,0.9620812638480221,0.9985328316616835
linear_entropy,0.46785714285714286,0.03904897721321098,0.9622538577849263,0.99854765601362
linear_entropy,0.4685714285714286,0.03885612153734318,0.9623770806338555,0.9985623324337377
linear_entropy,0.4692857142857143,0.038664218339987455,0.9624516542955763,0.9985768623888497
linear_entropy,0.47,0.038473262917028635,0.9624782923950218,0.9985912473312708
linear_entropy,0.4707142857142857,0.038283250587584236,0.9628129701582088,0.9986054886989605
linear_entropy,0.4714285714285714,0.038094176693889856,0.9631189927879856,0.9986195879156649
linear_entropy,0.47214285714285714,0.037906036601184884,0.9633736350382026,0.9986335463910566
linear_entropy,0.47285714285714286,0.03771882569759896,0.9635776420380909,0.9986473655208742
linear_entropy,0.4735714285714286,0.037532539394038895,0.9637317503952306,0.9986610466870586
linear_entropy,0.4742857142857143,0.03734717312407617,0.963836688285343,0.9986745912578907
linear_entropy,0.475,0.03716272234383503,0.9638931755411683,0.9986880005881252
linear_entropy,0.4757142857142857,0.03697918253188106,0.9640175649358448,0.9987012760191245
linear_entropy,0.4764285714285714,0.03679654918911038,0.9643419560400814,0.9987144188789907
linear_entropy,0.47714285714285715,0.03661481783863936,0.9646146364377239,0.9987274304826964
linear_entropy,0.47785714285714287,0.036433984025694865,0.9648363552503478,0.9987403121322144
linear_entropy,0.4785714285714286,0.03625404331750508,0.9650078530348974,0.9987530651166462
linear_entropy,0.47928571428571426,0.036074991303190806,0.9651298618739188,0.998765690712349
linear_entropy,0.48,0.03589682359365735,0.9652031054648763,0.9987781901830608
linear_entropy,0.4807142857142857,0.035719535821486965,0.9652282992085591,0.9987905647800258
linear_entropy,0.48142857142857143,0.03554312364083178,0.9655471668659888,0.9988028157421174
linear_entropy,0.48214285714285715,0.03536758272730725,0.965824703642344,0.9988149442959602
linear_entropy,0.4828571428571429,0.03519290877788617,0.9660511483483071,0.9988269516560511
linear_entropy,0.4835714285714286,0.035019097510793185,0.9662272432346412,0.9988388390248788
linear_entropy,0.48428571428571426,0.034846144665399856,0.9663537220590066,0.9988506075930423
linear_entropy,0.485,0.03467404600212016,0.9664313101754705,0.9988622585393688
linear_entropy,0.4857142857142857,0.03450279730230663,0.9664607246231062,0.9988737930310291
linear_entropy,0.48642857142857143,0.03433239436814694,0.9667423840584828,0.9988852122236527
linear_entropy,0.48714285714285716,0.03416283302256094,0.9670123940387672,0.9988965172614428
linear_entropy,0.4878571428571429,0.033994109109098336,0.9672313651221899,0.9989077092772879
linear_entropy,0.48857142857142855,0.03382621849183678,0.9674000391392471,0.9989187893928737
linear_entropy,0.48928571428571427,0.03365915705528043,0.9675191494309612,0.9989297587187944
linear_entropy,0.49,0.03349292070425916,0.9675894209383574,0.9989406183546614
linear_entropy,0.4907142857142857,0.033327505363828135,0.9676232355840145,0.9989513693892118
linear_entropy,0.49142857142857144,0.0331629069791679,0.9679257473804331,0.9989620129004161
linear_entropy,0.49214285714285716,0.032999121515485,0.9681766966462356,0.9989725499555845
linear_entropy,0.4928571428571429,0.0328361449579131,0.9683768313758904,0.9989829816114716
linear_entropy,0.49357142857142855,0.03267397331141454,0.9685268910086955,0.9989933089143812
linear_entropy,0.4942857142857143,0.03251260260068239,0.9686276065189282,0.999003532900269
linear_entropy,0.495,0.03235202887004305,0.9686797005050755,0.9990136545948451
linear_entropy,0.4957142857142857,0.032192248183359244,0.9688153797833883,0.9990236750136748
linear_entropy,0.49642857142857144,0.032033256623933574,0.969087791785241,0.9990335951622792
linear_entropy,0.49714285714285716,0.03187505029441247,0.9693090284805448,0.9990434160362338
linear_entropy,0.49785714285714283,0.03171762531669067,0.969479833600685,0.9990531386212673
linear_entropy,0.49857142857142855,0.03156097783181614,0.9696009423660934,0.9990627638933581
linear_entropy,0.4992857142857143,0.03140510399989553,0.9696730815759492,0.9990722928188315
linear_entropy,0.5,0.03125,0.9696969696969697,0.9990817263544536
linear_entropy,0.5007142857142857,0.031095662030071573,0.9699807686435719,0.9990910654475273
linear_entropy,0.5014285714285714,0.030942086306829892,0.9702131809462395,0.9991003110359846
linear_entropy,0.5021428571428571,0.03078926906567961,0.9703949529083455,0.9991094640484797
linear_entropy,0.5028571428571429,0.030637206560617913,0.9705268222945479,0.9991185254044797
linear_entropy,0.5035714285714286,0.030485895064142916,0.9706095184207778,0.9991274960143565
linear_entropy,0.5042857142857143,0.03033533086716206,0.9706437622433114,0.999136376779476
linear_entropy,0.505,0.030185510278901425,0.9708646238367311,0.999145168592287
linear_entropy,0.5057142857142857,0.030036429626815044,0.9710987625017893,0.9991538723364091
linear_entropy,0.5064285714285715,0.029888085256494997,0.9712821922785125,0.9991624888867203
linear_entropy,0.5071428571428571,0.02974047353158187,0.9714156518615106,0.9991710191094432
linear_entropy,0.5078571428571429,0.02959359083367546,0.9714998714862464,0.9991794638622298
linear_entropy,0.5085714285714286,0.02944743356224628,0.9715355730182166,0.9991878239942471
linear_entropy,0.5092857142857142,0.0293019981345471,0.9717423976687941,0.9991961003462604
linear_entropy,0.51,0.02915728098552523,0.9719693247915008,0.9992042937507161
linear_entropy,0.5107142857142857,0.029013278567735192,0.9721456069840007,0.9992124050318241
linear_entropy,0.5114285714285715,0.028869987351251576,0.9722719823457698,0.9992204350056391
linear_entropy,0.5121428571428571,0.02872740382358273,0.972349180522827,0.9992283844801411
linear_entropy,0.5128571428571429,0.028585524489584433,0.9723779227968615,0.9992362542553147
linear_entropy,0.5135714285714286,0.028444345871374458,0.9726122044186144,0.9992440451232293
linear_entropy,0.5142857142857142,0.0283038645082471,0.9728235184570158,0.9992517578681155
linear_entropy,0.515,0.028164076956588444,0.9729843761870998,0.999259393266444
linear_entropy,0.5157142857142857,0.028024979789792032,0.973095513678021,0.9992669520870012
linear_entropy,0.5164285714285715,0.027886569598174673,0.9731576585663325,0.9992744350909658
linear_entropy,0.5171428571428571,0.02774884298889307,0.9732293959522619,0.9992818430319838
linear_entropy,0.5178571428571429,0.02761179658586046,0.9734681408122331,0.9992891766562421
linear_entropy,0.5185714285714286,0.02747542702966403,0.9736559935711248,0.9992964367025434
linear_entropy,0.5192857142857142,0.02733973097748243,0.9737936954094867,0.9993036239023783
linear_entropy,0.52,0.02720470510300388,0.973881979020865,0.9993107389799972
linear_entropy,0.5207142857142857,0.027070346096344705,0.9739215687012748,0.9993177826524834
linear_entropy,0.5214285714285715,0.02693665066396805,0.9740935048382878,0.9993247556298217
linear_entropy,0.5221428571428571,0.026803615528603313,0.9743010846199047,0.9993316586149701
linear_entropy,0.5228571428571429,0.026671237429165634,0.9744581912455313,0.9993384923039285
linear_entropy,0.5235714285714286,0.026539513120676147,0.9745655612152561,0.9993452573858077
linear_entropy,0.5242857142857142,0.026408439374182257,0.9746239225910095,0.9993519545428974
linear_entropy,0.525,0.026278012976678578,0.9747095133710365,0.9993585844507331
linear_entropy,0.5257142857142857,0.02614823073102823,0.9749297993622371,0.9993651477781635
linear_entropy,0.5264285714285715,0.0260190894558843,0.9750993942694983,0.9993716451874164
linear_entropy,0.5271428571428571,0.02589058598561207,0.9752190371981837,0.9993780773341634
linear_entropy,0.5278571428571428,0.0257627171702112,0.9752894587875672,0.9993844448675855
linear_entropy,0.5285714285714286,0.025635479875238686,0.9753224812725576,0.9993907484304368
linear_entropy,0.5292857142857142,0.025508870981731945,0.9755487228049781,0.9993969886591084
linear_entropy,0.53,0.02538288738613236,0.9757241553297228,0.9994031661836902
linear_entropy,0.5307142857142857,0.025257526000209238,0.9758495194066729,0.9994092816280342
linear_entropy,0.5314285714285715,0.025132783750984038,0.9759255471138438,0.9994153356098158
linear_entropy,0.5321428571428571,0.025008657580655173,0.9759529621368104,0.9994213287405947
linear_entropy,0.5328571428571428,0.02488514444652289,0.9761613591352449,0.9994272616258754
linear_entropy,0.5335714285714286,0.024762241320914816,0.9763362628691308,0.9994331348651665
linear_entropy,0.5342857142857143,0.024639945191111675,0.9764610761642064,0.9994389490520412
linear_entropy,0.535,0.024518253059273458,0.9765365314495117,0.9994447047741943
linear_entropy,0.5357142857142857,0.02439716194236594,0.9765633527575249,0.9994504026135017
linear_entropy,0.5364285714285715,0.024276668872087532,0.9767685691409573,0.9994560431460768
linear_entropy,0.5371428571428571,0.024156770894796557,0.9769368764220242,0.9994616269423281
linear_entropy,0.5378571428571428,0.024037465071438828,0.9770551612905067,0.9994671545670153
linear_entropy,0.5385714285714286,0.023918748477475577,0.9771241554902025,0.9994726265793051
linear_entropy,0.5392857142857143,0.02380061820281181,0.9771624043308248,0.9994780435328264
linear_entropy,0.54,0.02368307135172497,0.9773689646409115,0.9994834059757254
linear_entropy,0.5407142857142857,0.023566105042793908,0.9775249175322442,0.9994887144507189
linear_entropy,0.5414285714285715,0.0234497164088283,0.9776310015405442,0.9994939694951486
linear_entropy,0.5421428571428571,0.023333902596798343,0.9776879467397973,0.9994991716410346
linear_entropy,0.5428571428571428,0.023218660767764823,0.9777707350117444,0.9995043214151269
linear_entropy,0.5435714285714286,0.023103988096809486,0.977959263439361,0.9995094193389583
linear_entropy,0.5442857142857143,0.0229898817729659,0.9780974215733977,0.9995144659288953
linear_entropy,0.545,0.022876338999150387,0.9781859453194988,0.9995194616961897
linear_entropy,0.5457142857142857,0.02276335699209364,0.9782255621489382,0.9995244071470291
linear_entropy,0.5464285714285714,0.02265093298227233,0.9783693065804855,0.9995293027825862
linear_entropy,0.5471428571428572,0.02253906421384131,0.9785346080626107,0.9995341490990698
linear_entropy,0.5478571428571428,0.02242774794456609,0.9786498536968896,0.9995389465877719
linear_entropy,0.5485714285714286,0.022316981445755484,0.9787157758679684,0.999543695735118
linear_entropy,0.5492857142857143,0.0222067620021949,0.9787640276955341,0.9995483970227141
linear_entropy,0.55,0.022097086912079598,0.9789516420501045,0.9995530509273951
linear_entropy,0.5507142857142857,0.021987953486948642,0.9790888512951916,0.9995576579212714
linear_entropy,0.5514285714285714,0.02187935905161884,0.9791763918959201,0.9995622184717753
linear_entropy,0.5521428571428572,0.021771300944119238,0.9792149918764628,0.9995667330417083
linear_entropy,0.5528571428571428,0.02166377651562592,0.9793557031606066,0.999571202089286
linear_entropy,0.5535714285714286,0.021556783130396943,0.9795102294662329,0.9995756260681832
linear_entropy,0.5542857142857143,0.021450318165707895,0.9796148113096639,0.9995800054275796
linear_entropy,0.555,0.02134437901178742,0.9796701799522789,0.999584340612204
linear_entropy,0.5557142857142857,0.02123896307175343,0.9797522639334519,0.9995886320623777
linear_entropy,0.5564285714285714,0.021134067761549292,0.9799195840465769,0.9995928802140585
linear_entropy,0.5571428571428572,0.021029690509880558,0.980036751152861,0.9995970854988836
linear_entropy,0.5578571428571428,0.020925828758151983,0.9801044989758984,0.9996012483442128
linear_entropy,0.5585714285714286,0.020822479960404663,0.980145269471747,0.9996053691731704
linear_entropy,0.5592857142857143,0.02071964158325381,0.9803209933723028,0.9996094484046869
linear_entropy,0.56,0.02061731110582646,0.9804464208317923,0.9996134864535403
linear_entropy,0.5607142857142857,0.02051548601969987,0.9805222872865399,0.9996174837303982
linear_entropy,0.5614285714285714,0.020414163828839853,0.9805493197418483,0.999621440641857
linear_entropy,0.5621428571428572,0.02031334204953969,0.9807171826856926,0.9996253575904833
linear_entropy,0.5628571428571428,0.020213018210359285,0.9808466850338889,0.9996292349748527
linear_entropy,0.5635714285714286,0.020113189852064443,0.980926546821485,0.9996330731895903
linear_entropy,0.5642857142857143,0.02001385452756676,0.9809574960322804,0.9996368726254089
linear_entropy,0.565,0.01991500980186348,0.981109675812922,0.999640633669148
linear_entropy,0.5657142857142857,0.019816653251977883,0.9812392140394784,0.9996443567038122
linear_entropy,0.5664285714285714,0.019718782466899936,0.981319092074701,0.9996480421086089
linear_entropy,0.5671428571428572,0.01962139504752707,0.9813500381910224,0.9996516902589857
linear_entropy,0.5678571428571428,0.019524488606605498,0.9814989349406249,0.9996553015266683
linear_entropy,0.5685714285714286,0.019428060768671585,0.9816246222465327,0.9996588762796959
linear_entropy,0.5692857142857143,0.019332109169993734,0.9817006873814879,0.9996624148824592
linear_entropy,0.57,0.019236631458514324,0.9817278582429223,0.9996659176957355
linear_entropy,0.5707142857142857,0.019141625293792118,0.9818844892707651,0.9996693850767245
linear_entropy,0.5714285714285714,0.019047088346944935,0.9820025956802441,0.9996728173790841
linear_entropy,0.5721428571428572,0.018953018300592442,0.9820711732934397,0.9996762149529649
linear_entropy,0.5728571428571428,0.018859412848799488,0.9821079813080542,0.999679578145045
linear_entropy,0.5735714285714286,0.018766269697019444,0.9822650532874466,0.999682907298565
linear_entropy,0.5742857142857143,0.018673586562038092,0.9823720092139072,0.9996862027533606
linear_entropy,0.575,0.018581361171917523,0.9824295827631138,0.9996894648458978
linear_entropy,0.5757142857142857,0.018489591265940526,0.9824963197946901,0.9996926939093049
linear_entropy,0.5764285714285714,0.018398274594555192,0.9826386353260059,0.9996958902734063
linear_entropy,0.5771428571428572,0.018307408919319677,0.9827310341847146,0.999699054264755
linear_entropy,0.5778571428571428,0.018216992012847433,0.9827742478153478,0.9997021862066648
linear_entropy,0.5785714285714286,0.018127021658752535,0.98287836883184,0.9997052864192424
linear_entropy,0.5792857142857143,0.018037495651595393,0.9830026370938062,0.9997083552194189
linear_entropy,0.58,0.01794841179682868,0.9830772370475592,0.9997113929209817
linear_entropy,0.5807142857142857,0.017859767910743472,0.983102897342051,0.9997143998346052
linear_entropy,0.5814285714285714,0.017771561820415897,0.9832508465497443,0.9997173762678815
linear_entropy,0.5821428571428572,0.017683791363653615,0.9833539447534875,0.999720322525351
linear_entropy,0.5828571428571429,0.01759645438894309,0.9834076696716426,0.9997232389085331
linear_entropy,0.5835714285714285,0.017509548755396596,0.9834813011495456,0.9997261257159546
linear_entropy,0.5842857142857143,0.017423072332699928,0.983610038524346,0.9997289832431814
linear_entropy,0.585,0.017337023001060076,0.9836890121428895,0.9997318117828458
linear_entropy,0.5857142857142857,0.017251398651153316,0.9837189518485189,0.9997346116246767
linear_entropy,0.5864285714285714,0.017166197184073466,0.9838504340327603,0.9997373830555276
linear_entropy,0.5871428571428572,0.017081416511280468,0.9839518743218282,0.9997401263594058
linear_entropy,0.5878571428571429,0.016997054554549168,0.984003936671352,0.9997428418175001
linear_entropy,0.5885714285714285,0.016913109245918396,0.9840793501588894,0.9997455297082083
linear_entropy,0.5892857142857143,0.016829578527640204,0.9842005140763226,0.9997481903071656
linear_entropy,0.59,0.016746460352129587,0.9842719971614325,0.9997508238872711
linear_entropy,0.5907142857142857,0.016663752681914057,0.9843003610459884,0.9997534307187157
linear_entropy,0.5914285714285714,0.016581453489583953,0.9844385491530484,0.9997560110690084
linear_entropy,0.5921428571428572,0.01649956075774249,0.9845267938499423,0.9997585652030024
linear_entropy,0.5928571428571429,0.016418072478956554,0.9845658271775591,0.9997610933829224
linear_entropy,0.5935714285714285,0.01633698665570727,0.9846690058588404,0.9997635958683898
linear_entropy,0.5942857142857143,0.016256301300341194,0.9847713999609103,0.9997660729164486
linear_entropy,0.595,0.01617601443502152,0.98482436218016,0.9997685247815911
linear_entropy,0.5957142857142858,0.016096124091679622,0.984894364985409,0.9997709517157827
linear_entropy,0.5964285714285714,0.016016628311966787,0.9850083469163504,0.999773353968488
linear_entropy,0.5971428571428572,0.01593752514720623,0.9850727145899665,0.9997757317866937
linear_entropy,0.5978571428571429,0.015858812658345326,0.9851166051103736,0.9997780854149347
linear_entropy,0.5985714285714285,0.015780488915908077,0.9852396672429657,0.9997804150953179
linear_entropy,0.5992857142857143,0.01570255199994776,0.9853129699884645,0.9997827210675457
linear_entropy,0.6,0.015625000000000007,0.9853372434017595,0.9997850035689407
linear_entropy,0.6007142857142858,0.015547831015035771,0.9854669350063255,0.9997872628344683
linear_entropy,0.6014285714285714,0.015471043153414951,0.9855467584233035,0.9997894990967605
linear_entropy,0.6021428571428571,0.015394634532839803,0.9855774449943543,0.999791712586139
linear_entropy,0.6028571428571429,0.015318603280308962,0.9856913038929002,0.9997939035306381
linear_entropy,0.6035714285714285,0.015242947532071456,0.9857752921461024,0.9997960721560272
linear_entropy,0.6042857142857143,0.015167665433581036,0.9858100710283632,0.9997982186858329
linear_entropy,0.605,0.01509275513945071,0.9859135430550666,0.9998003433413619
linear_entropy,0.6057142857142858,0.015018214813407515,0.9859994011346933,0.9998024463417224
linear_entropy,0.6064285714285714,0.014944042628247497,0.9860360113699109,0.9998045279038459
linear_entropy,0.6071428571428571,0.01487023676579094,0.9861340708291092,0.9998065882425091
linear_entropy,0.6078571428571429,0.014796795416837729,0.9862195665087653,0.9998086275703547
linear_entropy,0.6085714285714285,0.014723716781123145,0.9862558089730381,0.9998106460979129
linear_entropy,0.6092857142857143,0.014650999067273535,0.9863529864313917,0.9998126440336224
linear_entropy,0.61,0.014578640492762621,0.9864359519430491,0.9998146215838504
linear_entropy,0.6107142857142858,0.014506639283867582,0.9864696910125429,0.9998165789529141
linear_entropy,0.6114285714285714,0.014434993675625793,0.9865700997332075,0.9998185163430999
linear_entropy,0.6121428571428571,0.014363701911791362,0.9866484331775747,0.9998204339546846
linear_entropy,0.6128571428571429,0.014292762244792222,0.9866775981321094,0.9998223319859543
linear_entropy,0.6135714285714285,0.014222172935687227,0.9867849592103473,0.9998242106332249
linear_entropy,0.6142857142857143,0.01415193225412354,0.9868566257200985,0.9998260700908609
linear_entropy,0.615,0.014082038478294222,0.9868841529897725,0.9998279105512952
linear_entropy,0.6157142857142857,0.014012489894896021,0.9869968781591357,0.999829732205048
linear_entropy,0.6164285714285714,0.013943284799087336,0.9870599108315659,0.999831535240746
linear_entropy,0.6171428571428571,0.01387442149444654,0.9871029134792222,0.9998333198451405
linear_entropy,0.6178571428571429,0.013805898292930227,0.9872049592665858,0.9998350862031268
linear_entropy,0.6185714285714285,0.01373771351483202,0.9872574598813914,0.9998368344977618
linear_entropy,0.6192857142857143,0.013669865488741202,0.9873186078457294,0.9998385649102829
linear_entropy,0.62,0.013602352551501945,0.9874081176183771,0.9998402776201254
linear_entropy,0.6207142857142857,0.013535173048172353,0.9874482571554591,0.9998419728049405
linear_entropy,0.6214285714285714,0.01346832533198403,0.9875299145885487,0.9998436506406133
linear_entropy,0.6221428571428571,0.013401807764301655,0.9876051022245926,0.99984531130128
linear_entropy,0.6228571428571429,0.013335618714582822,0.9876311211959903,0.999846954959345
linear_entropy,0.6235714285714286,0.013269756560338072,0.9877353660965432,0.9998485817854983
linear_entropy,0.6242857142857143,0.013204219687091122,0.9877945161395366,0.999850191948733
linear_entropy,0.625,0.013139006488339287,0.9878424838916078,0.9998517856163607
linear_entropy,0.6257142857142857,0.01307411536551412,0.9879333675962393,0.9998533629540296
linear_entropy,0.6264285714285714,0.013009544727942149,0.9879748352484823,0.9998549241257403
linear_entropy,0.6271428571428571,0.012945292992806038,0.988050866635002,0.9998564692938616
linear_entropy,0.6278571428571429,0.012881358585105593,0.9881222148242458,0.9998579986191481
linear_entropy,0.6285714285714286,0.012817739937619348,0.9881499757771183,0.9998595122607546
linear_entropy,0.6292857142857143,0.012754435490865966,0.9882498249509141,0.999861010376253
linear_entropy,0.63,0.012691443693066184,0.988300110491048,0.9998624931216473
linear_entropy,0.6307142857142857,0.012628763000104617,0.9883604106811175,0.9998639606513898
linear_entropy,0.6314285714285715,0.012566391875492024,0.9884374131024828,0.9998654131183959
linear_entropy,0.6321428571428571,0.012504328790327585,0.9884651796001028,0.9998668506740594
linear_entropy,0.6328571428571429,0.012442572223261445,0.9885588743661988,0.9998682734682679
linear_entropy,0.6335714285714286,0.012381120660457406,0.988611622429656,0.9998696816494176
linear_entropy,0.6342857142857142,0.012319972595555836,0.9886668396162589,0.9998710753644273
linear_entropy,0.635,0.012259126529636729,0.9887432380926306,0.9998724547587544
linear_entropy,0.6357142857142857,0.012198580971182978,0.9887703946669939,0.9998738199764085
linear_entropy,0.6364285714285715,0.012138334436043766,0.9888621906744983,0.9998751711599656
linear_entropy,0.6371428571428571,0.012078385447398289,0.988911336622119,0.9998765084505828
linear_entropy,0.6378571428571429,0.012018732535719409,0.9889704681355129,0.9998778319880123
linear_entropy,0.6385714285714286,0.011959374238737792,0.9890403037278879,0.9998791419106149
linear_entropy,0.6392857142857142,0.011900309101405911,0.9890698906990377,0.999880438355374
linear_entropy,0.64,0.01184153567586249,0.989159123709796,0.9998817214579094
linear_entropy,0.6407142857142857,0.011783052521396959,0.9891989053556259,0.9998829913524909
linear_entropy,0.6414285714285715,0.011724858204414155,0.9892694658445982,0.999884248172051
linear_entropy,0.6421428571428571,0.011666951298399175,0.9893270889628901,0.999885492048199
linear_entropy,0.6428571428571429,0.01160933038388241,0.9893728486696071,0.9998867231112334
linear_entropy,0.6435714285714286,0.011551994048404747,0.9894470587079446,0.9998879414901553
linear_entropy,0.6442857142857142,0.011494940886482948,0.9894720248590203,0.9998891473126813
linear_entropy,0.645,0.011438169499575197,0.9895602004976325,0.9998903407052557
linear_entropy,0.6457142857142857,0.011381678496046817,0.9896002779878792,0.9998915217930637
linear_entropy,0.6464285714285715,0.01132546649113616,0.9896677650606276,0.9998926907000438
linear_entropy,0.6471428571428571,0.011269532106920655,0.9897217401402648,0.9998938475488999
linear_entropy,0.6478571428571429,0.011213873972283038,0.989770874761627,0.9998949924611131
linear_entropy,0.6485714285714286,0.01115849072287774,0.9898375460482863,0.999896125556955
linear_entropy,0.6492857142857142,0.011103381001097453,0.9898705301583433,0.9998972469554988
linear_entropy,0.65,0.011048543456039799,0.9899487094987848,0.9998983567746312
linear_entropy,0.6507142857142857,0.010993976743474325,0.9899775620190028,0.9998994551310646
linear_entropy,0.6514285714285715,0.010939679525809409,0.9900561295836525,0.9999005421403483
linear_entropy,0.6521428571428571,0.010885650472059622,0.990095158452868,0.9999016179168804
linear_entropy,0.6528571428571428,0.010831888257812958,0.9901605967116016,0.9999026825739187
linear_entropy,0.6535714285714286,0.010778391565198477,0.9902086598275448,0.9999037362235926
linear_entropy,0.6542857142857142,0.010725159082853946,0.9902627983891167,0.9999047789769139
linear_entropy,0.655,0.010672189505893714,0.9903187688648037,0.9999058109437878
linear_entropy,0.6557142857142857,0.010619481535876713,0.9903633247780956,0.9999068322330243
linear_entropy,0.6564285714285715,0.01056703388077464,0.9904260915813607,0.9999078429523486
linear_entropy,0.6571428571428571,0.010514845254940279,0.9904626740374659,0.9999088432084122
linear_entropy,0.6578571428571428,0.010462914379075995,0.9905311425820248,0.9999098331068029
linear_entropy,0.6585714285714286,0.010411239980202332,0.9905612574558474,0.9999108127520565
linear_entropy,0.6592857142857143,0.010359820791626909,0.9906343501459011,0.9999117822476661
linear_entropy,0.66,0.01030865555291323,0.9906594043821235,0.999912741696093
linear_entropy,0.6607142857142857,0.010257743009849938,0.9907360611124413,0.9999136911987767
linear_entropy,0.6614285714285715,0.010207081914419916,0.9907633751558259,0.9999146308561453
linear_entropy,0.6621428571428571,0.010156671024769848,0.9908365455739424,0.9999155607676252
linear_entropy,0.6628571428571428,0.01010650910517964,0.9908663394293562,0.9999164810316514
linear_entropy,0.6635714285714286,0.010056594926032225,0.9909360013808879,0.9999173917456768
linear_entropy,0.6642857142857143,0.01000692726378338,0.9909672663999568,0.9999182930061826
linear_entropy,0.665,0.009957504900931734,0.9910345584663461,0.9999191849086871
linear_entropy,0.6657142857142857,0.00990832662598894,0.9910663044601956,0.9999200675477565
linear_entropy,0.6664285714285715,0.009859391233449963,0.991132282995448,0.9999209410170126
linear_entropy,0.6671428571428571,0.009810697523763533,0.9911635385729325,0.9999218054091438
linear_entropy,0.6678571428571428,0.009762244303302752,0.9912291813457914,0.9999226608159136
linear_entropy,0.6685714285714286,0.009714030384335793,0.9912589942163049,0.9999235073281696
linear_entropy,0.6692857142857143,0.00966605458499687,0.9913252039244436,0.9999243450358531
linear_entropy,0.67,0.009618315729257153,0.9913526411668724,0.9999251740280077
linear_entropy,0.6707142857142857,0.009570812646896062,0.9914202488270433,0.9999259943927883
linear_entropy,0.6714285714285714,0.009523544173472466,0.9914449283310156,0.9999268062174699
linear_entropy,0.6721428571428572,0.009476509150296224,0.9915141653443382,0.9999276095884564
linear_entropy,0.6728571428571428,0.009429706424399742,0.991542647353653,0.9999284045912894
linear_entropy,0.6735714285714286,0.009383134848509726,0.9916067573213359,0.9999291913106564
linear_entropy,0.6742857142857143,0.009336793281019044,0.9916396696781893,0.9999299698303991
linear_entropy,0.675,0.009290680585958756,0.9916977863740866,0.9999307402335226
linear_entropy,0.6757142857142857,0.009244795632970263,0.9917356972241127,0.999931502602203
linear_entropy,0.6764285714285714,0.0091991372972776,0.9917869749689682,0.9999322570177958
linear_entropy,0.6771428571428572,0.009153704459659838,0.991830395612351,0.9999330035608441
linear_entropy,0.6778571428571428,0.009108496006423723,0.9918740093691937,0.9999337423110867
linear_entropy,0.6785714285714286,0.009063510829376268,0.9919233970081327,0.9999344733474659
linear_entropy,0.6792857142857143,0.009018747825797703,0.99195854245312,0.9999351967481354
linear_entropy,0.68,0.00897420589841433,0.9920143028389007,0.9999359125904685
linear_entropy,0.6807142857142857,0.008929883955371743,0.9920401964087969,0.9999366209510655
linear_entropy,0.6814285714285714,0.008885780910207947,0.9921026863916221,0.9999373219057613
linear_entropy,0.6821428571428572,0.008841895681826814,0.9921338906887864,0.9999380155296332
linear_entropy,0.6828571428571428,0.008798227194471544,0.9921880952937108,0.9999387018970083
linear_entropy,0.6835714285714286,0.008754774377698298,0.9922274948364198,0.9999393810814711
linear_entropy,0.6842857142857143,0.008711536166349962,0.9922700538816425,0.9999400531558708
linear_entropy,0.685,0.008668511500530038,0.9923178631265991,0.9999407181923281
linear_entropy,0.6857142857142857,0.008625699325576656,0.9923480654612251,0.9999413762622437
linear_entropy,0.6864285714285714,0.00858309859203674,0.992404459019899,0.999942027436304
linear_entropy,0.6871428571428572,0.008540708255640234,0.9924342180659819,0.999942671784489
linear_entropy,0.6878571428571428,0.008498527277274591,0.9924867292288636,0.9999433093760789
linear_entropy,0.6885714285714286,0.00845655462295919,0.9925261703054375,0.9999439402796619
linear_entropy,0.6892857142857143,0.008414789263820109,0.9925641056920911,0.9999445645631397
linear_entropy,0.69,0.008373230176064792,0.9926132852729702,0.9999451822937355
linear_entropy,0.6907142857142857,0.008331876340957035,0.9926389237769754,0.9999457935380003
linear_entropy,0.6914285714285714,0.008290726744791976,0.992694950039356,0.9999463983618191
linear_entropy,0.6921428571428572,0.008249780378871252,0.9927311837986919,0.9999469968304187
linear_entropy,0.6928571428571428,0.008209036239478277,0.9927705424040388,0.9999475890083728
linear_entropy,0.6935714285714286,0.008168493327853634,0.9928173257586497,0.9999481749596096
linear_entropy,0.6942857142857143,0.008128150650170597,0.9928432966819014,0.9999487547474176
linear_entropy,0.695,0.008088007217510768,0.9928966930177022,0.9999493284344525
linear_entropy,0.6957142857142857,0.008048062045839811,0.9929338575864195,0.9999498960827427
linear_entropy,0.6964285714285714,0.0080083141559834,0.992968624481905,0.999950457753696
linear_entropy,0.6971428571428572,0.007968762573603115,0.993016849385047,0.9999510135081058
linear_entropy,0.6978571428571428,0.00792940632917267,0.9930466603813477,0.9999515634061575
linear_entropy,0.6985714285714286,0.007890244457954032,0.9930915857905631,0.9999521075074336
linear_entropy,0.6992857142857143,0.007851275999973886,0.9931329141947222,0.9999526458709204
linear_entropy,0.7,0.007812500000000002,0.9931573802541545,0.9999531785550138
linear_entropy,0.7007142857142857,0.007773915507517892,0.9932100181877023,0.9999537056175252
linear_entropy,0.7014285714285714,0.007735521576707475,0.9932463424734856,0.9999542271156872
linear_entropy,0.7021428571428572,0.0076973172664199,0.9932772687833727,0.9999547431061592
linear_entropy,0.7028571428571428,0.00765930164015448,0.9933251960756685,0.9999552536450336
linear_entropy,0.7035714285714286,0.007621473766035728,0.9933581790087647,0.9999557587878407
linear_entropy,0.7042857142857143,0.007583832716790517,0.9933932254208889,0.9999562585895552
linear_entropy,0.705,0.0075463775697253615,0.9934380026642344,0.9999567531046004
linear_entropy,0.7057142857142857,0.007509107406703757,0.993469093567532,0.9999572423868556
linear_entropy,0.7064285714285714,0.0074720213141237545,0.9935059811530164,0.9999577264896593
linear_entropy,0.7071428571428572,0.007435118382895463,0.9935489639749647,0.9999582054658163
linear_entropy,0.7078571428571429,0.007398397708418871,0.9935794140200247,0.9999586793676022
linear_entropy,0.7085714285714285,0.007361858390561572,0.9936159269504489,0.9999591482467687
linear_entropy,0.7092857142857143,0.007325499533636774,0.9936582808126905,0.9999596121545491
linear_entropy,0.71,0.00728932024638131,0.9936891574720422,0.9999600711416632
linear_entropy,0.7107142857142857,0.007253319641933797,0.9937231446229292,0.9999605252583224
linear_entropy,0.7114285714285714,0.007217496837812897,0.9937658588050059,0.9999609745542349
linear_entropy,0.7121428571428572,0.00718185095589568,0.9937980595049483,0.9999614190786107
linear_entropy,0.7128571428571429,0.007146381122396111,0.9938274357997334,0.9999618588801663
linear_entropy,0.7135714285714285,0.007111086467843613,0.9938713366062136,0.9999622940071299
linear_entropy,0.7142857142857143,0.00707596612706177,0.9939056016180992,0.9999627245072461
linear_entropy,0.715,0.00704101923914711,0.9939308196737037,0.9999631504277807
linear_entropy,0.7157142857142857,0.007006244947448004,0.9939741123578448,0.9999635718155258
linear_entropy,0.7164285714285714,0.006971642399543667,0.9940110369641824,0.9999639887168036
linear_entropy,0.7171428571428572,0.006937210747223263,0.9940396722427023,0.9999644011774723
linear_entropy,0.7178571428571429,0.006902949146465113,0.9940733684937622,0.9999648092429297
linear_entropy,0.7185714285714285,0.006868856757416009,0.9941134144639011,0.9999652129581184
linear_entropy,0.7192857142857143,0.0068349327443706,0.9941458557004927,0.9999656123675298
linear_entropy,0.72,0.0068011762757509715,0.994171186917133,0.9999660075152093
linear_entropy,0.7207142857142858,0.006767586524086175,0.9942116013825513,0.9999663984447598
linear_entropy,0.7214285714285714,0.006734162665992014,0.9942481194636791,0.9999667851993471
linear_entropy,0.7221428571428572,0.006700903882150827,0.9942781096720562,0.9999671678217036
linear_entropy,0.7228571428571429,0.00666780935729141,0.9943043044473144,0.9999675463541325
linear_entropy,0.7235714285714285,0.006634878280169035,0.9943450623469366,0.9999679208385126
linear_entropy,0.7242857142857143,0.00660210984354556,0.9943798129138003,0.9999682913163025
linear_entropy,0.725,0.006569503244169644,0.9944089691518934,0.9999686578285437
linear_entropy,0.7257142857142858,0.006537057682757053,0.9944351517132404,0.9999690204158667
linear_entropy,0.7264285714285714,0.0065047723639710744,0.9944746696909065,0.999969379118493
linear_entropy,0.7271428571428571,0.006472646496403019,0.994509026942957,0.9999697339762408
linear_entropy,0.7278571428571429,0.006440679292552796,0.9945385928425851,0.9999700850285278
linear_entropy,0.7285714285714285,0.006408869968809673,0.9945637230293985,0.9999704323143763
linear_entropy,0.7292857142857143,0.006377217745432982,0.9946003760238821,0.999970775872416
linear_entropy,0.73,0.006345721846533091,0.9946353676095804,0.9999711157408891
linear_entropy,0.7307142857142858,0.0063143815000523025,0.9946662520984326,0.999971451957653
linear_entropy,0.7314285714285714,0.006283195937746011,0.9946933460968023,0.9999717845601849
linear_entropy,0.7321428571428571,0.0062521643951637925,0.9947212883317491,0.9999721135855851
linear_entropy,0.7328571428571429,0.0062212861116307215,0.9947576319816758,0.9999724390705815
linear_entropy,0.7335714285714285,0.006190560330228703,0.9947904450698414,0.9999727610515322
linear_entropy,0.7342857142857143,0.006159986297777918,0.994820008422759,0.9999730795644303
linear_entropy,0.735,0.006129563264818364,0.9948465914141902,0.9999733946449065
linear_entropy,0.7357142857142858,0.006099290485591483,0.9948739156217284,0.9999737063282336
linear_entropy,0.7364285714285714,0.006069167218021882,0.9949090014412688,0.9999740146493294
linear_entropy,0.7371428571428571,0.006039192723699144,0.9949412837966441,0.9999743196427611
linear_entropy,0.7378571428571429,0.0060093662678597035,0.9949710001983597,0.9999746213427473
linear_entropy,0.7385714285714285,0.005979687119368896,0.9949983778467306,0.999974919783163
linear_entropy,0.7392857142857143,0.005950154550702949,0.9950236338831442,0.999975214997542
linear_entropy,0.74,0.005920767837931244,0.9950542032442382,0.9999755070190813
linear_entropy,0.7407142857142857,0.005891526260698479,0.9950869940779808,0.9999757958806433
linear_entropy,0.7414285714285714,0.005862429102207077,0.9951177498057329,0.9999760816147596
linear_entropy,0.7421428571428571,0.005833475649199588,0.9951466600744364,0.9999763642536348
linear_entropy,0.7428571428571429,0.005804665191941205,0.9951739054985383,0.9999766438291491
linear_entropy,0.7435714285714285,0.005775997024202373,0.9951996578864791,0.9999769203728616
linear_entropy,0.7442857142857143,0.005747470443241473,0.995224769189596,0.9999771939160139
linear_entropy,0.745,0.005719084749787598,0.9952569436086208,0.999977464489533
linear_entropy,0.7457142857142857,0.005690839248023414,0.9952876359073499,0.9999777321240342
linear_entropy,0.7464285714285714,0.005662733245568079,0.9953169943006986,0.9999779968498245
linear_entropy,0.7471428571428571,0.005634766053460332,0.9953451591183344,0.999978258696906
linear_entropy,0.7478571428571429,0.005606936986141519,0.995372263008585,0.9999785176949783
linear_entropy,0.7485714285714286,0.0055792453614388745,0.9953984311384453,0.9999787738734414
linear_entropy,0.7492857142857143,0.005551690500548721,0.9954237813897479,0.9999790272613996
linear_entropy,0.75,0.005524271728019904,0.9954484245515558,0.9999792778876638
linear_entropy,0.7507142857142857,0.005496988371737162,0.9954774373635528,0.9999795257807544
linear_entropy,0.7514285714285714,0.005469839762904709,0.9955067372024526,0.9999797709689042
linear_entropy,0.7521428571428571,0.00544282523602981,0.9955352417410706,0.9999800134800616
linear_entropy,0.7528571428571429,0.005415944128906478,0.9955630434870991,0.9999802533418931
linear_entropy,0.7535714285714286,0.005389195782599237,0.9955902286309554,0.9999804905817865
linear_entropy,0.7542857142857143,0.005362579541426972,0.995616877218616,0.9999807252268528
linear_entropy,0.755,0.005336094752946856,0.9956430633210661,0.9999809573039303
linear_entropy,0.7557142857142857,0.005309740767938361,0.9956688552004175,0.9999811868395859
linear_entropy,0.7564285714285715,0.00528351694038732,0.9956943154727509,0.9999814138601192
linear_entropy,0.7571428571428571,0.005257422627470144,0.9957195012677368,0.9999816383915635
linear_entropy,0.7578571428571429,0.005231457189537992,0.9957444643850881,0.9999818604596905
linear_entropy,0.7585714285714286,0.00520561999010117,0.9957692514478977,0.999982080090011
linear_entropy,0.7592857142857142,0.0051799103958134534,0.9957939040529109,0.9999822973077785
linear_entropy,0.76,0.005154327776456619,0.9958184589177861,0.999982512137992
linear_entropy,0.7607142857142857,0.005128871504924968,0.9958442822549729,0.9999827246053976
linear_entropy,0.7614285714285715,0.0051035409572099625,0.9958704028628147,0.9999829347344917
linear_entropy,0.7621428571428571,0.005078335512384924,0.9958962270180672,0.9999831425495234
linear_entropy,0.7628571428571429,0.00505325455258982,0.995921779936649,0.9999833480744968
linear_entropy,0.7635714285714286,0.005028297463016113,0.9959470825393933,0.9999835513331737
linear_entropy,0.7642857142857142,0.005003463631891693,0.995972151583795,0.9999837523490758
linear_entropy,0.765,0.004978752450465866,0.9959969997930582,0.9999839511454868
linear_entropy,0.7657142857142857,0.004954163312994474,0.9960216359824966,0.9999841477454556
linear_entropy,0.7664285714285715,0.0049296956167249805,0.9960460651833245,0.9999843421717982
linear_entropy,0.7671428571428571,0.004905348761881771,0.9960702887638877,0.9999845344470996
linear_entropy,0.7678571428571429,0.004881122151651372,0.9960943045483746,0.9999847245937166
linear_entropy,0.7685714285714286,0.0048570151921679,0.9961181069330515,0.9999849126337801
linear_entropy,0.7692857142857142,0.0048330272924984345,0.9961416870000643,0.9999850985891973
linear_entropy,0.77,0.00480915786462858,0.9961650326288476,0.9999852824816537
linear_entropy,0.7707142857142857,0.00478540632344803,0.9961881286051822,0.9999854643326156
linear_entropy,0.7714285714285715,0.004761772086736233,0.9962112223302636,0.9999856441633318
linear_entropy,0.7721428571428571,0.004738254575148111,0.9962356613697875,0.9999858219948367
linear_entropy,0.7728571428571429,0.004714853212199871,0.9962599803764525,0.9999859978479514
linear_entropy,0.7735714285714286,0.004691567424254863,0.9962841476860592,0.9999861717432865
linear_entropy,0.7742857142857142,0.004668396640509526,0.9963081291399603,0.9999863437012442
linear_entropy,0.775,0.004645340292979378,0.996331888179573,0.9999865137420196
linear_entropy,0.7757142857142857,0.004622397816485135,0.996355385938824,0.999986681885604
linear_entropy,0.7764285714285715,0.0045995686486387955,0.9963785813345651,0.999986848151786
linear_entropy,0.7771428571428571,0.004576852229829923,0.9964014311549946,0.9999870125601537
linear_entropy,0.7778571428571428,0.004554248003211862,0.9964238901461167,0.9999871751300968
linear_entropy,0.7785714285714286,0.004531755414688137,0.9964459110962791,0.999987335880809
linear_entropy,0.7792857142857142,0.004509373912898852,0.996467444918816,0.9999874948312891
linear_entropy,0.78,0.004487102949207169,0.9964884407328336,0.9999876520003436
linear_entropy,0.7807142857142857,0.004464941977685871,0.9965088459421698,0.9999878074065884
linear_entropy,0.7814285714285715,0.004442890455103973,0.9965317162415848,0.9999879610684507
linear_entropy,0.7821428571428571,0.004420947840913407,0.9965553287369097,0.9999881130041709
linear_entropy,0.7828571428571428,0.004399113597235772,0.9965783081047449,0.9999882632318045
linear_entropy,0.7835714285714286,0.004377387188849149,0.9966005916798569,0.9999884117692238
linear_entropy,0.7842857142857143,0.004355768083174981,0.9966221155214743,0.9999885586341202
linear_entropy,0.785,0.004334255750265018,0.9966428144809082,0.9999887038440053
linear_entropy,0.7857142857142857,0.004312849662788328,0.9966626222675783,0.9999888474162132
linear_entropy,0.7864285714285715,0.0042915492960183665,0.9966820644467089,0.999988989367902
linear_entropy,0.7871428571428571,0.004270354127820116,0.9967055956373571,0.9999891297160558
linear_entropy,0.7878571428571428,0.004249263638637295,0.9967281255076195,0.9999892684774867
linear_entropy,0.7885714285714286,0.004228277311479598,0.9967495803787118,0.9999894056688353
linear_entropy,0.7892857142857143,0.004207394631910054,0.9967698858009559,0.999989541306574
linear_entropy,0.79,0.004186615088032396,0.9967889666098667,0.9999896754070077
linear_entropy,0.7907142857142857,0.004165938170478518,0.9968082051424687,0.9999898079862756
linear_entropy,0.7914285714285715,0.004145363372395987,0.9968311789978533,0.9999899390603532
linear_entropy,0.7921428571428571,0.004124890189435626,0.9968527708021262,0.9999900686450536
linear_entropy,0.7928571428571428,0.0041045181197391385,0.9968729000172786,0.9999901967560292
linear_entropy,0.7935714285714286,0.004084246663926817,0.9968914857085543,0.9999903234087733
linear_entropy,0.7942857142857143,0.0040640753250852975,0.996910378670656,0.9999904486186221
linear_entropy,0.795,0.0040440036087553794,0.9969328584364735,0.9999905724007554
linear_entropy,0.7957142857142857,0.004024031022919905,0.9969536038869247,0.999990694770199
linear_entropy,0.7964285714285714,0.004004157077991699,0.9969725302257837,0.9999908157418259
linear_entropy,0.7971428571428572,0.003984381286801557,0.9969895525376229,0.9999909353303577
linear_entropy,0.7978571428571428,0.003964703164586334,0.9970116880168348,0.9999910535503662
linear_entropy,0.7985714285714286,0.003945122228977015,0.9970324254167161,0.9999911704162753
linear_entropy,0.7992857142857143,0.003925637999986942,0.9970510414524354,0.9999912859423619
linear_entropy,0.8,0.0039062499999999974,0.9970674486803519,0.9999914001427577
linear_entropy,0.8007142857142857,0.0038869577537589454,0.9970897448212479,0.9999915130314503
linear_entropy,0.8014285714285714,0.003867760788353737,0.9971096852362615,0.9999916246222853
linear_entropy,0.8021428571428572,0.00384865863320995,0.997127180677882,0.9999917349289669
linear_entropy,0.8028571428571428,0.00382965082007724,0.9971456775990364,0.9999918439650604
linear_entropy,0.8035714285714286,0.0038107368830178636,0.9971665876428187,0.999991951743992
linear_entropy,0.8042857142857143,0.0037919163583952586,0.9971848026171519,0.9999920582790521
linear_entropy,0.805,0.003773188784862677,0.997201025401599,0.999992163583395
linear_entropy,0.8057142857142857,0.003754553703351878,0.9972224741322597,0.9999922676700412
linear_entropy,0.8064285714285714,0.003736010657061877,0.997240966044569,0.9999923705518787
linear_entropy,0.8071428571428572,0.003717559191447731,0.9972564105478926,0.9999924722416634
linear_entropy,0.8078571428571428,0.003699198854209435,0.9972777251359797,0.9999925727520222
linear_entropy,0.8085714285714286,0.0036809291952807823,0.9972959859391541,0.9999926720954523
linear_entropy,0.8092857142857143,0.0036627497668183864,0.9973114362568547,0.9999927702843239
linear_entropy,0.81,0.0036446601231906513,0.9973324073245461,0.999992867330881
linear_entropy,0.8107142857142857,0.003626659820966898,0.9973498714281224,0.9999929632472424
linear_entropy,0.8114285714285714,0.003608748418906448,0.9973664597427052,0.9999930580454036
linear_entropy,0.8121428571428572,0.00359092547794784,0.9973863029780776,0.9999931517372374
linear_entropy,0.8128571428571428,0.003573190561198055,0.9974023546335454,0.9999932443344953
linear_entropy,0.8135714285714286,0.003555543233921806,0.9974208770940931,0.9999933358488091
linear_entropy,0.8142857142857143,0.0035379830635308847,0.9974389375539826,0.9999934262916919
linear_entropy,0.815,0.0035205096195735576,0.9974541530156693,0.9999935156745385
linear_entropy,0.8157142857142857,0.003503122473724002,0.9974740212041753,0.9999936040086282
linear_entropy,0.8164285714285714,0.0034858211997718363,0.9974896055427286,0.9999936913051244
linear_entropy,0.8171428571428572,0.0034686053736116317,0.9975080516244423,0.9999937775750766
linear_entropy,0.8178571428571428,0.0034514745732325595,0.9975250121343655,0.9999938628294214
linear_entropy,0.8185714285714286,0.0034344283787080014,0.997541391755156,0.9999939470789835
linear_entropy,0.8192857142857143,0.003417466372185303,0.9975594796278744,0.9999940303344769
linear_entropy,0.82,0.0034005881378754853,0.9975743262022783,0.9999941126065062
linear_entropy,0.8207142857142857,0.0033837932620430873,0.9975932734960975,0.9999941939055672
linear_entropy,0.8214285714285714,0.0033670813329960067,0.9976072219012443,0.9999942742420486
linear_entropy,0.8221428571428572,0.0033504519410754133,0.9976265870759388,0.9999943536262326
linear_entropy,0.8228571428571428,0.0033339046786457047,0.9976408960729767,0.9999944320682962
linear_entropy,0.8235714285714286,0.0033174391400845175,0.997659545888093,0.9999945095783122
linear_entropy,0.8242857142857143,0.00330105492177278,0.9976739128143957,0.9999945861662501
linear_entropy,0.825,0.0032847516220848244,0.9976922117820362,0.9999946618419776
linear_entropy,0.8257142857142857,0.0032685288413785265,0.997706319975455,0.9999947366152612
linear_entropy,0.8264285714285714,0.00325238618198554,0.9977245869121186,0.9999948104957671
linear_entropy,0.8271428571428572,0.003236323248201506,0.9977381070969344,0.9999948834930628
linear_entropy,0.8278571428571428,0.0032203396462764005,0.9977566175504264,0.9999949556166173
linear_entropy,0.8285714285714286,0.0032044349844048336,0.9977705966555387,0.9999950268758028
linear_entropy,0.8292857142857143,0.0031886088727164936,0.9977881977419073,0.9999950972798953
linear_entropy,0.83,0.0031728609232665457,0.9978029961688465,0.9999951668380759
linear_entropy,0.8307142857142857,0.003157190750026154,0.9978191728070902,0.9999952355594309
linear_entropy,0.8314285714285714,0.0031415979688730056,0.9978349588978258,0.9999953034529541
linear_entropy,0.8321428571428572,0.003126082197581896,0.9978493426975721,0.9999953705275464
linear_entropy,0.8328571428571429,0.0031106430558153608,0.9978662495816185,0.9999954367920175
linear_entropy,0.8335714285714285,0.0030952801651143538,0.9978798563899339,0.9999955022550868
linear_entropy,0.8342857142857143,0.0030799931488889585,0.9978965928260091,0.9999955669253842
linear_entropy,0.835,0.0030647816324091844,0.9979116656348528,0.9999956308114504
linear_entropy,0.8357142857142857,0.0030496452427957415,0.9979256760990957,0.999995693921739
linear_entropy,0.8364285714285714,0.0030345836090109437,0.9979422605920045,0.9999957562646163
linear_entropy,0.8371428571428572,0.003019596361849569,0.9979562573839067,0.9999958178483628
linear_entropy,0.8378571428571429,0.0030046831339298544,0.997971266229783,0.9999958786811738
linear_entropy,0.8385714285714285,0.0029898435596844475,0.997986977347734,0.9999959387711602
linear_entropy,0.8392857142857143,0.0029750772753514773,0.9980005054751973,0.9999959981263497
linear_entropy,0.84,0.0029603839189656215,0.998015674087227,0.9999960567546872
linear_entropy,0.8407142857142857,0.002945763130349239,0.9980310384391583,0.9999961146640359
linear_entropy,0.8414285714285714,0.0029312145511035384,0.9980445667169261,0.9999961718621783
linear_entropy,0.8421428571428572,0.0029167378245997934,0.9980590211388467,0.9999962283568161
linear_entropy,0.8428571428571429,0.002902332595970602,0.998074433913004,0.9999962841555725
linear_entropy,0.8435714285714285,0.002887998512101189,0.9980883040804689,0.9999963392659916
linear_entropy,0.8442857142857143,0.0028737352216207366,0.9981011413548839,0.9999963936955402
linear_entropy,0.845,0.0028595423748938014,0.9981168773546226,0.9999964474516077
linear_entropy,0.8457142857142858,0.002845419624011704,0.9981313148670852,0.9999965005415076
linear_entropy,0.8464285714285714,0.002831366622784042,0.9981445993981439,0.9999965529724778
linear_entropy,0.8471428571428572,0.0028173830267301633,0.9981578329503584,0.999996604751682
linear_entropy,0.8478571428571429,0.0028034684930707617,0.9981729571320639,0.9999966558862095
linear_entropy,0.8485714285714285,0.0027896226807194373,0.9981871085591196,0.9999967063830766
linear_entropy,0.8492857142857143,0.0027758452502743627,0.9982004070054501,0.9999967562492272
linear_entropy,0.85,0.0027621358640099515,0.9982129651185159,0.9999968054915339
linear_entropy,0.8507142857142858,0.0027484941858685807,0.9982273750358278,0.9999968541167976
linear_entropy,0.8514285714285714,0.0027349198814523544,0.9982416458211406,0.9999969021317495
linear_entropy,0.8521428571428571,0.002721412618014905,0.9982552833851719,0.9999969495430511
linear_entropy,0.8528571428571429,0.002707972064453239,0.998268377844401,0.9999969963572949
linear_entropy,0.8535714285714285,0.0026945978912996183,0.9982810130326607,0.9999970425810056
linear_entropy,0.8542857142857143,0.002681289770713486,0.9982939166333656,0.9999970882206404
linear_entropy,0.855,0.0026680473764734277,0.9983079760993131,0.9999971332825891
linear_entropy,0.8557142857142858,0.0026548703839691778,0.9983216204115785,0.9999971777731763
linear_entropy,0.8564285714285714,0.002641758470193662,0.9983349137760409,0.9999972216986607
linear_entropy,0.8571428571428571,0.0026287113137350715,0.9983479148828721,0.999997265065236
linear_entropy,0.8578571428571429,0.0026157285947689983,0.9983606770634118,0.9999973078790324
linear_entropy,0.8585714285714285,0.0026028099950505847,0.998373248443923,0.9999973501461161
linear_entropy,0.8592857142857143,0.0025899551979067267,0.998385672096276,0.9999973918724906
linear_entropy,0.86,0.0025771638882283094,0.9983979861856174,0.9999974330640974
linear_entropy,0.8607142857142858,0.002564435752462484,0.9984108912298568,0.999997473726816
linear_entropy,0.8614285714285714,0.002551770478604981,0.9984239167163091,0.9999975138664655
linear_entropy,0.8621428571428571,0.0025391677561924617,0.998436778617603,0.9999975534888044
linear_entropy,0.8628571428571429,0.0025266272762949097,0.9984495001902952,0.9999975925995311
linear_entropy,0.8635714285714285,0.002514148731508056,0.9984621004245939,0.9999976312042856
linear_entropy,0.8642857142857143,0.0025017318159458444,0.998474594175714,0.9999976693086489
linear_entropy,0.865,0.002489376225232933,0.9984869922925409,0.9999977069181442
linear_entropy,0.8657142857142857,0.0024770816564972367,0.998499301743647,0.999997744038237
linear_entropy,0.8664285714285714,0.0024648478083624903,0.9985115257407089,0.999997780674337
linear_entropy,0.8671428571428571,0.002452674380940885,0.9985236638593653,0.9999978168317966
linear_entropy,0.8678571428571429,0.0024405610758256855,0.9985357121575619,0.9999978525159131
linear_entropy,0.8685714285714285,0.00242850759608395,0.9985476632914249,0.9999978877319289
linear_entropy,0.8692857142857143,0.002416513646249215,0.9985595066287052,0.9999979224850313
linear_entropy,0.87,0.0024045789323142897,0.9985712283598351,0.9999979567803542
linear_entropy,0.8707142857142857,0.002392703161724015,0.9985828116066371,0.999997990622978
linear_entropy,0.8714285714285714,0.002380886043368116,0.9985943693298875,0.99999802401793
linear_entropy,0.8721428571428571,0.0023691272875740557,0.9986065631557579,0.9999980569701853
linear_entropy,0.8728571428571429,0.0023574266060999356,0.9986186468878523,0.9999980894846672
linear_entropy,0.8735714285714286,0.002345783712127431,0.9986305898549488,0.9999981215662478
linear_entropy,0.8742857142857143,0.0023341983202547606,0.9986423588708457,0.999998153219748
linear_entropy,0.875,0.0023226701464896886,0.9986539183291806,0.9999981844499393
linear_entropy,0.8757142857142857,0.002311198908242567,0.9986652302961797,0.9999982152615426
linear_entropy,0.8764285714285714,0.0022997843243193978,0.9986762546013741,0.9999982456592299
linear_entropy,0.8771428571428571,0.002288426114914961,0.9986869489263163,0.9999982756476246
linear_entropy,0.8778571428571429,0.0022771240016059287,0.998698830534578,0.9999983052313017
linear_entropy,0.8785714285714286,0.0022658777073440686,0.9987105608942252,0.9999983344147885
linear_entropy,0.8792857142857143,0.0022546869564494237,0.9987218961516641,0.9999983632025647
linear_entropy,0.88,0.002243551474603584,0.9987327840678175,0.9999983915990641
linear_entropy,0.8807142857142857,0.0022324709888429353,0.9987431707088563,0.9999984196086731
linear_entropy,0.8814285714285715,0.002221445227551986,0.998754555487592,0.9999984472357327
linear_entropy,0.8821428571428571,0.002210473920456703,0.9987660477609713,0.9999984744845389
linear_entropy,0.8828571428571429,0.0021995567986178854,0.9987769299464844,0.9999985013593422
linear_entropy,0.8835714285714286,0.002188693594424574,0.9987871401015755,0.999998527864349
linear_entropy,0.8842857142857142,0.0021778840415874923,0.9987981463413901,0.9999985540037212
linear_entropy,0.885,0.002167127875132509,0.9988094292949972,0.9999985797815779
linear_entropy,0.8857142857142857,0.002156424831394166,0.9988199006707549,0.9999986052019942
linear_entropy,0.8864285714285715,0.002145774648009183,0.9988297883928332,0.9999986302690034
linear_entropy,0.8871428571428571,0.00213517706391006,0.9988412844230448,0.9999986549865957
linear_entropy,0.8878571428571429,0.002124631819318645,0.998851807788898,0.99999867935872
linear_entropy,0.8885714285714286,0.0021141386557397986,0.9988613379642599,0.9999987033892836
linear_entropy,0.8892857142857142,0.0021036973159550268,0.9988727758553884,0.9999987270821529
linear_entropy,0.89,0.002093307544016198,0.9988830610775346,0.9999987504411537
linear_entropy,0.8907142857142857,0.0020829690852392584,0.9988928458252155,0.9999987734700716
linear_entropy,0.8914285714285715,0.0020726816861979937,0.9989038796370202,0.9999987961726524
linear_entropy,0.8921428571428571,0.0020624450947178126,0.9989135643038435,0.9999988185526028
linear_entropy,0.8928571428571429,0.002052259059869569,0.9989240788238986,0.9999988406135901
linear_entropy,0.8935714285714286,0.002042123331963408,0.9989342961300882,0.9999988623592437
linear_entropy,0.8942857142857142,0.0020320376625426505,0.9989439196650333,0.9999988837931543
linear_entropy,0.895,0.0020220018043776897,0.9989545474428156,0.9999989049188749
linear_entropy,0.8957142857142857,0.002012015511459954,0.9989635909915353,0.9999989257399213
linear_entropy,0.8964285714285715,0.002002078538995848,0.998974483097723,0.9999989462597723
linear_entropy,0.8971428571428571,0.00199219064340078,0.9989835316426982,0.9999989664818698
linear_entropy,0.8978571428571429,0.0019823515822931653,0.9989942018345782,0.9999989864096199
linear_entropy,0.8985714285714286,0.0019725611144885092,0.999003194655349,0.9999990060463922
linear_entropy,0.8992857142857142,0.001962818999993471,0.9990137403529323,0.9999990253955212
linear_entropy,0.9,0.001953125,0.9990224828934506,0.9999990444603064
linear_entropy,0.9007142857142857,0.0019434788768794727,0.9990330772212614,0.9999990632440119
linear_entropy,0.9014285714285715,0.0019338803941768682,0.9990420683471845,0.9999990817498678
linear_entropy,0.9021428571428571,0.0019243293166049749,0.9990521366251365,0.9999990999810702
linear_entropy,0.9028571428571428,0.0019148254100386215,0.9990614909256734,0.9999991179407809
linear_entropy,0.9035714285714286,0.0019053684415089316,0.9990707919598457,0.9999991356321288
linear_entropy,0.9042857142857142,0.0018959581791976308,0.9990805912152834,0.9999991530582095
linear_entropy,0.905,0.0018865943924313384,0.9990892657391269,0.9999991702220861
linear_entropy,0.9057142857142857,0.0018772768516759405,0.9990991644146235,0.9999991871267889
linear_entropy,0.9064285714285715,0.0018680053285309367,0.9991084584903454,0.9999992037753165
linear_entropy,0.9071428571428571,0.001858779595723867,0.9991169635526461,0.9999992201706355
linear_entropy,0.9078571428571428,0.0018495994271047172,0.9991268806939573,0.9999992363156813
linear_entropy,0.9085714285714286,0.0018404645976403925,0.9991360154335068,0.9999992522133581
linear_entropy,0.9092857142857143,0.001831374883409193,0.9991444742771622,0.9999992678665393
linear_entropy,0.91,0.0018223300615953272,0.9991540322507981,0.9999992832780678
linear_entropy,0.9107142857142857,0.0018133299104834489,0.9991632348307189,0.9999992984507565
linear_entropy,0.9114285714285715,0.0018043742094532237,0.9991719174083648,0.9999993133873882
linear_entropy,0.9121428571428571,0.0017954627389739199,0.9991804247146423,0.9999993280907166
linear_entropy,0.9128571428571428,0.0017865952805990288,0.9991898140504513,0.9999993425634656
linear_entropy,0.9135714285714286,0.001777771616960903,0.9991987985657346,0.9999993568083305
linear_entropy,0.9142857142857143,0.0017689915317654437,0.999207446308511,0.999999370827978
linear_entropy,0.915,0.0017602548097867773,0.9992158196866522,0.9999993846250462
linear_entropy,0.9157142857142857,0.0017515612368620022,0.9992244716853655,0.9999993982021453
linear_entropy,0.9164285714285715,0.0017429105998859164,0.9992334684894817,0.9999994115618577
linear_entropy,0.9171428571428571,0.0017343026868058171,0.9992422413153124,0.9999994247067383
linear_entropy,0.9178571428571428,0.0017257372866162795,0.9992508339546672,0.9999994376393146
linear_entropy,0.9185714285714286,0.001717214189354002,0.9992592852865307,0.9999994503620877
linear_entropy,0.9192857142857143,0.0017087331860926513,0.9992676294217577,0.9999994628775314
linear_entropy,0.92,0.0017002940689377426,0.9992758958448509,0.9999994751880934
linear_entropy,0.9207142857142857,0.0016918966310215436,0.9992841095528704,0.9999994872961954
linear_entropy,0.9214285714285714,0.0016835406664980034,0.9992923692355369,0.9999994992042329
linear_entropy,0.9221428571428572,0.0016752259705377064,0.99930082577788,0.9999995109145764
linear_entropy,0.9228571428571428,0.0016669523393228523,0.9993091918858077,0.9999995224295705
linear_entropy,0.9235714285714286,0.0016587195700422585,0.9993174780309,0.9999995337515349
linear_entropy,0.9242857142857143,0.0016505274608863913,0.999325690815744,0.9999995448827647
linear_entropy,0.925,0.0016423758110424105,0.9993338330971077,0.9999995558255301
linear_entropy,0.9257142857142857,0.0016342644206892645,0.9993419041065623,0.9999995665820776
linear_entropy,0.9264285714285714,0.0016261930909927697,0.999349899568594,0.9999995771546286
linear_entropy,0.9271428571428572,0.0016181616241007543,0.9993578118162477,0.9999995875453819
linear_entropy,0.9278571428571428,0.0016101698231382,0.9993659024174434,0.9999995977565119
linear_entropy,0.9285714285714286,0.0016022174922024181,0.9993740334686088,0.9999996077901699
linear_entropy,0.9292857142857143,0.0015943044363582466,0.9993821086009199,0.9999996176484843
linear_entropy,0.93,0.0015864304616332726,0.9993901058947349,0.9999996273335606
linear_entropy,0.9307142857142857,0.0015785953750130767,0.9993980006121647,0.9999996368474815
linear_entropy,0.9314285714285714,0.0015707989844365026,0.9994057652983377,0.9999996461923074
linear_entropy,0.9321428571428572,0.001563041098790948,0.9994133698804837,0.9999996553700765
linear_entropy,0.9328571428571428,0.0015553215279076802,0.9994207817648748,0.9999996643828054
linear_entropy,0.9335714285714286,0.0015476400825571754,0.9994286615219846,0.9999996732324886
linear_entropy,0.9342857142857143,0.0015399965744444793,0.9994365567038269,0.9999996819210992
linear_entropy,0.935,0.0015323908162045907,0.999444202745184,0.9999996904505895
linear_entropy,0.9357142857142857,0.0015248226213978706,0.9994515563377794,0.99999969882289
linear_entropy,0.9364285714285714,0.0015172918045054716,0.9994588901673722,0.999999707039911
linear_entropy,0.9371428571428572,0.0015097981809247844,0.9994667552216474,0.9999997151035419
linear_entropy,0.9378571428571428,0.001502341566964927,0.9994742350042255,0.9999997230156519
linear_entropy,0.9385714285714286,0.0014949217798422222,0.9994812770982355,0.9999997307780897
linear_entropy,0.9392857142857143,0.0014875386376757384,0.9994889412712239,0.9999997383926844
linear_entropy,0.94,0.0014801919594828108,0.9994964095087214,0.9999997458612452
linear_entropy,0.9407142857142857,0.0014728815651746194,0.9995033159213482,0.9999997531855614
linear_entropy,0.9414285714285714,0.001465607275551769,0.9995109379160048,0.9999997603674036
linear_entropy,0.9421428571428572,0.0014583689122998965,0.9995181717545467,0.9999997674085227
linear_entropy,0.9428571428571428,0.001451166297985301,0.9995251234971799,0.9999997743106506
linear_entropy,0.9435714285714286,0.001443999256050593,0.9995326271774637,0.999999781075501
linear_entropy,0.9442857142857143,0.001436867610810368,0.9995393274375278,0.9999997877047683
linear_entropy,0.945,0.0014297711874469005,0.9995468442276235,0.999999794200129
linear_entropy,0.9457142857142857,0.001422709812005852,0.9995536242939775,0.9999998005632413
linear_entropy,0.9464285714285714,0.001415683311392021,0.9995609189448378,0.9999998067957452
linear_entropy,0.9471428571428572,0.0014086915133650815,0.9995676603980284,0.9999998128992632
linear_entropy,0.9478571428571428,0.0014017342465353806,0.9995748854426426,0.9999998188753997
linear_entropy,0.9485714285714286,0.0013948113403597173,0.9995814472694567,0.9999998247257421
linear_entropy,0.9492857142857143,0.0013879226251371814,0.9995887198133013,0.9999998304518605
linear_entropy,0.95,0.0013810679320049757,0.9995952354019958,0.9999998360553073
linear_entropy,0.9507142857142857,0.0013742470929342904,0.9996023438719653,0.9999998415376188
linear_entropy,0.9514285714285714,0.001367459940726177,0.9996091001304847,0.9999998469003141
linear_entropy,0.9521428571428572,0.0013607063090074524,0.9996156287454173,0.9999998521448955
linear_entropy,0.9528571428571428,0.0013539860322266193,0.9996226596787479,0.9999998572728495
linear_entropy,0.9535714285714286,0.0013472989456498091,0.9996292187609374,0.9999998622856459
linear_entropy,0.9542857142857143,0.0013406448853567428,0.9996357095320665,0.9999998671847385
linear_entropy,0.955,0.001334023688236715,0.9996426124309966,0.9999998719715655
linear_entropy,0.9557142857142857,0.0013274351919845889,0.9996491757578705,0.9999998766475489
linear_entropy,0.9564285714285714,0.001320879235096831,0.999655462603787,0.9999998812140954
linear_entropy,0.9571428571428572,0.0013143556568675344,0.9996621216904398,0.9999998856725966
linear_entropy,0.9578571428571429,0.001307864297384499,0.9996687834025737,0.9999998900244279
linear_entropy,0.9585714285714285,0.0013014049975252921,0.9996752469419355,0.9999998942709505
linear_entropy,0.9592857142857143,0.0012949775989533631,0.9996815561179587,0.9999998984135106
linear_entropy,0.96,0.0012885819441141545,0.9996877498195329,0.9999999024534388
linear_entropy,0.9607142857142857,0.0012822178762312419,0.9996941957172989,0.9999999063920523
linear_entropy,0.9614285714285714,0.0012758852393024904,0.9997006736430563,0.9999999102306525
linear_entropy,0.9621428571428572,0.0012695838780962308,0.9997070544173711,0.9999999139705278
linear_entropy,0.9628571428571429,0.0012633136381474549,0.9997133603171184,0.9999999176129512
linear_entropy,0.9635714285714285,0.001257074365754029,0.9997196093671941,0.9999999211591825
linear_entropy,0.9642857142857143,0.001250865907972922,0.9997258154716736,0.9999999246104672
linear_entropy,0.965,0.0012446881126164675,0.9997319885422822,0.9999999279680372
linear_entropy,0.9657142857142857,0.0012385408282486173,0.9997381346242222,0.9999999312331108
linear_entropy,0.9664285714285714,0.001232423904181246,0.9997442560194012,0.9999999344068928
linear_entropy,0.9671428571428572,0.0012263371904704414,0.999750351407104,0.9999999374905748
linear_entropy,0.9678571428571429,0.0012202805379128438,0.9997564159621554,0.9999999404853351
linear_entropy,0.9685714285714285,0.0012142537980419747,0.9997624414706114,0.999999943392339
linear_entropy,0.9692857142857143,0.0012082568231246086,0.9997684164430256,0.9999999462127387
linear_entropy,0.97,0.0012022894661571448,0.9997743262253289,0.9999999489476739
linear_entropy,0.9707142857142858,0.0011963515808620074,0.9997801531073646,0.9999999515982715
linear_entropy,0.9714285714285714,0.001190443021684058,0.9997859428296995,0.9999999541656459
linear_entropy,0.9721428571428572,0.0011845636437870276,0.9997920140487433,0.9999999566508992
linear_entropy,0.9728571428571429,0.0011787133030499676,0.9997979801435521,0.9999999590551214
linear_entropy,0.9735714285714285,0.0011728918560637166,0.9998038109393936,0.99999996137939
linear_entropy,0.9742857142857143,0.0011670991601273803,0.9998094737362885,0.9999999636247705
linear_entropy,0.975,0.0011613350732448454,0.9998151438156098,0.9999999657923169
linear_entropy,0.9757142857142858,0.0011555994541212825,0.9998210928312447,0.9999999678830712
linear_entropy,0.9764285714285714,0.0011498921621596997,0.9998268032817903,0.9999999698980642
linear_entropy,0.9771428571428571,0.0011442130574574804,0.9998322321246262,0.9999999718383141
linear_entropy,0.9778571428571429,0.0011385620008029652,0.9998381150884026,0.9999999737048291
linear_entropy,0.9785714285714285,0.001132938853672034,0.9998437590265391,0.9999999754986051
linear_entropy,0.9792857142857143,0.0011273434782247127,0.999849121768088,0.9999999772206274
linear_entropy,0.98,0.001121775737301792,0.9998549557353094,0.99999997887187
linear_entropy,0.9807142857142858,0.0011162354944214677,0.9998603330921996,0.9999999804532961
linear_entropy,0.9814285714285714,0.001110722613775993,0.9998659751105955,0.9999999819658582
linear_entropy,0.9821428571428571,0.0011052369602283525,0.999871407273002,0.9999999834104977
linear_entropy,0.9828571428571429,0.0010997783993089427,0.9998769045389364,0.999999984788146
linear_entropy,0.9835714285714285,0.0010943467972122879,0.999882301439406,0.9999999860997236
linear_entropy,0.9842857142857143,0.001088942020793745,0.9998877699842078,0.9999999873461407
linear_entropy,0.985,0.0010835639375662554,0.9998930176506149,0.9999999885282976
linear_entropy,0.9857142857142858,0.0010782124156970818,0.9998985398723431,0.999999989647084
linear_entropy,0.9864285714285714,0.0010728873240045923,0.9999036503658953,0.9999999907033796
linear_entropy,0.9871428571428571,0.00106758853195503,0.9999091288158886,0.9999999916980546
linear_entropy,0.9878571428571429,0.0010623159096593234,0.9999144160950565,0.999999992631969
linear_entropy,0.9885714285714285,0.0010570693278698993,0.9999194274582528,0.9999999935059732
linear_entropy,0.9892857142857143,0.0010518486579775134,0.9999248696100203,0.9999999943209078
linear_entropy,0.99,0.0010466537720080988,0.9999301083113684,0.9999999950776042
linear_entropy,0.9907142857142857,0.0010414845426196292,0.9999351661665888,0.9999999957768841
linear_entropy,0.9914285714285714,0.0010363408430989968,0.9999402299566035,0.99999999641956
linear_entropy,0.9921428571428571,0.0010312225473589072,0.9999454998041574,0.9999999970064353
linear_entropy,0.9928571428571429,0.0010261295299347844,0.9999506466566346,0.9999999975383039
linear_entropy,0.9935714285714285,0.0010210616659817049,0.9999557013408552,0.999999998015951
linear_entropy,0.9942857142857143,0.0010160188312713242,0.9999606901622219,0.9999999984401527
linear_entropy,0.995,0.0010110009021888457,0.999965635041442,0.9999999988116766
linear_entropy,0.9957142857142857,0.001006007755729977,0.9999705536484664,0.999999999131281
linear_entropy,0.9964285714285714,0.0010010392694979246,0.9999755361484316,0.999999999399716
linear_entropy,0.9971428571428571,0.00099609532170039,0.9999805211952358,0.9999999996177226
linear_entropy,0.9978571428571429,0.0009911757911465835,0.9999854587434501,0.999999999786034
linear_entropy,0.9985714285714286,0.0009862805572442544,0.9999903519623208,0.9999999999053747
linear_entropy,0.9992857142857143,0.0009814094999967353,0.9999952003795937,0.9999999999764606
linear_entropy,1.0,0.0009765625,1.0,1.0
log_negativity_pure,0.0,1.0,0.0,0.0
log_negativity_pure,0.0007142857142857143,0.9950611849622899,0.018929436362242626,0.3396689207953984
log_negativity_pure,0.0014285714285714286,0.9901467618185567,0.026008163897862757,0.4120054031910036
log_negativity_pure,0.002142857142857143,0.9852566101017473,0.03115587977499091,0.4571525733884587
log_negativity_pure,0.002857142857142857,0.9803906099397734,0.035310587824588395,0.49025705979774853
log_negativity_pure,0.0035714285714285713,0.9755486420525732,0.038834550600570075,0.5164665140036955
log_negativity_pure,0.004285714285714286,0.9707305877491863,0.04191304833358338,0.5381835565075774
log_negativity_pure,0.005,0.9659363289248456,0.044655854695510186,0.5567318465637692
log_negativity_pure,0.005714285714285714,0.9611657480580811,0.04713430900347473,0.5729208833946648
log_negativity_pure,0.0064285714285714285,0.95641872820784,0.04939783879409104,0.5872829210350606
log_negativity_pure,0.007142857142857143,0.9516951530106196,0.05148234294941697,0.6001871311641583
log_negativity_pure,0.007857142857142858,0.946994906677615,0.05341485635051039,0.6119003249939478
log_negativity_pure,0.008571428571428572,0.9423178739918807,0.05521633216882763,0.6226217437584584
log_negativity_pure,0.009285714285714286,0.9376639403055067,0.056903394097918336,0.6325041868401827
log_negativity_pure,0.01,0.9330329915368074,0.05848948925447693,0.6416674592447476
log_negativity_pure,0.010714285714285714,0.9284249141675258,0.05998567459461669,0.6502072681117885
log_negativity_pure,0.011428571428571429,0.9238395952400507,0.061401169814819564,0.6582013026519987
log_negativity_pure,0.012142857142857143,0.9192769223546471,0.06274375621453951,0.6657135057466272
log_negativity_pure,0.012857142857142857,0.9147367836667022,0.06402007089243136,0.6727971475172854
log_negativity_pure,0.013571428571428571,0.9102190678839825,0.06523582797791429,0.6794970833461215
log_negativity_pure,0.014285714285714285,0.9057236642639067,0.06639598784622378,0.6858514433769283
log_negativity_pure,0.015,0.9012504626108302,0.06750488851169348,0.6918929173145958
log_negativity_pure,0.015714285714285715,0.8967993532733447,0.068566349033917,0.697649745723708
log_negativity_pure,0.016428571428571428,0.8923702271415896,0.06958375188675739,0.7031464948965782
log_negativity_pure,0.017142857142857144,0.887962975644578,0.07056010928949652,0.7084046697113952
log_negativity_pure,0.017857142857142856,0.8835774907475349,0.07149811715420698,0.7134432035596098
log_negativity_pure,0.018571428571428572,0.8792136649492488,0.07240019935917631,0.718278853836184
log_negativity_pure,0.019285714285714285,0.8748713912794374,0.07326854438466548,0.7229265240587852
log_negativity_pure,0.02,0.8705505632961241,0.07410513585973326,0.7273995283898188
log_negativity_pure,0.020714285714285713,0.8662510750830303,0.07491177821116805,0.7317098105111545
log_negativity_pure,0.02142857142857143,0.8619728212469777,0.07569011833989599,0.7358681260023825
log_negativity_pure,0.02214285714285714,0.8577156969153058,0.07644166405063998,0.7398841953000421
log_negativity_pure,0.022857142857142857,0.8534795977333005,0.07716779980906799,0.7437668327624708
log_negativity_pure,0.023571428571428573,0.8492644198616366,0.07786980028448502,0.7475240561899295
log_negativity_pure,0.024285714285714285,0.8450700599738319,0.0785488420462327,0.7511631802521287
log_negativity_pure,0.025,0.8408964152537145,0.07920601371181386,0.754690896583509
log_negativity_pure,0.025714285714285714,0.836743383392903,0.0798423247895892,0.7581133427690104
log_negativity_pure,0.02642857142857143,0.8326108625882978,0.08045871341517248,0.7614361620219812
log_negativity_pure,0.027142857142857142,0.828498751539586,0.08105605314576184,0.7646645550236195
log_negativity_pure,0.027857142857142858,0.8244069494467583,0.0816351589486202,0.767803325129387
log_negativity_pure,0.02857142857142857,0.820335356007638,0.08219679249726572,0.7708569179367415
log_negativity_pure,0.029285714285714286,0.8162838714154221,0.08274166687051568,0.7738294560387041
log_negativity_pure,0.03,0.8122523963562355,0.08327045073447055,0.7767247696503213
log_negativity_pure,0.030714285714285715,0.8082408320066953,0.08378377207514959,0.7795464236832373
log_negativity_pure,0.03142857142857143,0.8042490800314893,0.08428222153926815,0.782297741752093
log_negativity_pure,0.03214285714285714,0.8002770425809654,0.08476635543216304,0.78498182752124
log_negativity_pure,0.032857142857142856,0.7963246222887324,0.08523669841480176,0.7876015837381369
log_negativity_pure,0.03357142857142857,0.792391722269274,0.08569374593588788,0.790159729248231
log_negativity_pure,0.03428571428571429,0.7884782461155736,0.08613796643010045,0.7926588142431742
log_negativity_pure,0.035,0.7845840978967507,0.08656980330930066,0.7951012339582704
log_negativity_pure,0.03571428571428571,0.7807091821557101,0.08698967676998307,0.7974892410048635
log_negativity_pure,0.03642857142857143,0.7768534039068011,0.0873979854372206,0.7998249564979071
log_negativity_pure,0.037142857142857144,0.77301666863349,0.0877951078627728,0.8021103801174185
log_negativity_pure,0.03785714285714286,0.7691988822860424,0.08818140389281684,0.804347399224218
log_negativity_pure,0.03857142857142857,0.7653999512792183,0.08855721591886423,0.8065377971347816
log_negativity_pure,0.039285714285714285,0.761619782489978,0.08892287002379186,0.8086832606466979
log_negativity_pure,0.04,0.7578582832551991,0.08927867703350631,0.8107853868948197
log_negativity_pure,0.04071428571428572,0.7541153613694052,0.08962493348353748,0.8128456896083607
log_negativity_pure,0.041428571428571426,0.7503909250825058,0.08996192250879578,0.814865604830751
log_negativity_pure,0.04214285714285714,0.7466848830975471,0.09028991466380543,0.8168464961567216
log_negativity_pure,0.04285714285714286,0.7429971445684742,0.09060916867991595,0.8187896595347544
log_negativity_pure,0.04357142857142857,0.7393276190979038,0.09091993216529284,0.8206963276775289
log_negativity_pure,0.04428571428571428,0.7356762167349088,0.09122244225286484,0.8225676741181778
log_negativity_pure,0.045,0.7320428479728127,0.09151692620086546,0.8244048169459883
log_negativity_pure,0.045714285714285714,0.7284274237469965,0.09180360195012398,0.8262088222514994
log_negativity_pure,0.04642857142857143,0.7248298554327144,0.09208267864183897,0.8279807073077421
log_negativity_pure,0.047142857142857146,0.7212500548429222,0.09235435709919498,0.8297214435115252
log_negativity_pure,0.047857142857142855,0.7176879342261148,0.09261883027584858,0.8314319591061908
log_negativity_pure,0.04857142857142857,0.7141434062641757,0.09287628367401761,0.8331131417050524
log_negativity_pure,0.04928571428571429,0.7106163840702368,0.09312689573464435,0.834765840632793
log_negativity_pure,0.05,0.7071067811865475,0.0933708382018707,0.8363908691003725
log_negativity_pure,0.05071428571428571,0.7036145115823567,0.09360827646385464,0.8379890062274635
log_negativity_pure,0.05142857142857143,0.7001394896518027,0.09383936987177041,0.8395609989250833
log_negativity_pure,0.052142857142857144,0.6966816302118157,0.09406427203866935,0.8411075636498632
log_negativity_pure,0.05285714285714286,0.6932408485000292,0.09428313111972701,0.8426293880403369
log_negativity_pure,0.05357142857142857,0.6898170601727025,0.09449609007526873,0.8441271324446428
log_negativity_pure,0.054285714285714284,0.6864101813026526,0.09470328691784399,0.8456014313481882
log_negativity_pure,0.055,0.6830201283771977,0.09490485494451203,0.8470528947090425
log_negativity_pure,0.055714285714285716,0.6796468182961098,0.09510092295540089,0.8484821092081255
log_negativity_pure,0.056428571428571425,0.6762901683695772,0.09529161545951509,0.849889639420644
log_negativity_pure,0.05714285714285714,0.6729500963161781,0.09547705286868526,0.8512760289146591
log_negativity_pure,0.05785714285714286,0.6696265202608633,0.09565735168048063,0.8526418012821626
log_negativity_pure,0.05857142857142857,0.6663193587329495,0.09583262465083926,0.8539874611075794
log_negativity_pure,0.05928571428571429,0.6630285306641218,0.09600298095711071,0.8553134948782064
log_negativity_pure,0.06,0.6597539553864471,0.09616852635215074,0.8566203718407174
log_negativity_pure,0.060714285714285714,0.6564955526303958,0.09632936331005867,0.8579085448075254
log_negativity_pure,0.06142857142857143,0.6532532425228751,0.09648559116410221,0.8591784509164908
log_negativity_pure,0.062142857142857146,0.6500269455852703,0.09663730623733331,0.8604305123471766
log_negativity_pure,0.06285714285714286,0.646816582731497,0.09678460196636043,0.8616651369966043
log_negativity_pure,0.06357142857142857,0.6436220752660625,0.09692756901870903,0.8628827191172311
log_negativity_pure,0.06428571428571428,0.6404433448821363,0.09706629540416864,0.8640836399196526
log_negativity_pure,0.065,0.6372803136596311,0.09720086658049865,0.8652682681423534
log_negativity_pure,0.06571428571428571,0.6341329040632924,0.09733136555383501,0.8664369605906426
log_negativity_pure,0.06642857142857143,0.6310010389407977,0.09745787297411815,0.8675900626467564
log_negativity_pure,0.06714285714285714,0.6278846415208663,0.09758046722583948,0.8687279087529568
log_negativity_pure,0.06785714285714285,0.6247836354113758,0.09769922451438197,0.8698508228693328
log_negativity_pure,0.06857142857142857,0.621697944597491,0.09781421894821218,0.8709591189078711
log_negativity_pure,0.06928571428571428,0.6186274934397995,0.09792552261716492,0.8720531011442636
log_negativity_pure,0.07,0.615572206672458,0.09803320566704203,0.8731330646088036
log_negativity_pure,0.07071428571428572,0.6125320094013479,0.09813733637073589,0.8741992954576441
log_negativity_pure,0.07142857142857142,0.6095068271022377,0.09823798119607144,0.875252071325575
log_negativity_pure,0.07214285714285715,0.6064965856189583,0.09833520487054936,0.8762916616614296
log_negativity_pure,0.07285714285714286,0.6035012111615835,0.09842907044316099,0.877318328047126
log_negativity_pure,0.07357142857142857,0.6005206303046225,0.09851963934343352,0.8783323245013003
log_negativity_pure,0.07428571428571429,0.597554769985219,0.09860697143785599,0.8793338977684109
log_negativity_pure,0.075,0.5946035575013605,0.09869112508382547,0.8803232875941467
log_negativity_pure,0.07571428571428572,0.591666920510097,0.09877215718124394,0.8813007269879053
log_negativity_pure,0.07642857142857143,0.588744787025766,0.09885012322189068,0.8822664424730714
log_negativity_pure,0.07714285714285714,0.5858370854182299,0.09892507733668385,0.8832206543257582
log_negativity_pure,0.07785714285714286,0.5829437444111181,0.09899707234094114,0.8841635768026593
log_negativity_pure,0.07857142857142857,0.5800646930800815,0.09906615977774103,0.8850954183585882
log_negativity_pure,0.07928571428571428,0.5771998608510528,0.09913238995948082,0.8860163818542712
log_negativity_pure,0.08,0.5743491774985175,0.09919581200772153,0.8869266647549081
log_negativity_pure,0.08071428571428571,0.5715125731437914,0.09925647389140493,0.8878264593199905
log_negativity_pure,0.08142857142857143,0.5686899782533085,0.09931442246352254,0.888715952784837
log_negativity_pure,0.08214285714285714,0.565881323636916,0.09936970349631266,0.8895953275342734
log_negativity_pure,0.08285714285714285,0.5630865404461788,0.09942236171505596,0.890464761268863
log_negativity_pure,0.08357142857142857,0.5603055601726911,0.09947244083053716,0.8913244271640691
log_negativity_pure,0.08428571428571428,0.5575383146463977,0.09951998357023638,0.8921744940227099
log_negativity_pure,0.085,0.5547847360339224,0.09956503170830952,0.893015126421032
log_negativity_pure,0.08571428571428572,0.5520447568369061,0.09960762609441522,0.8938464848487339
log_negativity_pure,0.08642857142857142,0.5493183098903511,0.09964780668144058,0.8946687258432287
log_negativity_pure,0.08714285714285715,0.5466053283609751,0.09968561255217781,0.8954820021184358
log_negativity_pure,0.08785714285714286,0.5439057457455735,0.09972108194499818,0.8962864626883545
log_negativity_pure,0.08857142857142856,0.5412194958693884,0.09975425227856985,0.8970822529856886
log_negativity_pure,0.08928571428571429,0.5385465128844867,0.09978516017566179,0.8978695149757456
log_negativity_pure,0.09,0.5358867312681466,0.09981384148607478,0.8986483872658351
log_negativity_pure,0.09071428571428572,0.5332400858212502,0.09984033130873801,0.8994190052103876
log_negativity_pure,0.09142857142857143,0.5306065116666864,0.09986466401300782,0.9001815010119835
log_negativity_pure,0.09214285714285714,0.5279859442477601,0.09988687325920353,0.9009360038184857
log_negativity_pure,0.09285714285714286,0.5253783193266097,0.09990699201841277,0.901682639816457
log_negativity_pure,0.09357142857142857,0.5227835729826327,0.09992505259159833,0.9024215323210256
log_negativity_pure,0.09428571428571429,0.5202016416109182,0.09994108662803555,0.9031528018623689
log_negativity_pure,0.095,0.5176324619206888,0.09995512514310914,0.9038765662689551
log_negativity_pure,0.09571428571428571,0.515075970933748,0.09996719853549567,0.9045929407477011
log_negativity_pure,0.09642857142857143,0.5125321059829373,0.09997733660375754,0.9053020379611706
log_negativity_pure,0.09714285714285714,0.5100008047105996,0.09998556856237324,0.9060039681019523
log_negativity_pure,0.09785714285714285,0.5074820050670507,0.09999192305722565,0.906698838964332
log_negativity_pure,0.09857142857142857,0.5049756453090583,0.09999642818057211,0.9073867560133868
log_negativity_pure,0.09928571428571428,0.5024816639983285,0.09999911148551596,0.9080678224516007
log_negativity_pure,0.1,0.49999999999999994,0.1,0.9087421392831141
log_negativity_pure,0.10071428571428571,0.49753059248114495,0.11331309555808133,0.9094098053757096
log_negativity_pure,0.10142857142857142,0.4950733809092783,0.11823869844831232,0.9100709175206205
log_negativity_pure,0.10214285714285715,0.49262830505087357,0.12179440176799024,0.9107255704902621
log_negativity_pure,0.10285714285714286,0.4901953049698867,0.12464461728058356,0.9113738570939672
log_negativity_pure,0.10357142857142858,0.48777432102628654,0.12704614763121005,0.9120158682318079
log_negativity_pure,0.10428571428571429,0.48536529387459315,0.12913043085124276,0.9126516929465855
log_negativity_pure,0.105,0.4829681644624228,0.13097539432087701,0.9132814184740594
log_negativity_pure,0.10571428571428572,0.48058287402904054,0.1326317147996326,0.9139051302914861
log_negativity_pure,0.10642857142857143,0.47820936410392,0.1341345262417361,0.9145229121645393
log_negativity_pure,0.10714285714285714,0.47584757650530984,0.13550936204678404,0.9151348461926737
log_negativity_pure,0.10785714285714286,0.4734974533388075,0.1367754626207091,0.9157410128529928
log_negativity_pure,0.10857142857142857,0.4711589369959404,0.1379477488518453,0.91634149104268
log_negativity_pure,0.10928571428571429,0.46883197015275335,0.13903806536317875,0.9169363581200519
log_negativity_pure,0.11,0.4665164957684037,0.14005599878148295,0.9175256899442852
log_negativity_pure,0.11071428571428571,0.46421245708376296,0.14100943606757202,0.9181095609138652
log_negativity_pure,0.11142857142857143,0.4619197976200253,0.14190495717822704,0.9186880440038111
log_negativity_pure,0.11214285714285714,0.45963846117732354,0.14274811841796414,0.9192612108017221
log_negativity_pure,0.11285714285714285,0.4573683918333511,0.14354366149824366,0.9198291315426832
log_negativity_pure,0.11357142857142857,0.4551095339419913,0.14429567079353442,0.9203918751430857
log_negativity_pure,0.11428571428571428,0.45286183213195336,0.14500769365803606,0.9209495092333899
log_negativity_pure,0.115,0.45062523130541515,0.14568283387700745,0.9215021001898801
log_negativity_pure,0.11571428571428571,0.4483996766366724,0.14632382523371285,0.9220497131654396
log_negativity_pure,0.11642857142857142,0.4461851135707948,0.14693309012632444,0.9225924121193906
log_negativity_pure,0.11714285714285715,0.443981487822289,0.14751278678488106,0.9231302598464246
log_negativity_pure,0.11785714285714285,0.44178874537376744,0.14806484768365197,0.9236633180046645
log_negativity_pure,0.11857142857142858,0.4396068324746244,0.14859101107396633,0.9241916471428828
log_negativity_pure,0.11928571428571429,0.4374356956397186,0.14909284708435916,0.9247153067269084
log_negativity_pure,0.12,0.43527528164806206,0.14957177948867745,0.9252343551652544
log_negativity_pure,0.12071428571428572,0.4331255375415151,0.15002910398874775,0.9257488498339873
log_negativity_pure,0.12142857142857143,0.43098641062348886,0.15046600366949212,0.9262588471008719
log_negativity_pure,0.12214285714285714,0.4288578484576529,0.1508835621425742,0.9267644023488112
log_negativity_pure,0.12285714285714286,0.42673979886665026,0.1512827747869802,0.9272655699986085
log_negativity_pure,0.12357142857142857,0.4246322099308183,0.1516645584123695,0.9277624035310772
log_negativity_pure,0.12428571428571429,0.4225350299869159,0.15202975960713383,0.9282549555085131
log_negativity_pure,0.125,0.42044820762685725,0.1523791619832371,0.928743277595563
log_negativity_pure,0.12571428571428572,0.4183716916964515,0.1527134924906785,0.9292274205794973
log_negativity_pure,0.12642857142857142,0.41630543129414893,0.1530334269433302,0.929707434389916
log_negativity_pure,0.12714285714285714,0.414249375769793,0.1533395948730857,0.930183368117903
log_negativity_pure,0.12785714285714286,0.4122034747233791,0.1536325838093206,0.9306552700346471
log_negativity_pure,0.12857142857142856,0.41016767800381904,0.15391294306454725,0.9311231876095498
log_negativity_pure,0.12928571428571428,0.4081419357077111,0.15418118709404355,0.9315871675278338
log_negativity_pure,0.13,0.40612619817811774,0.1544377984865158,0.9320472557076709
log_negativity_pure,0.13071428571428573,0.40412041600334764,0.15468323063405015,0.9325034973168446
log_negativity_pure,0.13142857142857142,0.4021245400157447,0.15491791012232803,0.9329559367889597
log_negativity_pure,0.13214285714285715,0.4001385212904827,0.15514223887604114,0.9334046178392199
log_negativity_pure,0.13285714285714287,0.3981623111443662,0.15535659608940594,0.9338495834797786
log_negativity_pure,0.13357142857142856,0.396195861134637,0.1555613399674593,0.9342908760346857
log_negativity_pure,0.13428571428571429,0.39423912305778674,0.1557568093002725,0.9347285371544356
log_negativity_pure,0.135,0.3922920489483754,0.15594332488922508,0.9351626078301327
log_negativity_pure,0.1357142857142857,0.3903545910778551,0.15612119084194725,0.9355931284072891
log_negativity_pure,0.13642857142857143,0.38842670195340057,0.1562906957503799,0.9360201385992563
log_negativity_pure,0.13714285714285715,0.386508334316745,0.15645211376456492,0.9364436775003154
log_negativity_pure,0.13785714285714284,0.38459944114302125,0.1566057055731987,0.9368637835984265
log_negativity_pure,0.13857142857142857,0.38269997563960917,0.15675171930063508,0.9372804947876515
log_negativity_pure,0.1392857142857143,0.380809891244989,0.15689039132885435,0.9376938483802594
log_negativity_pure,0.14,0.3789291416275995,0.15702194705191064,0.9381038811185256
log_negativity_pure,0.1407142857142857,0.3770576806847026,0.15714660156949817,0.9385106291862325
log_negativity_pure,0.14142857142857143,0.37519546254125286,0.15726456032552016,0.9389141282198799
log_negativity_pure,0.14214285714285715,0.37334244154877355,0.15737601969688342,0.9393144133196175
log_negativity_pure,0.14285714285714285,0.3714985722842371,0.15748116753716748,0.9397115190599032
log_negativity_pure,0.14357142857142857,0.3696638095489519,0.15758018367931315,0.940105479499899
log_negativity_pure,0.1442857142857143,0.36783810836745434,0.15767324040103275,0.9404963281936084
log_negativity_pure,0.145,0.3660214239864064,0.157760502856257,0.9408840981997695
log_negativity_pure,0.1457142857142857,0.36421371187349827,0.15784212947559056,0.941268822091503
log_negativity_pure,0.14642857142857144,0.3624149277163572,0.15791827233844663,0.9416505319657267
log_negativity_pure,0.14714285714285713,0.36062502742146113,0.1579890775192632,0.9420292594523445
log_negativity_pure,0.14785714285714285,0.3588439671130574,0.15805468540996737,0.942405035723213
log_negativity_pure,0.14857142857142858,0.35707170313208786,0.15811523102064307,0.9427778915008922
log_negativity_pure,0.1492857142857143,0.3553081920351184,0.15817084426017122,0.9431478570671914
log_negativity_pure,0.15,0.3535533905932738,0.1582216501984433,0.94351496227151
log_negativity_pure,0.15071428571428572,0.35180725579117833,0.1582677693116013,0.943879236538981
log_negativity_pure,0.15142857142857144,0.3500697448259013,0.15830931771162454,0.9442407088784268
log_negativity_pure,0.15214285714285714,0.3483408151059079,0.1583464073614618,0.9445994078901239
log_negativity_pure,0.15285714285714286,0.34662042425001466,0.1583791462768034,0.9449553617733931
log_negativity_pure,0.15357142857142858,0.3449085300863512,0.1584076387154897,0.945308598334009
log_negativity_pure,0.15428571428571428,0.3432050906513263,0.15843198535546624,0.9456591449914408
log_negativity_pure,0.155,0.3415100641885989,0.15845228346211787,0.9460070287859278
log_negativity_pure,0.15571428571428572,0.3398234091480549,0.1584686270457445,0.9463522763853922
log_negativity_pure,0.15642857142857142,0.33814508418478867,0.15848110700987533,0.946694914092195
log_negativity_pure,0.15714285714285714,0.3364750481580891,0.1584898112910642,0.9470349678497392
log_negativity_pure,0.15785714285714286,0.33481326013043167,0.15849482499075285,0.9473724632489249
log_negativity_pure,0.15857142857142856,0.3331596793664747,0.1621995189294545,0.9477074255344593
log_negativity_pure,0.15928571428571428,0.331514265332061,0.16979025976005543,0.9480398796110237
log_negativity_pure,0.16,0.3298769776932236,0.17355971067937154,0.9483698500493093
log_negativity_pure,0.16071428571428573,0.3282477763151979,0.17630242514486724,0.9486973610919126
log_negativity_pure,0.16142857142857142,0.32662662126143754,0.17849890703020782,0.9490224366591054
log_negativity_pure,0.16214285714285714,0.3250134727926351,0.18034284872845388,0.9493451003544777
log_negativity_pure,0.16285714285714287,0.32340829136574845,0.18193536718125097,0.9496653754704552
log_negativity_pure,0.16357142857142856,0.3218110376330312,0.18333712942364613,0.9499832849937004
log_negativity_pure,0.16428571428571428,0.32022167244106814,0.18458790598014513,0.9502988516103935
log_negativity_pure,0.165,0.3186401568298155,0.18571543118315587,0.9506120977114019
log_negativity_pure,0.1657142857142857,0.3170664520316462,0.18673995106195412,0.9509230453973373
log_negativity_pure,0.16642857142857143,0.31550051947039887,0.18767677594426604,0.9512317164835065
log_negativity_pure,0.16714285714285715,0.3139423207604331,0.1885378133286498,0.951538132504754
log_negativity_pure,0.16785714285714284,0.31239181770568797,0.18933253855474522,0.9518423147202075
log_negativity_pure,0.16857142857142857,0.3108489722987455,0.19006863637350385,0.9521442841179137
log_negativity_pure,0.1692857142857143,0.3093137467198997,0.19075244026108057,0.9524440614193905
log_negativity_pure,0.17,0.307786103336229,0.19138924230964774,0.9527416670840687
log_negativity_pure,0.1707142857142857,0.30626600470067394,0.19198351743069367,0.9530371213136549
log_negativity_pure,0.17142857142857143,0.30475341355111885,0.1925390891486134,0.9533304440563949
log_negativity_pure,0.17214285714285715,0.30324829280947907,0.1930592545608137,0.9536216550112521
log_negativity_pure,0.17285714285714285,0.30175060558079175,0.19354688011428298,0.9539107736320014
log_negativity_pure,0.17357142857142857,0.3002603151523112,0.19400447611443364,0.9541978191312366
log_negativity_pure,0.1742857142857143,0.2987773849926094,0.19443425546408558,0.954482810484298
log_negativity_pure,0.175,0.2973017787506803,0.19483818052649315,0.9547657664331191
log_negativity_pure,0.1757142857142857,0.2958334602550485,0.19521800091907882,0.9550467054899959
log_negativity_pure,0.17642857142857143,0.294372393512883,0.19557528429312934,0.9553256459412813
log_negativity_pure,0.17714285714285713,0.29291854270911494,0.1959114416262227,0.9556026058510024
log_negativity_pure,0.17785714285714285,0.29147187220555903,0.19622774817647534,0.9558776030644106
log_negativity_pure,0.17857142857142858,0.2900323465400407,0.19652536097385784,0.9561506552114543
log_negativity_pure,0.1792857142857143,0.2885999304255264,0.19680533352260923,0.9564217797101886
log_negativity_pure,0.18,0.2871745887492588,0.1970686282390994,0.9566909937701155
log_negativity_pure,0.18071428571428572,0.2857562865718957,0.19731612703689128,0.9569583143954581
log_negativity_pure,0.18142857142857144,0.28434498912665424,0.19754864038515288,0.9572237583883704
log_negativity_pure,0.18214285714285713,0.28294066181845806,0.19776691510086147,0.9574873423520852
log_negativity_pure,0.18285714285714286,0.2815432702230894,0.19797164108434342,0.957749082694001
log_negativity_pure,0.18357142857142858,0.28015278008634553,0.19816345716793343,0.9580089956287091
log_negativity_pure,0.18428571428571427,0.27876915732319885,0.19834295621623588,0.9582670971809606
log_negativity_pure,0.185,0.27739236801696127,0.19851068959163404,0.9585234031885795
log_negativity_pure,0.18571428571428572,0.27602237841845306,0.19866717107886597,0.9587779293053174
log_negativity_pure,0.18642857142857142,0.27465915494517557,0.1988128803465352,0.9590306910036548
log_negativity_pure,0.18714285714285714,0.2733026641804876,0.19894826601052756,0.9592817035775487
log_negativity_pure,0.18785714285714286,0.27195287287278674,0.19907374835380853,0.9595309821451308
log_negativity_pure,0.18857142857142858,0.27060974793469417,0.19918972174848593,0.9597785416513492
log_negativity_pure,0.18928571428571428,0.2692732564422434,0.19929655681896236,0.960024396870567
log_negativity_pure,0.19,0.2679433656340733,0.1993946023791597,0.9602685624091082
log_negativity_pure,0.19071428571428573,0.2666200429106251,0.19948418717195143,0.9605110527077567
log_negativity_pure,0.19142857142857142,0.26530325583334324,0.19956562143489248,0.9607518820442109
log_negativity_pure,0.19214285714285714,0.26399297212388007,0.19963919831294796,0.9609910645354903
log_negativity_pure,0.19285714285714287,0.26268915966330486,0.19970519513607007,0.9612286141402991
log_negativity_pure,0.19357142857142856,0.26139178649131634,0.1997638745770676,0.9614645446613468
log_negativity_pure,0.19428571428571428,0.26010082080545915,0.199815485703168,0.9616988697476261
log_negativity_pure,0.195,0.2588162309603444,0.1998602649329403,0.9619316028966465
log_negativity_pure,0.1957142857142857,0.257537985466874,0.19989843690876172,0.9621627574566329
log_negativity_pure,0.19642857142857142,0.2562660529914686,0.19993021529374427,0.9623923466286817
log_negativity_pure,0.19714285714285715,0.2550004023552998,0.19995580350094647,0.9626203834688727
log_negativity_pure,0.19785714285714287,0.25374100253352533,0.1999753953617573,0.9628468808903552
log_negativity_pure,0.19857142857142857,0.2524878226545291,0.19998917573952593,0.9630718516653834
log_negativity_pure,0.1992857142857143,0.25124083199916425,0.19999732109380974,0.9632953084273259
log_negativity_pure,0.2,0.24999999999999994,0.20000000000000004,0.9635172636726338
log_negativity_pure,0.2007142857142857,0.24876529624057248,0.20927471100960768,0.9637377297627738
log_negativity_pure,0.20142857142857143,0.24753669045463914,0.21261578812516668,0.9639567189261339
log_negativity_pure,0.20214285714285715,0.24631415252543676,0.2149865985353327,0.9641742432598847
log_negativity_pure,0.20285714285714285,0.24509765248494336,0.21685736286610663,0.9643903147318179
log_negativity_pure,0.20357142857142857,0.2438871605131433,0.21840990074380012,0.9646049451821472
log_negativity_pure,0.2042857142857143,0.24268264693729655,0.2197373071875243,0.9648181463252812
log_negativity_pure,0.205,0.2414840822312114,0.22089479660679362,0.9650299297515617
log_negativity_pure,0.2057142857142857,0.24029143701452027,0.22191828789186768,0.9652403069289747
log_negativity_pure,0.20642857142857143,0.23910468205195998,0.22283269189293037,0.9654492892048335
log_negativity_pure,0.20714285714285716,0.23792378825265487,0.22365611842113803,0.9656568878074283
log_negativity_pure,0.20785714285714285,0.23674872666940375,0.22440221833596635,0.9658631138476512
log_negativity_pure,0.20857142857142857,0.23557946849797018,0.22508158119862162,0.9660679783205925
log_negativity_pure,0.2092857142857143,0.23441598507637665,0.22570261591177504,0.9662714921071102
log_negativity_pure,0.21,0.23325824788420185,0.22627213042278047,0.9664736659753714
log_negativity_pure,0.21071428571428572,0.23210622854188145,0.22679572733655537,0.966674510582371
log_negativity_pure,0.21142857142857144,0.23095989881001264,0.22727808218599838,0.9668740364754207
log_negativity_pure,0.21214285714285713,0.22981923058866177,0.22772314426840823,0.9670722540936163
log_negativity_pure,0.21285714285714286,0.22868419591667555,0.228134284847285,0.9672691737692795
log_negativity_pure,0.21357142857142858,0.2275547669709956,0.22851440864815276,0.967464805729376
log_negativity_pure,0.21428571428571427,0.22643091606597668,0.22886603917713516,0.9676591600969078
log_negativity_pure,0.215,0.22531261565270758,0.22919138499888203,0.967852246892287
log_negativity_pure,0.21571428571428572,0.22419983831833618,0.22949239191985712,0.9680440760346821
log_negativity_pure,0.21642857142857141,0.22309255678539744,0.2297707845732985,0.9682346573433463
log_negativity_pure,0.21714285714285714,0.22199074391114454,0.23002809992159615,0.9684240005389219
log_negativity_pure,0.21785714285714286,0.22089437268688372,0.23026571451544373,0.9686121152447222
log_negativity_pure,0.21857142857142858,0.2198034162373122,0.2304848668742156,0.9687990109879969
log_negativity_pure,0.21928571428571428,0.21871784781985937,0.2306866760131793,0.9689846972011716
log_negativity_pure,0.22,0.21763764082403103,0.23087215689781754,0.969169183223072
log_negativity_pure,0.22071428571428572,0.21656276877075756,0.23104223342550045,0.969352478300126
log_negativity_pure,0.22142857142857142,0.21549320531174446,0.23119774940099078,0.9695345915875452
log_negativity_pure,0.22214285714285714,0.21442892422882645,0.23133947787175915,0.9697155321504916
log_negativity_pure,0.22285714285714286,0.21336989943332513,0.23146812911274903,0.9698953089652221
log_negativity_pure,0.22357142857142856,0.21231610496540917,0.23158435749170203,0.9700739309202161
log_negativity_pure,0.22428571428571428,0.21126751499345797,0.23168876740084615,0.9702514068172844
log_negativity_pure,0.225,0.21022410381342865,0.23178191840539464,0.9704277453726643
log_negativity_pure,0.2257142857142857,0.2091858458482258,0.2318643297314849,0.9706029552180903
log_negativity_pure,0.22642857142857142,0.20815271564707447,0.23193648419413626,0.9707770449018562
log_negativity_pure,0.22714285714285715,0.2071246878848965,0.23199883164820728,0.9709500228898543
log_negativity_pure,0.22785714285714287,0.20610173736168955,0.23205179203119206,0.9711218975666011
log_negativity_pure,0.22857142857142856,0.20508383900190952,0.23209575805526356,0.9712926772362476
log_negativity_pure,0.2292857142857143,0.20407096785385556,0.23213109759667314,0.9714623701235722
log_negativity_pure,0.23,0.2030630990890589,0.23215815582301405,0.9716309843749598
log_negativity_pure,0.2307142857142857,0.20206020800167382,0.23217725709260653,0.9717985280593651
log_negativity_pure,0.23142857142857143,0.20106227000787236,0.23218870665509822,0.9719650091692602
log_negativity_pure,0.23214285714285715,0.20006926064524136,0.2321927921780862,0.9721304356215704
log_negativity_pure,0.23285714285714285,0.1990811555721831,0.24016442455001535,0.9722948152585932
log_negativity_pure,0.23357142857142857,0.1980979305673185,0.24318922215291555,0.9724581558489037
log_negativity_pure,0.2342857142857143,0.19711956152889337,0.2452914186942013,0.9726204650882474
log_negativity_pure,0.235,0.1961460244741877,0.2469290531218304,0.9727817506004189
log_negativity_pure,0.2357142857142857,0.19517729553892751,0.2482739588976986,0.972942019938128
log_negativity_pure,0.23642857142857143,0.19421335097670026,0.24941292839970836,0.9731012805838499
log_negativity_pure,0.23714285714285716,0.19325416715837246,0.2503970291723583,0.9732595399506675
log_negativity_pure,0.23785714285714285,0.1922997205715106,0.25125930747006975,0.9734168053830974
log_negativity_pure,0.23857142857142857,0.19134998781980456,0.2520225957732424,0.9735730841579034
log_negativity_pure,0.2392857142857143,0.19040494562249446,0.25270344620380697,0.9737283834849032
log_negativity_pure,0.24,0.18946457081379975,0.2533143081637213,0.9738827105077548
log_negativity_pure,0.24071428571428571,0.18852884034235126,0.2538648223212997,0.9740360723047384
log_negativity_pure,0.24142857142857144,0.18759773127062643,0.2543626331788989,0.9741884758895237
log_negativity_pure,0.24214285714285713,0.1866712207743868,0.2548139224968897,0.9743399282119258
log_negativity_pure,0.24285714285714285,0.18574928614211855,0.25522377249417383,0.9744904361586519
log_negativity_pure,0.24357142857142858,0.18483190477447595,0.25559642082919243,0.9746400065540339
log_negativity_pure,0.24428571428571427,0.1839190541837272,0.2559354443255084,0.9747886461607557
log_negativity_pure,0.245,0.18301071199320318,0.2562438943547583,0.9749363616805621
log_negativity_pure,0.24571428571428572,0.1821068559367491,0.2565243985624293,0.9750831597549661
log_negativity_pure,0.24642857142857144,0.1812074638581786,0.25677923862540875,0.9752290469659404
log_negativity_pure,0.24714285714285714,0.18031251371073054,0.2570104105979474,0.9753740298365987
log_negativity_pure,0.24785714285714286,0.17942198355652866,0.25721967238352894,0.9755181148318725
log_negativity_pure,0.24857142857142858,0.17853585156604393,0.2574085815360426,0.975661308359172
log_negativity_pure,0.24928571428571428,0.1776540960175592,0.25757852569256195,0.9758036167690415
log_negativity_pure,0.25,0.1767766952966369,0.2577307473192746,0.9759450463558043
log_negativity_pure,0.2507142857142857,0.17590362789558914,0.257866364016766,0.9760856033581973
log_negativity_pure,0.25142857142857145,0.17503487241295065,0.25798638532057216,0.9762252939600014
log_negativity_pure,0.25214285714285717,0.1741704075529539,0.25809172670847885,0.9763641242906548
log_negativity_pure,0.25285714285714284,0.17331021212500736,0.2581832213614805,0.9765021004258658
log_negativity_pure,0.25357142857142856,0.17245426504317563,0.2582616301031644,0.9766392283882123
log_negativity_pure,0.2542857142857143,0.17160254532566316,0.25832764985055107,0.9767755141477343
log_negativity_pure,0.255,0.17075503209429943,0.2583819208398173,0.9769109636225188
log_negativity_pure,0.2557142857142857,0.16991170457402743,0.2584250328369736,0.9770455826792753
log_negativity_pure,0.25642857142857145,0.16907254209239428,0.25845753050231085,0.9771793771339035
log_negativity_pure,0.2571428571428571,0.16823752407904455,0.25847991804523973,0.9773123527520557
log_negativity_pure,0.25785714285714284,0.16740663006521586,0.25849266328083587,0.9774445152496869
log_negativity_pure,0.25857142857142856,0.1665798396832374,0.26109795177299,0.9775758702936004
log_negativity_pure,0.2592857142857143,0.16575713266603048,0.26630318884417126,0.9777064235019877
log_negativity_pure,0.26,0.16493848884661177,0.26880500483070285,0.9778361804449551
log_negativity_pure,0.26071428571428573,0.16412388815759896,0.2705799804690872,0.9779651466450497
log_negativity_pure,0.26142857142857145,0.16331331063071874,0.27196809264155425,0.9780933275777738
log_negativity_pure,0.2621428571428571,0.1625067363963176,0.2731064241904562,0.9782207286720942
log_negativity_pure,0.26285714285714284,0.16170414568287428,0.27406655730222934,0.9783473553109442
log_negativity_pure,0.26357142857142857,0.16090551881651563,0.2748914495745403,0.9784732128317206
log_negativity_pure,0.2642857142857143,0.16011083622053407,0.2756092687191277,0.9785983065267688
log_negativity_pure,0.265,0.15932007841490778,0.2762396622878334,0.9787226416438685
log_negativity_pure,0.26571428571428574,0.15853322601582306,0.2767969762162481,0.9788462233867078
log_negativity_pure,0.2664285714285714,0.15775025973519946,0.27729206150679336,0.9789690569153526
log_negativity_pure,0.2671428571428571,0.15697116038021658,0.2777333592883564,0.9790911473467098
log_negativity_pure,0.26785714285714285,0.15619590885284396,0.2781275879913251,0.9792124997549848
log_negativity_pure,0.26857142857142857,0.15542448614937274,0.27848019758966935,0.9793331191721333
log_negativity_pure,0.2692857142857143,0.15465687335994988,0.27879568067594346,0.9794530105883036
log_negativity_pure,0.27,0.15389305166811454,0.2790777919162669,0.9795721789522782
log_negativity_pure,0.27071428571428574,0.15313300235033694,0.27932970684095504,0.9796906291719072
log_negativity_pure,0.2714285714285714,0.15237670677555945,0.27955413927919437,0.979808366114535
log_negativity_pure,0.27214285714285713,0.15162414640473956,0.27975342987984414,0.9799253946074235
log_negativity_pure,0.27285714285714285,0.15087530279039588,0.2799296139658697,0.980041719438168
log_negativity_pure,0.2735714285714286,0.1501301575761556,0.2800844743267376,0.9801573453551098
log_negativity_pure,0.2742857142857143,0.1493886924963047,0.28021958284150156,0.9802722770677411
log_negativity_pure,0.275,0.1486508893753401,0.28033633368981364,0.9803865192471057
log_negativity_pure,0.2757142857142857,0.14791673012752424,0.2804359701383762,0.9805000765261971
log_negativity_pure,0.2764285714285714,0.1471861967564415,0.2805196063583418,0.9806129535003443
log_negativity_pure,0.27714285714285714,0.14645927135455744,0.2805882453549772,0.9807251547276035
log_negativity_pure,0.27785714285714286,0.1457359361027795,0.2806427938234745,0.9808366847291333
log_negativity_pure,0.2785714285714286,0.14501617327002034,0.28068407455087785,0.9809475479895744
log_negativity_pure,0.2792857142857143,0.14429996521276317,0.28071283684159587,0.981057748957418
log_negativity_pure,0.28,0.14358729437462933,0.28072976533796323,0.9811672920453738
log_negativity_pure,0.2807142857142857,0.14287814328594786,0.2807354875275702,0.9812761816307323
log_negativity_pure,0.2814285714285714,0.14217249456332715,0.28751287182788454,0.9813844220557192
log_negativity_pure,0.28214285714285714,0.14147033090922903,0.2899287032871019,0.9814920176278518
log_negativity_pure,0.28285714285714286,0.1407716351115447,0.2915916237121605,0.9815989726202847
log_negativity_pure,0.2835714285714286,0.14007639004317277,0.29287014977725173,0.9817052912721541
log_negativity_pure,0.2842857142857143,0.1393845786615994,0.2939050159603197,0.9818109777889189
log_negativity_pure,0.285,0.13869618400848066,0.2947678804517885,0.9819160363426944
log_negativity_pure,0.2857142857142857,0.13801118920922656,0.2955011066721868,0.9820204710725852
log_negativity_pure,0.2864285714285714,0.13732957747258778,0.29613219566368887,0.9821242860850108
log_negativity_pure,0.28714285714285714,0.13665133209024377,0.2966801922872887,0.9822274854540304
log_negativity_pure,0.28785714285714287,0.13597643643639337,0.29715892703628816,0.9823300732216609
log_negativity_pure,0.2885714285714286,0.13530487396734708,0.2975788166682383,0.9824320533981922
log_negativity_pure,0.2892857142857143,0.13463662822112168,0.29794793686980536,0.9825334299625001
log_negativity_pure,0.29,0.13397168281703667,0.29827269719948046,0.9826342068623525
log_negativity_pure,0.2907142857142857,0.13331002145531257,0.29855828489434766,0.9827343880147124
log_negativity_pure,0.2914285714285714,0.1326516279166716,0.2988089674666111,0.9828339773060403
log_negativity_pure,0.29214285714285715,0.13199648606194003,0.2990283053858847,0.9829329785925905
log_negativity_pure,0.29285714285714287,0.13134457983165243,0.2992193054803699,0.9830313957007022
log_negativity_pure,0.2935714285714286,0.13069589324565814,0.2993845340732765,0.9831292324270899
log_negativity_pure,0.29428571428571426,0.13005041040272958,0.2995262020580866,0.9832264925391307
log_negativity_pure,0.295,0.1294081154801722,0.2996462299731121,0.983323179775145
log_negativity_pure,0.2957142857142857,0.128768992733437,0.2997462985353011,0.983419297844676
log_negativity_pure,0.29642857142857143,0.12813302649573433,0.2998278884151298,0.9835148504287663
log_negativity_pure,0.29714285714285715,0.12750020117764987,0.29989231192457355,0.9836098411802301
log_negativity_pure,0.2978571428571429,0.12687050126676264,0.2999407385398955,0.9837042737239212
log_negativity_pure,0.2985714285714286,0.12624391132726454,0.2999742156637367,0.9837981516570018
log_negativity_pure,0.29928571428571427,0.12562041599958215,0.2999936856679841,0.9838914785492026
log_negativity_pure,0.3,0.12500000000000003,0.3,0.9839842579430849
log_negativity_pure,0.3007142857142857,0.12438264812028625,0.30638463952010475,0.9840764933542966
log_negativity_pure,0.30142857142857143,0.12376834522731958,0.3085726000639974,0.9841681882718243
log_negativity_pure,0.30214285714285716,0.1231570762627184,0.3100739311872017,0.9842593461582471
log_negativity_pure,0.3028571428571429,0.12254882624247168,0.31122127554376744,0.9843499704499827
log_negativity_pure,0.30357142857142855,0.12194358025657169,0.31214328232890554,0.9844400645575329
log_negativity_pure,0.30428571428571427,0.12134132346864832,0.31290583506239755,0.9845296318657247
log_negativity_pure,0.305,0.12074204111560571,0.313548016355968,0.9846186757339523
log_negativity_pure,0.3057142857142857,0.12014571850726015,0.3140952554022381,0.9847071994964104
log_negativity_pure,0.30642857142857144,0.11955234102598,0.3145651912399511,0.9847952064623298
log_negativity_pure,0.30714285714285716,0.11896189412632745,0.3149706494033349,0.9848826999162087
log_negativity_pure,0.30785714285714283,0.11837436333470192,0.3153212992003171,0.9849696831180411
log_negativity_pure,0.30857142857142855,0.11778973424898513,0.31562464278599744,0.9850561593035415
log_negativity_pure,0.3092857142857143,0.11720799253818837,0.31588663841455833,0.98514213168437
log_negativity_pure,0.31,0.11662912394210094,0.3161121107443826,0.9852276034483518
log_negativity_pure,0.3107142857142857,0.11605311427094074,0.3163050308697373,0.9853125777596959
log_negativity_pure,0.31142857142857144,0.11547994940500633,0.31646871330841553,0.9853970577592108
log_negativity_pure,0.31214285714285717,0.11490961529433089,0.31660595818526877,0.9854810465645176
log_negativity_pure,0.31285714285714283,0.11434209795833782,0.3167191561610566,0.9855645472702614
log_negativity_pure,0.31357142857142856,0.11377738348549785,0.31681036737921203,0.9856475629483195
log_negativity_pure,0.3142857142857143,0.11321545803298835,0.3168813818820403,0.9857300966480077
log_negativity_pure,0.315,0.1126563078263538,0.3169337665474134,0.9858121513962841
log_negativity_pure,0.3157142857142857,0.1120999191591681,0.3169689020467802,0.9858937301979503
log_negativity_pure,0.31642857142857145,0.11154627839269872,0.31698801229933143,0.9859748360358525
log_negativity_pure,0.3171428571428571,0.11099537195557226,0.3199313293070018,0.9860554718710757
log_negativity_pure,0.31785714285714284,0.1104471863434419,0.32349014759843403,0.9861356406431415
log_negativity_pure,0.31857142857142856,0.10990170811865614,0.3253306077000503,0.986215345270199
log_negativity_pure,0.3192857142857143,0.1093589239099297,0.32662381972274096,0.9862945886492167
log_negativity_pure,0.32,0.10881882041201553,0.3276172164141373,0.986373373656169
log_negativity_pure,0.32071428571428573,0.10828138438537879,0.3284144151295532,0.9864517031462261
log_negativity_pure,0.32142857142857145,0.10774660265587221,0.3290705294813344,0.9865295799539353
log_negativity_pure,0.3221428571428571,0.10721446211441323,0.3296190063497455,0.986607006893404
log_negativity_pure,0.32285714285714284,0.10668494971666255,0.330081944443953,0.9866839867584817
log_negativity_pure,0.32357142857142857,0.10615805248270456,0.3304748434574941,0.9867605223229365
log_negativity_pure,0.3242857142857143,0.10563375749672896,0.3308090684898773,0.9868366163406332
log_negativity_pure,0.325,0.10511205190671428,0.33109324454764144,0.9869122715457062
log_negativity_pure,0.32571428571428573,0.10459292292411285,0.3313340992750856,0.986987490652734
log_negativity_pure,0.3264285714285714,0.10407635782353722,0.3315369993200195,0.9870622763569081
log_negativity_pure,0.3271428571428571,0.10356234394244825,0.33170630633381715,0.9871366313342037
log_negativity_pure,0.32785714285714285,0.10305086868084477,0.33184562159936215,0.987210558241545
log_negativity_pure,0.32857142857142857,0.10254191950095472,0.33195795910887904,0.9872840597169741
log_negativity_pure,0.3292857142857143,0.10203548392692775,0.33204587110928924,0.9873571383798094
log_negativity_pure,0.33,0.1015315495445294,0.33211154115119446,0.9874297968308111
log_negativity_pure,0.33071428571428574,0.10103010400083688,0.33215685436148157,0.9875020376523409
log_negativity_pure,0.3314285714285714,0.10053113500393618,0.3321834514006335,0.9875738634085197
log_negativity_pure,0.33214285714285713,0.10003463032262067,0.33219277050598156,0.9876452766453843
log_negativity_pure,0.33285714285714285,0.09954057778609154,0.33766166850885376,0.9877162798910423
log_negativity_pure,0.3335714285714286,0.09904896528365924,0.3396192925345264,0.9877868756558261
log_negativity_pure,0.3342857142857143,0.09855978076444667,0.34092414573859703,0.9878570664324448
log_negativity_pure,0.335,0.09807301223709382,0.341900220886108,0.9879268546961338
log_negativity_pure,0.3357142857142857,0.09758864776946377,0.3426690843731283,0.9879962429048031
log_negativity_pure,0.3364285714285714,0.09710667548835014,0.34329214848441036,0.9880652334991866
log_negativity_pure,0.33714285714285713,0.09662708357918624,0.34380555286904463,0.9881338289029837
log_negativity_pure,0.33785714285714286,0.09614986028575528,0.34423268723058514,0.9882020315230079
log_negativity_pure,0.3385714285714286,0.09567499390990228,0.3445897144106084,0.9882698437493248
log_negativity_pure,0.3392857142857143,0.09520247281124723,0.34488835310577554,0.9883372679553968
log_negativity_pure,0.34,0.09473228540689985,0.3451374185566766,0.9884043064982206
log_negativity_pure,0.3407142857142857,0.09426442017117564,0.34534373811105623,0.9884709617184662
log_negativity_pure,0.3414285714285714,0.09379886563531323,0.3455127261966671,0.9885372359406123
log_negativity_pure,0.34214285714285714,0.09333561038719339,0.3456487617970993,0.988603131473084
log_negativity_pure,0.34285714285714286,0.09287464307105926,0.34575544548640347,0.9886686506083837
log_negativity_pure,0.3435714285714286,0.09241595238723796,0.34583577988923186,0.9887337956232267
log_negativity_pure,0.3442857142857143,0.09195952709186357,0.34589229971909563,0.9887985687786699
log_negativity_pure,0.345,0.0915053559966016,0.34592716760656056,0.9888629723202428
log_negativity_pure,0.3457142857142857,0.09105342796837457,0.3459422461084408,0.9889270084780751
log_negativity_pure,0.3464285714285714,0.09060373192908931,0.3504646301587365,0.988990679467026
log_negativity_pure,0.34714285714285714,0.09015625685536527,0.35258578699499366,0.9890539874868068
log_negativity_pure,0.34785714285714286,0.08971099177826433,0.35391182330220017,0.9891169347221089
log_negativity_pure,0.3485714285714286,0.08926792578302195,0.3548761988750288,0.9891795233427244
log_negativity_pure,0.3492857142857143,0.08882704800877957,0.35562160785161917,0.9892417555036707
log_negativity_pure,0.35,0.08838834764831845,0.35621631631512934,0.9893036333453086
log_negativity_pure,0.3507142857142857,0.08795181394779458,0.3566992679866035,0.9893651589934652
log_negativity_pure,0.3514285714285714,0.08751743620647534,0.35709515985417806,0.9894263345595494
log_negativity_pure,0.35214285714285715,0.08708520377647697,0.35742081374625717,0.9894871621406702
log_negativity_pure,0.35285714285714287,0.08665510606250365,0.357688295302441,0.989547643819755
log_negativity_pure,0.3535714285714286,0.08622713252158778,0.3579066049822823,0.9896077816656608
log_negativity_pure,0.35428571428571426,0.08580127266283159,0.35808266698660685,0.9896675777332901
log_negativity_pure,0.355,0.08537751604714973,0.3582219424826356,0.9897270340637039
log_negativity_pure,0.3557142857142857,0.08495585228701373,0.35832882807466754,0.9897861526842332
log_negativity_pure,0.35642857142857143,0.08453627104619715,0.3584069248322866,0.9898449356085873
log_negativity_pure,0.35714285714285715,0.08411876203952225,0.35845922581907763,0.9899033848369669
log_negativity_pure,0.3578571428571429,0.0837033150326079,0.3584882503972383,0.9899615023561689
log_negativity_pure,0.3585714285714286,0.08328991984161867,0.3603164801004974,0.9900192901396954
log_negativity_pure,0.35928571428571426,0.08287856633301525,0.3638117723479398,0.9900767501478608
log_negativity_pure,0.36,0.0824692444233059,0.3653949952162582,0.9901338843278941
log_negativity_pure,0.3607142857142857,0.08206194407879949,0.36646399152904063,0.9901906946140455
log_negativity_pure,0.36142857142857143,0.08165665531535939,0.3672592357754344,0.9902471829276894
log_negativity_pure,0.36214285714285716,0.08125336819815877,0.36787770358949984,0.9903033511774246
log_negativity_pure,0.3628571428571429,0.08085207284143711,0.36837004047089456,0.9903592012591771
log_negativity_pure,0.36357142857142855,0.08045275940825783,0.3687666433931811,0.9904147350563003
log_negativity_pure,0.36428571428571427,0.08005541811026705,0.36908744638405905,0.9904699544396735
log_negativity_pure,0.365,0.07966003920745389,0.369346355501469,0.990524861267799
log_negativity_pure,0.3657142857142857,0.07926661300791155,0.36955352564721544,0.9905794573869029
log_negativity_pure,0.36642857142857144,0.07887512986759972,0.3697166386968125,0.9906337446310275
log_negativity_pure,0.36714285714285716,0.07848558019010828,0.3698416711634964,0.9906877248221292
log_negativity_pure,0.3678571428571429,0.07809795442642198,0.36993338039182655,0.9907413997701718
log_negativity_pure,0.36857142857142855,0.0777122430746864,0.3699956259631579,0.9907947712732208
log_negativity_pure,0.3692857142857143,0.07732843667997495,0.3700315898132718,0.9908478411175358
log_negativity_pure,0.37,0.07694652583405727,0.3700439315278364,0.9909006110776621
log_negativity_pure,0.3707142857142857,0.07656650117516849,0.37478383440698065,0.9909530829165225
log_negativity_pure,0.37142857142857144,0.07618835338777971,0.3764129531029443,0.9910052583855062
log_negativity_pure,0.37214285714285716,0.07581207320236978,0.3774737212800453,0.991057139224559
log_negativity_pure,0.37285714285714283,0.07543765139519797,0.37824738691389503,0.9911087271622712
log_negativity_pure,0.37357142857142855,0.07506507878807783,0.3788398785864252,0.9911600239159654
log_negativity_pure,0.3742857142857143,0.07469434624815238,0.3793048001855211,0.9912110311917834
log_negativity_pure,0.375,0.07432544468767008,0.37967372825579127,0.991261750684771
log_negativity_pure,0.3757142857142857,0.07395836506376212,0.3799671131958605,0.9913121840789655
log_negativity_pure,0.37642857142857145,0.07359309837822076,0.3801990937463659,0.9913623330474775
log_negativity_pure,0.37714285714285717,0.07322963567727872,0.380379924968442,0.9914121992525751
log_negativity_pure,0.37785714285714284,0.07286796805138977,0.38051732345672934,0.9914617843457687
log_negativity_pure,0.37857142857142856,0.0725080866350102,0.3806172671672455,0.9915110899678903
log_negativity_pure,0.3792857142857143,0.07214998260638161,0.3806844979231804,0.9915601177491761
log_negativity_pure,0.38,0.0717936471873147,0.3807228514310195,0.9916088693093453
log_negativity_pure,0.3807142857142857,0.07143907164297393,0.3807354820644598,0.9916573462576844
log_negativity_pure,0.38142857142857145,0.07108624728166356,0.38534478199796485,0.99170555019312
log_negativity_pure,0.3821428571428571,0.07073516545461453,0.3868639899208389,0.9917534827043022
log_negativity_pure,0.38285714285714284,0.07038581755577238,0.38785058658761506,0.991801145369679
log_negativity_pure,0.38357142857142856,0.0700381950215864,0.3885652175290641,0.9918485397575744
log_negativity_pure,0.3842857142857143,0.06969228933079971,0.3891074337858332,0.9918956674262646
log_negativity_pure,0.385,0.06934809200424032,0.38952792975196937,0.9919425299240536
log_negativity_pure,0.38571428571428573,0.06900559460461328,0.3898566785662779,0.9919891287893476
log_negativity_pure,0.38642857142857145,0.06866478873629388,0.3901131399374108,0.992035465550728
log_negativity_pure,0.3871428571428571,0.06832566604512191,0.3903107913893751,0.992081541727028
log_negativity_pure,0.38785714285714284,0.06798821821819671,0.3904594213834047,0.9921273588274016
log_negativity_pure,0.38857142857142857,0.06765243698367356,0.39056640307176377,0.9921729183513979
log_negativity_pure,0.3892857142857143,0.06731831411056086,0.39063745312991366,0.9922182217890322
log_negativity_pure,0.39,0.06698584140851833,0.39067710925221766,0.9922632706208571
log_negativity_pure,0.39071428571428574,0.06665501072765627,0.3916473365836009,0.9923080663180315
log_negativity_pure,0.3914285714285714,0.0663258139583358,0.39524145636593916,0.9923526103423909
log_negativity_pure,0.3921428571428571,0.06599824303097,0.3966370443715634,0.9923969041465164
log_negativity_pure,0.39285714285714285,0.0656722899158262,0.3975456980809623,0.9924409491738029
log_negativity_pure,0.39357142857142857,0.06534794662282906,0.3982004737591384,0.9924847468585277
log_negativity_pure,0.3942857142857143,0.06502520520136479,0.39869283104852404,0.9925282986259143
log_negativity_pure,0.395,0.0647040577400861,0.3990699268268274,0.992571605892203
log_negativity_pure,0.39571428571428574,0.0643844963667185,0.3993598486104896,0.9926146700647145
log_negativity_pure,0.3964285714285714,0.06406651324786716,0.399580921716568,0.9926574925419166
log_negativity_pure,0.39714285714285713,0.06375010058882494,0.39974588288770246,0.9927000747134862
log_negativity_pure,0.39785714285714285,0.06343525063338132,0.39986400725921145,0.9927424179603769
log_negativity_pure,0.3985714285714286,0.06312195566363227,0.39994229591684893,0.99278452365488
log_negativity_pure,0.3992857142857143,0.06281020799979105,0.39998618618727205,0.9928263931606892
log_negativity_pure,0.4,0.06249999999999998,0.4000000000000001,0.9928680278329629
log_negativity_pure,0.4007142857142857,0.062191324060143126,0.4043234369043439,0.9929094290183837
log_negativity_pure,0.4014285714285714,0.061884172613659784,0.40567904938131044,0.9929505980552239
log_negativity_pure,0.40214285714285714,0.061578538131359196,0.40654896580551025,0.9929915362734032
log_negativity_pure,0.40285714285714286,0.061274413121235834,0.4071684521298808,0.9930322449945498
log_negativity_pure,0.4035714285714286,0.06097179012828581,0.4076285067692205,0.9930727255320614
log_negativity_pure,0.4042857142857143,0.06067066173432413,0.4079757362072125,0.9931129791911631
log_negativity_pure,0.405,0.06037102055780282,0.40823779040316993,0.9931530072689659
log_negativity_pure,0.4057142857142857,0.06007285925363007,0.408432661542992,0.9931928110545263
log_negativity_pure,0.4064285714285714,0.05977617051299,0.408572831104865,0.993232391828904
log_negativity_pure,0.40714285714285714,0.05948094706316372,0.4086673753248723,0.9932717508652171
log_negativity_pure,0.40785714285714286,0.05918718166735093,0.4087231374859064,0.9933108894287018
log_negativity_pure,0.4085714285714286,0.05889486712449254,0.40874542757645527,0.9933498087767665
log_negativity_pure,0.4092857142857143,0.05860399626909415,0.4124585562957603,0.9933885101590485
log_negativity_pure,0.41,0.05831456197105047,0.41395747336843175,0.9934269948174697
log_negativity_pure,0.4107142857142857,0.058026557135470364,0.41486529259030647,0.9934652639862891
log_negativity_pure,0.4114285714285714,0.05773997470250316,0.4154948385057572,0.9935033188921615
log_negativity_pure,0.41214285714285714,0.057454807647165436,0.4159537113212372,0.9935411607541866
log_negativity_pure,0.41285714285714287,0.05717104897916887,0.41629429482627256,0.9935787907839668
log_negativity_pure,0.4135714285714286,0.056888691742748895,0.4165467676743977,0.993616210185656
log_negativity_pure,0.4142857142857143,0.05660772901649415,0.41673039115641214,0.9936534201560161
log_negativity_pure,0.415,0.056328153913176894,0.4168583442140458,0.9936904218844662
log_negativity_pure,0.4157142857142857,0.056049959579584044,0.41694011163771033,0.9937272165531364
log_negativity_pure,0.4164285714285714,0.05577313919634935,0.4169827873434331,0.993763805336917
log_negativity_pure,0.41714285714285715,0.05549768597778612,0.4190299474584142,0.9938001894035109
log_negativity_pure,0.41785714285714287,0.055223593171720924,0.42135316690618546,0.9938363699134838
log_negativity_pure,0.4185714285714286,0.054950854059328036,0.4224611026293271,0.993872348020312
log_negativity_pure,0.41928571428571426,0.05467946195496484,0.42318194374045826,0.9939081248704362
log_negativity_pure,0.42,0.054409410206007765,0.42369068966039497,0.9939437016033063
log_negativity_pure,0.4207142857142857,0.054140692192689396,0.4240606315883749,0.9939790793514323
log_negativity_pure,0.42142857142857143,0.05387330132793611,0.42433075618526617,0.9940142592404329
log_negativity_pure,0.42214285714285715,0.053607231057206606,0.42452472534570757,0.9940492423890819
log_negativity_pure,0.4228571428571429,0.053342474858331275,0.42465817403099565,0.9940840299093576
log_negativity_pure,0.4235714285714286,0.05307902624135227,0.4247420692572256,0.9941186229064872
log_negativity_pure,0.42428571428571427,0.0528168787483645,0.42478445320212643,0.994153022478997
log_negativity_pure,0.425,0.05255602595335716,0.427084468405603,0.9941872297187558
log_negativity_pure,0.4257142857142857,0.05229646146205644,0.42912210127850203,0.9942212457110221
log_negativity_pure,0.42642857142857143,0.05203817891176861,0.4301404491843702,0.9942550715344906
log_negativity_pure,0.42714285714285716,0.051781171971224116,0.43080344642329144,0.9942887082613346
log_negativity_pure,0.4278571428571429,0.05152543434042238,0.43126782257791907,0.9943221569572541
log_negativity_pure,0.42857142857142855,0.05127095975047738,0.431600966923728,0.9943554186815182
log_negativity_pure,0.42928571428571427,0.05101774196346389,0.4318392018460154,0.9943884944870099
log_negativity_pure,0.43,0.050765774772264724,0.4320047511557584,0.9944213854202694
log_negativity_pure,0.4307142857142857,0.050515052000418455,0.4321123807425186,0.9944540925215382
log_negativity_pure,0.43142857142857144,0.05026556750196808,0.432172489680974,0.9944866168248019
log_negativity_pure,0.43214285714285716,0.05001731516131033,0.4321927270486666,0.994518959357832
log_negativity_pure,0.43285714285714283,0.049770288893045786,0.43587875828126005,0.9945511211422294
log_negativity_pure,0.43357142857142855,0.04952448264182963,0.43706804465601745,0.9945831031934664
log_negativity_pure,0.4342857142857143,0.04927989038222336,0.4377956288727846,0.9946149065209273
log_negativity_pure,0.435,0.04903650611854692,0.43829064761152414,0.9946465321279504
log_negativity_pure,0.4357142857142857,0.04879432388473188,0.43863908330596946,0.994677981011869
log_negativity_pure,0.43642857142857144,0.04855333774417507,0.4388843755726164,0.9947092541640525
log_negativity_pure,0.43714285714285717,0.04831354178959312,0.4390520895459168,0.9947403525699453
log_negativity_pure,0.43785714285714283,0.04807493014287766,0.43915877231446315,0.9947712772091085
log_negativity_pure,0.43857142857142856,0.04783749695495115,0.4392158591588594,0.9948020290552588
log_negativity_pure,0.4392857142857143,0.04760123640562363,0.4403931654992605,0.9948326090763067
log_negativity_pure,0.44,0.047366142703449944,0.44302805384271104,0.9948630182343985
log_negativity_pure,0.4407142857142857,0.04713221008558782,0.4440785038933144,0.9948932574859521
log_negativity_pure,0.44142857142857145,0.04689943281765661,0.4447307625046021,0.9949233277816969
log_negativity_pure,0.4421428571428571,0.04666780519359671,0.4451728597549741,0.9949532300667121
log_negativity_pure,0.44285714285714284,0.04643732153552965,0.4454797712683932,0.9949829652804641
log_negativity_pure,0.44357142857142856,0.046207976193618994,0.4456904450345137,0.9950125343568427
log_negativity_pure,0.4442857142857143,0.0459797635459318,0.44582818322692236,0.9950419382242014
log_negativity_pure,0.445,0.045752677998300795,0.44590823485303754,0.9950711778053917
log_negativity_pure,0.44571428571428573,0.045526713984187284,0.4459412215914068,0.9951002540178011
log_negativity_pure,0.44642857142857145,0.04530186596454465,0.44900712489473465,0.9951291677733881
log_negativity_pure,0.4471428571428571,0.04507812842768265,0.4503108137402897,0.9951579199787203
log_negativity_pure,0.44785714285714284,0.04485549588913218,0.45105214922093156,0.9951865115350088
log_negativity_pure,0.44857142857142857,0.04463396289151099,0.45153767491069374,0.9952149433381436
log_negativity_pure,0.4492857142857143,0.044413524004389804,0.45186831242179804,0.9952432162787295
log_negativity_pure,0.45,0.04419417382415922,0.4520923470472063,0.9952713312421212
log_negativity_pure,0.45071428571428573,0.04397590697389729,0.45223732602227046,0.9952992891084568
log_negativity_pure,0.4514285714285714,0.043758718103237684,0.45232072021897185,0.9953270907526937
log_negativity_pure,0.4521428571428571,0.0435426018882385,0.45235443036037,0.9953547370446418
log_negativity_pure,0.45285714285714285,0.04332755303125184,0.4553819574606094,0.9953822288489977
log_negativity_pure,0.45357142857142857,0.04311356626079391,0.45662205163773945,0.9954095670253784
log_negativity_pure,0.4542857142857143,0.04290063633141579,0.45732478321787984,0.995436752428354
log_negativity_pure,0.455,0.042688758023574865,0.4577805541542749,0.9954637859074827
log_negativity_pure,0.45571428571428574,0.04247792614350686,0.45808622838252333,0.9954906683073403
log_negativity_pure,0.4564285714285714,0.04226813552309859,0.45828838703110747,0.9955174004675562
log_negativity_pure,0.45714285714285713,0.042059381019761144,0.45841368105440905,0.995543983222845
log_negativity_pure,0.45785714285714285,0.041851657516303965,0.45847904416308494,0.9955704174030362
log_negativity_pure,0.4585714285714286,0.04164495992080935,0.4597626159593644,0.9955967038331088
log_negativity_pure,0.4592857142857143,0.04143928316650762,0.46203700009889054,0.9956228433332225
log_negativity_pure,0.46,0.041234622211652944,0.462959197314626,0.995648836718747
log_negativity_pure,0.4607142857142857,0.04103097203939974,0.46351769880467025,0.995674684800296
log_negativity_pure,0.4614285714285714,0.04082832765767969,0.46388257219785994,0.9957003883837562
log_negativity_pure,0.46214285714285713,0.0406266840990794,0.46412240509532837,0.9957259482703187
log_negativity_pure,0.46285714285714286,0.04042603642071857,0.4642730197232063,0.9957513652565086
log_negativity_pure,0.4635714285714286,0.04022637970412891,0.4643559176423354,0.9957766401342164
log_negativity_pure,0.4642857142857143,0.040027709055133524,0.4643852002497253,0.9958017736907282
log_negativity_pure,0.465,0.039830019603726945,0.46751671283771107,0.9958267667087526
log_negativity_pure,0.4657142857142857,0.039633306503955766,0.4685550402448341,0.9958516199664537
log_negativity_pure,0.4664285714285714,0.03943756493379986,0.46915318495019387,0.9958763342374792
log_negativity_pure,0.46714285714285714,0.03924279009505414,0.4695351436906267,0.9959009102909885
log_negativity_pure,0.46785714285714286,0.03904897721321098,0.46978226698801534,0.995925348891682
log_negativity_pure,0.4685714285714286,0.03885612153734318,0.4699350711470928,0.9959496507998307
log_negativity_pure,0.4692857142857143,0.038664218339987455,0.4700172039018787,0.9959738167713039
log_negativity_pure,0.47,0.038473262917028635,0.47004388771719985,0.9959978475575977
log_negativity_pure,0.4707142857142857,0.038283250587584236,0.4732097078062264,0.9960217439058615
log_negativity_pure,0.4714285714285714,0.038094176693889856,0.4741634771505102,0.9960455065589287
log_negativity_pure,0.47214285714285714,0.037906036601184884,0.4747152847381858,0.9960691362553413
log_negativity_pure,0.47285714285714286,0.03771882569759896,0.4750640292532145,0.9960926337293801
log_negativity_pure,0.4735714285714286,0.037532539394038895,0.47528462834529084,0.9961159997110889
log_negativity_pure,0.4742857142857143,0.03734717312407617,0.47541499552701927,0.9961392349263034
log_negativity_pure,0.475,0.03716272234383503,0.4754774659187234,0.9961623400966786
log_negativity_pure,0.4757142857142857,0.03697918253188106,0.477451303048335,0.9961853159397128
log_negativity_pure,0.4764285714285714,0.03679654918911038,0.4790035313267175,0.9962081631687771
log_negativity_pure,0.47714285714285715,0.03661481783863936,0.4797368414138548,0.9962308824931384
log_negativity_pure,0.47785714285714287,0.036433984025694865,0.48017744108763083,0.9962534746179884
log_negativity_pure,0.4785714285714286,0.03625404331750508,0.48045342856570616,0.9962759402444668
log_negativity_pure,0.47928571428571426,0.036074991303190806,0.4806203306535717,0.9962982800696896
log_negativity_pure,0.48,0.03589682359365735,0.480708199898904,0.9963204947867718
log_negativity_pure,0.4807142857142857,0.035719535821486965,0.4807354711213258,0.9963425850848546
log_negativity_pure,0.48142857142857143,0.03554312364083178,0.48380181859785526,0.9963645516491288
log_negativity_pure,0.48214285714285715,0.03536758272730725,0.48467709409148807,0.9963863951608625
log_negativity_pure,0.4828571428571429,0.03519290877788617,0.4851756901149121,0.9964081162974221
log_negativity_pure,0.4835714285714286,0.035019097510793185,0.48548193394098693,0.9964297157322995
log_negativity_pure,0.48428571428571426,0.034846144665399856,0.48566623186929236,0.9964511941351353
log_negativity_pure,0.485,0.03467404600212016,0.485764438964457,0.9964725521717435
log_negativity_pure,0.4857142857142857,0.03450279730230663,0.48579775576826234,0.9964937905041351
log_negativity_pure,0.48642857142857143,0.03433239436814694,0.4886919108180877,0.9965149097905417
log_negativity_pure,0.48714285714285716,0.03416283302256094,0.48959235655657524,0.9965359106854409
log_negativity_pure,0.4878571428571429,0.033994109109098336,0.49009254379564,0.9965567938395761
log_negativity_pure,0.48857142857142855,0.03382621849183678,0.4903944969723402,0.9965775598999833
log_negativity_pure,0.48928571428571427,0.03365915705528043,0.4905723853042924,0.9965982095100138
log_negativity_pure,0.49,0.03349292070425916,0.49066332206189556,0.9966187433093548
log_negativity_pure,0.4907142857142857,0.033327505363828135,0.49135962215448503,0.996639161934054
log_negativity_pure,0.49142857142857144,0.0331629069791679,0.49370151710892074,0.9966594660165425
log_negativity_pure,0.49214285714285716,0.032999121515485,0.49448870481584384,0.9966796561856569
log_negativity_pure,0.4928571428571429,0.0328361449579131,0.4949315213682385,0.9966997330666609
log_negativity_pure,0.49357142857142855,0.03267397331141454,0.49519478231711256,0.9967196972812685
log_negativity_pure,0.4942857142857143,0.03251260260068239,0.49534317085228874,0.9967395494476644
log_negativity_pure,0.495,0.03235202887004305,0.49541003960992025,0.996759290180529
log_negativity_pure,0.4957142857142857,0.032192248183359244,0.4974587426199696,0.9967789200910557
log_negativity_pure,0.49642857142857144,0.032033256623933574,0.4987197452340615,0.9967984397869765
log_negativity_pure,0.49714285714285716,0.03187505029441247,0.49932195727714185,0.996817849872581
log_negativity_pure,0.49785714285714283,0.03171762531669067,0.49966871232055105,0.9968371509487381
log_negativity_pure,0.49857142857142855,0.03156097783181614,0.49986863043470964,0.9968563436129176
log_negativity_pure,0.4992857142857143,0.03140510399989553,0.4999701826758659,0.9968754284592102
log_negativity_pure,0.5,0.03125,0.5,0.9968944060783498
log_negativity_pure,0.5007142857142857,0.031095662030071573,0.5028570082095496,0.9969132770577321
log_negativity_pure,0.5014285714285714,0.030942086306829892,0.5036153439983304,0.9969320419814369
log_negativity_pure,0.5021428571428571,0.03078926906567961,0.5040301897926485,0.9969507014302479
log_negativity_pure,0.5028571428571429,0.030637206560617913,0.5042679222421885,0.9969692559816716
log_negativity_pure,0.5035714285714286,0.030485895064142916,0.5043928975206011,0.9969877062099597
log_negativity_pure,0.5042857142857143,0.03033533086716206,0.5044380784617314,0.997006052686127
log_negativity_pure,0.505,0.030185510278901425,0.5069959634292484,0.9970242959779723
log_negativity_pure,0.5057142857142857,0.030036429626815044,0.5078582548434257,0.9970424366500976
log_negativity_pure,0.5064285714285715,0.029888085256494997,0.5083086316666174,0.997060475263928
log_negativity_pure,0.5071428571428571,0.02974047353158187,0.5085626395774197,0.9970784123777305
log_negativity_pure,0.5078571428571429,0.02959359083367546,0.5086956208628399,0.9970962485466336
log_negativity_pure,0.5085714285714286,0.02944743356224628,0.5087444987675048,0.9971139843226456
log_negativity_pure,0.5092857142857142,0.0293019981345471,0.5112197359083335,0.9971316202546758
log_negativity_pure,0.51,0.02915728098552523,0.5120788996983167,0.997149156888551
log_negativity_pure,0.5107142857142857,0.029013278567735192,0.5125200422137225,0.9971665947670344
log_negativity_pure,0.5114285714285715,0.028869987351251576,0.5127643840412377,0.9971839344298458
log_negativity_pure,0.5121428571428571,0.02872740382358273,0.5128880208900224,0.9972011764136786
log_negativity_pure,0.5128571428571429,0.028585524489584433,0.5129280007580646,0.9972183212522184
log_negativity_pure,0.5135714285714286,0.028444345871374458,0.5155268824355645,0.9972353694761622
log_negativity_pure,0.5142857142857142,0.0283038645082471,0.5162743444376227,0.9972523216132346
log_negativity_pure,0.515,0.028164076956588444,0.5166633136820372,0.9972691781882077
log_negativity_pure,0.5157142857142857,0.028024979789792032,0.5168735868283,0.9972859397229168
log_negativity_pure,0.5164285714285715,0.027886569598174673,0.5169717244678497,0.9973026067362806
log_negativity_pure,0.5171428571428571,0.02774884298889307,0.5183908704270924,0.9973191797443169
log_negativity_pure,0.5178571428571429,0.02761179658586046,0.519832483675416,0.9973356592601602
log_negativity_pure,0.5185714285714286,0.02747542702966403,0.5204146934638373,0.9973520457940805
log_negativity_pure,0.5192857142857142,0.02733973097748243,0.5207231495543451,0.9973683398534987
log_negativity_pure,0.52,0.02720470510300388,0.5208816087471525,0.9973845419430051
log_negativity_pure,0.5207142857142857,0.027070346096344705,0.520941903824898,0.9974006525643748
log_negativity_pure,0.5214285714285715,0.02693665066396805,0.5231967385429073,0.9974166722165867
log_negativity_pure,0.5221428571428571,0.026803615528603313,0.5240463538331193,0.9974326013958388
log_negativity_pure,0.5228571428571429,0.026671237429165634,0.5244608801888255,0.9974484405955645
log_negativity_pure,0.5235714285714286,0.026539513120676147,0.5246777733693901,0.9974641903064508
log_negativity_pure,0.5242857142857142,0.026408439374182257,0.5247750670403823,0.9974798510164531
log_negativity_pure,0.525,0.026278012976678578,0.5263547768084875,0.9974954232108123
log_negativity_pure,0.5257142857142857,0.02614823073102823,0.5275940231468186,0.9975109073720707
log_negativity_pure,0.5264285714285715,0.0260190894558843,0.5281124682769476,0.9975263039800885
log_negativity_pure,0.5271428571428571,0.02589058598561207,0.5283796111471679,0.9975416135120592
log_negativity_pure,0.5278571428571428,0.0257627171702112,0.5285062881913465,0.9975568364425265
log_negativity_pure,0.5285714285714286,0.025635479875238686,0.5291877831757936,0.9975719732433976
log_negativity_pure,0.5292857142857142,0.025508870981731945,0.5311012942842062,0.9975870243839626
log_negativity_pure,0.53,0.02538288738613236,0.5317026012809197,0.9976019903309072
log_negativity_pure,0.5307142857142857,0.025257526000209238,0.5320039563416386,0.9976168715483285
log_negativity_pure,0.5314285714285715,0.025132783750984038,0.5321485120247054,0.9976316684977521
log_negativity_pure,0.5321428571428571,0.025008657580655173,0.5321926396781508,0.997646381638145
log_negativity_pure,0.5328571428571428,0.02488514444652289,0.5346113679192059,0.9976610114259323
log_negativity_pure,0.5335714285714286,0.024762241320914816,0.5352503274037331,0.9976755583150118
log_negativity_pure,0.5342857142857143,0.024639945191111675,0.5355627797584812,0.9976900227567687
log_negativity_pure,0.535,0.024518253059273458,0.5357107630059882,0.9977044052000912
log_negativity_pure,0.5357142857142857,0.02439716194236594,0.5357550837483316,0.9977187060913844
log_negativity_pure,0.5364285714285715,0.024276668872087532,0.5381476743125039,0.9977329258745848
log_negativity_pure,0.5371428571428571,0.024156770894796557,0.5387639586908016,0.9977470649911766
log_negativity_pure,0.5378571428571428,0.024037465071438828,0.5390613390718884,0.9977611238802035
log_negativity_pure,0.5385714285714286,0.023918748477475577,0.5391973777141512,0.9977751029782851
log_negativity_pure,0.5392857142857143,0.02380061820281181,0.5400377143151387,0.9977890027196308
log_negativity_pure,0.54,0.02368307135172497,0.5416985836327456,0.9978028235360534
log_negativity_pure,0.5407142857142857,0.023566105042793908,0.542239026799926,0.9978165658569832
log_negativity_pure,0.5414285714285715,0.0234497164088283,0.5424978774088514,0.9978302301094827
log_negativity_pure,0.5421428571428571,0.023333902596798343,0.542608104517769,0.9978438167182597
log_negativity_pure,0.5428571428571428,0.023218660767764823,0.5441506114641839,0.9978573261056812
log_negativity_pure,0.5435714285714286,0.023103988096809486,0.5452266266319558,0.997870758691788
log_negativity_pure,0.5442857142857143,0.0229898817729659,0.5456613108854249,0.9978841148943076
log_negativity_pure,0.545,0.022876338999150387,0.5458652151474241,0.9978973951286673
log_negativity_pure,0.5457142857142857,0.02276335699209364,0.5459391161132944,0.9979105998080087
log_negativity_pure,0.5464285714285714,0.02265093298227233,0.5479720513338067,0.9979237293431998
log_negativity_pure,0.5471428571428572,0.02253906421384131,0.5486912696763477,0.9979367841428498
log_negativity_pure,0.5478571428571428,0.02242774794456609,0.5490128108578439,0.9979497646133211
log_negativity_pure,0.5485714285714286,0.022316981445755484,0.5491534485467886,0.9979626711587424
log_negativity_pure,0.5492857142857143,0.0222067620021949,0.5502175942371461,0.9979755041810222
log_negativity_pure,0.55,0.022097086912079598,0.551589434522871,0.9979882640798625
log_negativity_pure,0.5507142857142857,0.021987953486948642,0.5520623182661172,0.9980009512527698
log_negativity_pure,0.5514285714285714,0.02187935905161884,0.5522768750167806,0.9980135660950683
log_negativity_pure,0.5521428571428572,0.021771300944119238,0.5523525204732607,0.998026108999915
log_negativity_pure,0.5528571428571428,0.02166377651562592,0.5543534644740625,0.998038580358308
log_negativity_pure,0.5535714285714286,0.021556783130396943,0.5550274313372439,0.9980509805591034
log_negativity_pure,0.5542857142857143,0.021450318165707895,0.5553213954108551,0.9980633099890241
log_negativity_pure,0.555,0.02134437901178742,0.55544071533201,0.9980755690326752
log_negativity_pure,0.5557142857142857,0.02123896307175343,0.556969691624528,0.9980877580725538
log_negativity_pure,0.5564285714285714,0.021134067761549292,0.5579249830950628,0.9980998774890623
log_negativity_pure,0.5571428571428572,0.021029690509880558,0.5582996638293041,0.9981119276605215
log_negativity_pure,0.5578571428571428,0.020925828758151983,0.5584588985699153,0.9981239089631802
log_negativity_pure,0.5585714285714286,0.020822479960404663,0.5593703321977166,0.9981358217712295
log_negativity_pure,0.5592857142857143,0.02071964158325381,0.5607754251717783,0.9981476664568133
log_negativity_pure,0.56,0.02061731110582646,0.5612243325521805,0.9981594433900407
log_negativity_pure,0.5607142857142857,0.02051548601969987,0.5614160469322618,0.9981711529389976
log_negativity_pure,0.5614285714285714,0.020414163828839853,0.5614708336990467,0.9981827954697582
log_negativity_pure,0.5621428571428572,0.02031334204953969,0.5636016896657268,0.9981943713463968
log_negativity_pure,0.5628571428571428,0.020213018210359285,0.5641068006509908,0.9982058809309995
log_negativity_pure,0.5635714285714286,0.020113189852064443,0.5643196553145919,0.998217324583675
log_negativity_pure,0.5642857142857143,0.02001385452756676,0.5643847564953886,0.9982287026625659
log_negativity_pure,0.565,0.01991500980186348,0.5664247143023323,0.9982400155238617
log_negativity_pure,0.5657142857142857,0.019816653251977883,0.5669555077669686,0.9982512635218077
log_negativity_pure,0.5664285714285714,0.019718782466899936,0.5671750222446816,0.9982624470087174
log_negativity_pure,0.5671428571428572,0.01962139504752707,0.5672416578441238,0.9982735663349833
log_negativity_pure,0.5678571428571428,0.019524488606605498,0.5692558628247766,0.9982846218490888
log_negativity_pure,0.5685714285714286,0.019428060768671585,0.5697743707945742,0.9982956138976169
log_negativity_pure,0.5692857142857143,0.019332109169993734,0.5699847581176212,0.9983065428252639
log_negativity_pure,0.57,0.019236631458514324,0.5700437995692147,0.9983174089748476
log_negativity_pure,0.5707142857142857,0.019141625293792118,0.5720914262401406,0.9983282126873199
log_negativity_pure,0.5714285714285714,0.019047088346944935,0.5725622060138973,0.9983389543017767
log_negativity_pure,0.5721428571428572,0.018953018300592442,0.5727487359803711,0.9983496341554676
log_negativity_pure,0.5728571428571428,0.018859412848799488,0.5735677181406793,0.9983602525838101
log_negativity_pure,0.5735714285714286,0.018766269697019444,0.5749150508047014,0.9983708099203941
log_negativity_pure,0.5742857142857143,0.018673586562038092,0.5753135686494757,0.998381306496998
log_negativity_pure,0.575,0.018581361171917523,0.5754645433140111,0.9983917426435948
log_negativity_pure,0.5757142857142857,0.018489591265940526,0.5768121432756612,0.9984021186883657
log_negativity_pure,0.5764285714285714,0.018398274594555192,0.5777059149008764,0.9984124349577079
log_negativity_pure,0.5771428571428572,0.018307408919319677,0.5780205944187122,0.9984226917762455
log_negativity_pure,0.5778571428571428,0.018216992012847433,0.5781282821396523,0.9984328894668412
log_negativity_pure,0.5785714285714286,0.018127021658752535,0.5798317502249833,0.9984430283506025
log_negativity_pure,0.5792857142857143,0.018037495651595393,0.5804455911820192,0.9984531087468953
log_negativity_pure,0.58,0.01794841179682868,0.5806749432747644,0.9984631309733528
log_negativity_pure,0.5807142857142857,0.017859767910743472,0.5807354491671004,0.998473095345884
log_negativity_pure,0.5814285714285714,0.017771561820415897,0.582705777265453,0.9984830021786854
log_negativity_pure,0.5821428571428572,0.017683791363653615,0.5831206599529501,0.9984928517842496
log_negativity_pure,0.5828571428571429,0.01759645438894309,0.5832691734654245,0.9985026444733739
log_negativity_pure,0.5835714285714285,0.017509548755396596,0.5846934206989823,0.9985123805551724
log_negativity_pure,0.5842857142857143,0.017423072332699928,0.5854569813381167,0.9985220603370843
log_negativity_pure,0.585,0.017337023001060076,0.5857224901860245,0.9985316841248822
log_negativity_pure,0.5857142857142857,0.017251398651153316,0.5857973937132908,0.9985412522226843
log_negativity_pure,0.5864285714285714,0.017166197184073466,0.5876641222336835,0.9985507649329598
log_negativity_pure,0.5871428571428572,0.017081416511280468,0.5880966287004448,0.9985602225565426
log_negativity_pure,0.5878571428571429,0.016997054554549168,0.5882460933588555,0.9985696253926367
log_negativity_pure,0.5885714285714285,0.016913109245918396,0.5896861106832516,0.9985789737388286
log_negativity_pure,0.5892857142857143,0.016829578527640204,0.590392008373958,0.9985882678910938
log_negativity_pure,0.59,0.016746460352129587,0.5906320088753808,0.9985975081438074
log_negativity_pure,0.5907142857142857,0.016663752681914057,0.5911560040367846,0.9986066947897523
log_negativity_pure,0.5914285714285714,0.016581453489583953,0.5926076337968731,0.9986158281201293
log_negativity_pure,0.5921428571428572,0.01649956075774249,0.5929598869160997,0.9986249084245646
log_negativity_pure,0.5928571428571429,0.016418072478956554,0.5930686193538307,0.9986339359911192
log_negativity_pure,0.5935714285714285,0.01633698665570727,0.594739650379977,0.9986429111062982
log_negativity_pure,0.5942857142857143,0.016256301300341194,0.5952351830611271,0.9986518340550588
log_negativity_pure,0.595,0.01617601443502152,0.5953991238995265,0.9986607051208193
log_negativity_pure,0.5957142857142858,0.016096124091679622,0.5967771507983184,0.9986695245854682
log_negativity_pure,0.5964285714285714,0.016016628311966787,0.597464302424177,0.9986782927293717
log_negativity_pure,0.5971428571428572,0.01593752514720623,0.5976855981764443,0.9986870098313835
log_negativity_pure,0.5978571428571429,0.015858812658345326,0.598684704259718,0.9986956761688518
log_negativity_pure,0.5985714285714285,0.015780488915908077,0.5996548233968502,0.9987042920176286
log_negativity_pure,0.5992857142857143,0.01570255199994776,0.5999332366684993,0.9987128576520796
log_negativity_pure,0.6,0.015625000000000007,0.6,0.9987213733450883
log_negativity_pure,0.6007142857142858,0.015547831015035771,0.6018155699173425,0.9987298393680692
log_negativity_pure,0.6014285714285714,0.015471043153414951,0.6021471237973749,0.998738255990973
log_negativity_pure,0.6021428571428571,0.015394634532839803,0.6022357816783102,0.9987466234822943
log_negativity_pure,0.6028571428571429,0.015318603280308962,0.6039562694304446,0.9987549421090826
log_negativity_pure,0.6035714285714285,0.015242947532071456,0.6043319065552529,0.9987632121369481
log_negativity_pure,0.6042857142857143,0.015167665433581036,0.6044366532879308,0.9987714338300702
log_negativity_pure,0.605,0.01509275513945071,0.6060864563443499,0.9987796074512054
log_negativity_pure,0.6057142857142858,0.015018214813407515,0.6064913859230279,0.9987877332616965
log_negativity_pure,0.6064285714285714,0.014944042628247497,0.6066050347658664,0.9987958115214772
log_negativity_pure,0.6071428571428571,0.01487023676579094,0.6082135184331572,0.9988038424890847
log_negativity_pure,0.6078571428571429,0.014796795416837729,0.6086281144304577,0.9988118264216631
log_negativity_pure,0.6085714285714285,0.014723716781123145,0.6087425801368223,0.998819763574974
log_negativity_pure,0.6092857142857143,0.014650999067273535,0.6103405363108776,0.998827654203402
log_negativity_pure,0.61,0.014578640492762621,0.6107431267337518,0.9988354985599651
log_negativity_pure,0.6107142857142858,0.014506639283867582,0.6108501189104965,0.9988432968963193
log_negativity_pure,0.6114285714285714,0.014434993675625793,0.6124652742122991,0.9988510494627683
log_negativity_pure,0.6121428571428571,0.014363701911791362,0.6128359123750887,0.9988587565082696
log_negativity_pure,0.6128571428571429,0.014292762244792222,0.6129276855712533,0.9988664182804434
log_negativity_pure,0.6135714285714285,0.014222172935687227,0.614581173839319,0.9988740350255789
log_negativity_pure,0.6142857142857143,0.01415193225412354,0.6149046558660245,0.9988816069886415
log_negativity_pure,0.615,0.014082038478294222,0.6154024506103558,0.9988891344132813
log_negativity_pure,0.6157142857142857,0.014012489894896021,0.6166796642576324,0.9988966175418401
log_negativity_pure,0.6164285714285714,0.013943284799087336,0.6169466653062592,0.9989040566153571
log_negativity_pure,0.6171428571428571,0.01387442149444654,0.617938118884831,0.9989114518735782
log_negativity_pure,0.6178571428571429,0.013805898292930227,0.6187523405027214,0.9989188035549613
log_negativity_pure,0.6185714285714285,0.01373771351483202,0.6189588535262545,0.9989261118966859
log_negativity_pure,0.6192857142857143,0.013669865488741202,0.6202241931859103,0.9989333771346571
log_negativity_pure,0.62,0.013602352551501945,0.6207921942868101,0.9989405995035148
log_negativity_pure,0.6207142857142857,0.013535173048172353,0.6209381511478466,0.9989477792366397
log_negativity_pure,0.6214285714285714,0.01346832533198403,0.6223984622933985,0.9989549165661613
log_negativity_pure,0.6221428571428571,0.013401807764301655,0.6227939589163134,0.9989620117229633
log_negativity_pure,0.6228571428571429,0.013335618714582822,0.6228817901424383,0.9989690649366919
log_negativity_pure,0.6235714285714286,0.013269756560338072,0.6244893140507517,0.9989760764357614
log_negativity_pure,0.6242857142857143,0.013204219687091122,0.6247539633879386,0.9989830464473618
log_negativity_pure,0.625,0.013139006488339287,0.6258376909049972,0.9989899751974655
log_negativity_pure,0.6257142857142857,0.01307411536551412,0.6265086035277181,0.9989968629108332
log_negativity_pure,0.6264285714285714,0.013009544727942149,0.6266698174922747,0.9990037098110223
log_negativity_pure,0.6271428571428571,0.012945292992806038,0.6280751421267189,0.9990105161203913
log_negativity_pure,0.6278571428571429,0.012881358585105593,0.6284628849349395,0.9990172820601078
log_negativity_pure,0.6285714285714286,0.012817739937619348,0.628989141934454,0.9990240078501549
log_negativity_pure,0.6292857142857143,0.012754435490865966,0.6301367415218203,0.9990306937093376
log_negativity_pure,0.63,0.012691443693066184,0.6303564531125393,0.9990373398552894
log_negativity_pure,0.6307142857142857,0.012628763000104617,0.6316056785290292,0.9990439465044776
log_negativity_pure,0.6314285714285715,0.012566391875492024,0.6320895032679709,0.9990505138722113
log_negativity_pure,0.6321428571428571,0.012504328790327585,0.6321924630853573,0.999057042172647
log_negativity_pure,0.6328571428571429,0.012442572223261445,0.6337118157350916,0.9990635316187955
log_negativity_pure,0.6335714285714286,0.012381120660457406,0.6339580606159995,0.9990699824225272
log_negativity_pure,0.6342857142857142,0.012319972595555836,0.6351450438196586,0.9990763947945791
log_negativity_pure,0.635,0.012259126529636729,0.6356513446775189,0.9990827689445598
log_negativity_pure,0.6357142857142857,0.012198580971182978,0.6357549627207021,0.9990891050809584
log_negativity_pure,0.6364285714285715,0.012138334436043766,0.6372530775390511,0.999095403411147
log_negativity_pure,0.6371428571428571,0.012078385447398289,0.637483200718331,0.99910166414139
log_negativity_pure,0.6378571428571429,0.012018732535719409,0.6387145277632221,0.9991078874768476
log_negativity_pure,0.6385714285714286,0.011959374238737792,0.6391530036018324,0.9991140736215852
log_negativity_pure,0.6392857142857142,0.011900309101405911,0.639786107826056,0.9991202227785749
log_negativity_pure,0.64,0.01184153567586249,0.6407547953078897,0.9991263351497051
log_negativity_pure,0.6407142857142857,0.011783052521396959,0.6409312057363693,0.9991324109357848
log_negativity_pure,0.6414285714285715,0.011724858204414155,0.6422683670947806,0.9991384503365497
log_negativity_pure,0.6421428571428571,0.011666951298399175,0.6425859405863279,0.9991444535506686
log_negativity_pure,0.6428571428571429,0.01160933038388241,0.6436377456632628,0.9991504207757484
log_negativity_pure,0.6435714285714286,0.011551994048404747,0.6441927923968008,0.9991563522083409
log_negativity_pure,0.6442857142857142,0.011494940886482948,0.6442943384431674,0.9991622480439469
log_negativity_pure,0.645,0.011438169499575197,0.6457467348204047,0.9991681084770241
log_negativity_pure,0.6457142857142857,0.011381678496046817,0.6459346600826373,0.9991739337009908
log_negativity_pure,0.6464285714285715,0.01132546649113616,0.6472378962498659,0.9991797239082333
log_negativity_pure,0.6471428571428571,0.011269532106920655,0.6475405676682062,0.9991854792901098
log_negativity_pure,0.6478571428571429,0.011213873972283038,0.6486435552813086,0.9991912000369572
log_negativity_pure,0.6485714285714286,0.01115849072287774,0.6491124120296549,0.9991968863380967
log_negativity_pure,0.6492857142857142,0.011103381001097453,0.6498862974338638,0.9992025383818378
log_negativity_pure,0.65,0.011048543456039799,0.6506503779888524,0.9992081563554862
log_negativity_pure,0.6507142857142857,0.010993976743474325,0.6507787874988332,0.9992137404453472
log_negativity_pure,0.6514285714285715,0.010939679525809409,0.6521543980688717,0.9992192908367322
log_negativity_pure,0.6521428571428571,0.010885650472059622,0.6523484846779586,0.9992248077139635
log_negativity_pure,0.6528571428571428,0.010831888257812958,0.653623991086913,0.9992302912603808
log_negativity_pure,0.6535714285714286,0.010778391565198477,0.6538945217937491,0.9992357416583447
log_negativity_pure,0.6542857142857142,0.010725159082853946,0.6550579331043395,0.9992411590892434
log_negativity_pure,0.655,0.010672189505893714,0.6554186782720186,0.9992465437334976
log_negativity_pure,0.6557142857142857,0.010619481535876713,0.6564535001719081,0.999251895770566
log_negativity_pure,0.6564285714285715,0.01056703388077464,0.6569228947700014,0.9992572153789501
log_negativity_pure,0.6571428571428571,0.010514845254940279,0.6578043735190857,0.9992625027361995
log_negativity_pure,0.6578571428571428,0.010462914379075995,0.6584092675894598,0.9992677580189172
log_negativity_pure,0.6585714285714286,0.010411239980202332,0.6590926234439043,0.9992729814027644
log_negativity_pure,0.6592857142857143,0.010359820791626909,0.6598800160482357,0.9992781730624658
log_negativity_pure,0.66,0.01030865555291323,0.6602101933557802,0.9992833331718153
log_negativity_pure,0.6607142857142857,0.010257743009849938,0.6613374101233,0.9992884619036803
log_negativity_pure,0.6614285714285715,0.010207081914419916,0.6614706776088244,0.9992935594300055
log_negativity_pure,0.6621428571428571,0.010156671024769848,0.662783648663867,0.9992986259218212
log_negativity_pure,0.6628571428571428,0.01010650910517964,0.6629345858279642,0.9993036615492455
log_negativity_pure,0.6635714285714286,0.010056594926032225,0.6642206895038687,0.9993086664814894
log_negativity_pure,0.6642857142857143,0.01000692726378338,0.6643838447348314,0.9993136408868633
log_negativity_pure,0.665,0.009957504900931734,0.6656500527737396,0.9993185849327796
log_negativity_pure,0.6657142857142857,0.00990832662598894,0.6658190917486961,0.999323498785761
log_negativity_pure,0.6664285714285715,0.009859391233449963,0.6670726413389881,0.9993283826114405
log_negativity_pure,0.6671428571428571,0.009810697523763533,0.6672407311862505,0.9993332365745708
log_negativity_pure,0.6678571428571428,0.009762244303302752,0.6684886331977744,0.9993380608390261
log_negativity_pure,0.6685714285714286,0.009714030384335793,0.668648928295129,0.9993428555678083
log_negativity_pure,0.6692857142857143,0.00966605458499687,0.6698974862264729,0.9993476209230506
log_negativity_pure,0.67,0.009618315729257153,0.6700436211289704,0.9993523570660237
log_negativity_pure,0.6707142857142857,0.009570812646896062,0.6712980577218783,0.999357064157139
log_negativity_pure,0.6714285714285714,0.009523544173472466,0.6715691286017528,0.9993617423559537
log_negativity_pure,0.6721428571428572,0.009476509150296224,0.6726888007401991,0.9993663918211754
log_negativity_pure,0.6728571428571428,0.009429706424399742,0.6733217158784284,0.9993710127106675
log_negativity_pure,0.6735714285714286,0.009383134848509726,0.6740679799281933,0.9993756051814522
log_negativity_pure,0.6742857142857143,0.009336793281019044,0.674872473400089,0.999380169389716
log_negativity_pure,0.675,0.009290680585958756,0.6754338578505468,0.999384705490814
log_negativity_pure,0.6757142857142857,0.009244795632970263,0.6763593330046048,0.9993892136392756
log_negativity_pure,0.6764285714285714,0.0091991372972776,0.6767848266134846,0.9993936939888052
log_negativity_pure,0.6771428571428572,0.009153704459659838,0.6778023464088909,0.9993981466922912
log_negativity_pure,0.6778571428571428,0.009108496006423723,0.678119482535444,0.9994025719018081
log_negativity_pure,0.6785714285714286,0.009063510829376268,0.6792091540943657,0.9994069697686205
log_negativity_pure,0.6792857142857143,0.009018747825797703,0.6794366550549131,0.9994113404431884
log_negativity_pure,0.68,0.00897420589841433,0.6805836617247464,0.999415684075171
log_negativity_pure,0.6807142857142857,0.008929883955371743,0.6807354049843399,0.9994200008134315
log_negativity_pure,0.6814285714285714,0.008885780910207947,0.6819282384593531,0.9994242908060411
log_negativity_pure,0.6821428571428572,0.008841895681826814,0.6826908538417331,0.9994285542002828
log_negativity_pure,0.6828571428571428,0.008798227194471544,0.6832445011698369,0.9994327911426562
log_negativity_pure,0.6835714285714286,0.008754774377698298,0.6842003751914529,0.9994370017788817
log_negativity_pure,0.6842857142857143,0.008711536166349962,0.6845336531991826,0.9994411862539045
log_negativity_pure,0.685,0.008668511500530038,0.6855996406836812,0.9994453447118989
log_negativity_pure,0.6857142857142857,0.008625699325576656,0.6857966503737479,0.9994494772962721
log_negativity_pure,0.6864285714285714,0.00858309859203674,0.6869351499769536,0.9994535841496681
log_negativity_pure,0.6871428571428572,0.008540708255640234,0.6876536896732034,0.9994576654139731
log_negativity_pure,0.6878571428571428,0.008498527277274591,0.6882235753246518,0.999461721230318
log_negativity_pure,0.6885714285714286,0.00845655462295919,0.6891807908920121,0.9994657517390836
log_negativity_pure,0.6892857142857143,0.008414789263820109,0.6894732082890236,0.9994697570799034
log_negativity_pure,0.69,0.008373230176064792,0.6905458975499668,0.9994737373916692
log_negativity_pure,0.6907142857142857,0.008331876340957035,0.6910119375107672,0.9994776928125331
log_negativity_pure,0.6914285714285714,0.008290726744791976,0.6918316308725159,0.9994816234799142
log_negativity_pure,0.6921428571428572,0.008249780378871252,0.6927342711132303,0.9994855295304991
log_negativity_pure,0.6928571428571428,0.008209036239478277,0.6930628786662572,0.9994894111002486
log_negativity_pure,0.6935714285714286,0.008168493327853634,0.6941076215550959,0.9994932683244004
log_negativity_pure,0.6942857142857143,0.008128150650170597,0.6946178748142307,0.9994971013374727
log_negativity_pure,0.695,0.008088007217510768,0.695373282499772,0.9995009102732693
log_negativity_pure,0.6957142857142857,0.008048062045839811,0.6962942189862343,0.9995046952648815
log_negativity_pure,0.6964285714285714,0.0080083141559834,0.6965732618186675,0.9995084564446941
log_negativity_pure,0.6971428571428572,0.007968762573603115,0.6976253076030732,0.9995121939443867
log_negativity_pure,0.6978571428571428,0.00792940632917267,0.6983670854659119,0.9995159078949405
log_negativity_pure,0.6985714285714286,0.007890244457954032,0.6988461814920146,0.9995195984266397
log_negativity_pure,0.6992857142857143,0.007851275999973886,0.6998258677063832,0.9995232656690746
log_negativity_pure,0.7,0.007812500000000002,0.7,0.9995269097511482
log_negativity_pure,0.7007142857142857,0.007773915507517892,0.7010768865226028,0.9995305308010778
log_negativity_pure,0.7014285714285714,0.007735521576707475,0.7019848308017702,0.9995341289463987
log_negativity_pure,0.7021428571428572,0.0076973172664199,0.7022347211617386,0.9995377043139685
log_negativity_pure,0.7028571428571428,0.00765930164015448,0.7032729060014944,0.9995412570299704
log_negativity_pure,0.7035714285714286,0.007621473766035728,0.7041164889515769,0.9995447872199176
log_negativity_pure,0.7042857142857143,0.007583832716790517,0.7044336356662866,0.9995482950086542
log_negativity_pure,0.705,0.0075463775697253615,0.7054416030084316,0.9995517805203622
log_negativity_pure,0.7057142857142857,0.007509107406703757,0.7062395509660977,0.9995552438785635
log_negativity_pure,0.7064285714285714,0.0074720213141237545,0.7066007207657276,0.9995586852061222
log_negativity_pure,0.7071428571428572,0.007435118382895463,0.7075887949453399,0.9995621046252511
log_negativity_pure,0.7078571428571429,0.007398397708418871,0.7083712882605442,0.9995655022575116
log_negativity_pure,0.7085714285714285,0.007361858390561572,0.7087384736389547,0.9995688782238201
log_negativity_pure,0.7092857142857143,0.007325499533636774,0.7097172274273206,0.9995722326444503
log_negativity_pure,0.71,0.00728932024638131,0.7105157517221767,0.9995755656390349
log_negativity_pure,0.7107142857142857,0.007253319641933797,0.7108475874657953,0.9995788773265731
log_negativity_pure,0.7114285714285714,0.007217496837812897,0.7118258621653514,0.99958216782543
log_negativity_pure,0.7121428571428572,0.00718185095589568,0.7126602370176027,0.9995854372533419
log_negativity_pure,0.7128571428571429,0.007146381122396111,0.7129270380220403,0.9995886857274195
log_negativity_pure,0.7135714285714285,0.007111086467843613,0.7139105811362406,0.9995919133641509
log_negativity_pure,0.7142857142857143,0.00707596612706177,0.7147860577408671,0.9995951202794044
log_negativity_pure,0.715,0.00704101923914711,0.7152698357991316,0.9995983065884337
log_negativity_pure,0.7157142857142857,0.007006244947448004,0.715965821250461,0.9996014724058788
log_negativity_pure,0.7164285714285714,0.006971642399543667,0.7168783363526101,0.9996046178457701
log_negativity_pure,0.7171428571428572,0.006937210747223263,0.7176175458803905,0.9996077430215331
log_negativity_pure,0.7178571428571429,0.006902949146465113,0.7179861160932056,0.9996108480459893
log_negativity_pure,0.7185714285714285,0.006868856757416009,0.7189279155506167,0.9996139330313607
log_negativity_pure,0.7192857142857143,0.0068349327443706,0.7197725304612614,0.9996169980892733
log_negativity_pure,0.72,0.0068011762757509715,0.7202929135165979,0.9996200433307587
log_negativity_pure,0.7207142857142858,0.006767586524086175,0.7209298401588381,0.9996230688662593
log_negativity_pure,0.7214285714285714,0.006734162665992014,0.7218326598079722,0.9996260748056297
log_negativity_pure,0.7221428571428572,0.006700903882150827,0.7226252837461237,0.9996290612581402
log_negativity_pure,0.7228571428571429,0.00666780935729141,0.722881709129479,0.999632028332482
log_negativity_pure,0.7235714285714285,0.006634878280169035,0.7238184284978847,0.9996349761367662
log_negativity_pure,0.7242857142857143,0.00660210984354556,0.7246977422095633,0.9996379047785304
log_negativity_pure,0.725,0.006569503244169644,0.7254714958590058,0.9996408143647406
log_negativity_pure,0.7257142857142858,0.006537057682757053,0.7257386240970267,0.999643705001793
log_negativity_pure,0.7264285714285714,0.0065047723639710744,0.7266594050733561,0.9996465767955194
log_negativity_pure,0.7271428571428571,0.006472646496403019,0.7275313997391343,0.9996494298511882
log_negativity_pure,0.7278571428571429,0.006440679292552796,0.7283210544817578,0.9996522642735087
log_negativity_pure,0.7285714285714285,0.006408869968809673,0.7288485987826754,0.9996550801666327
log_negativity_pure,0.7292857142857143,0.006377217745432982,0.7294527483815012,0.9996578776341586
log_negativity_pure,0.73,0.006345721846533091,0.7303281792910179,0.9996606567791341
log_negativity_pure,0.7307142857142858,0.0063143815000523025,0.7311485248457175,0.999663417704058
log_negativity_pure,0.7314285714285714,0.006283195937746011,0.7318608386027198,0.9996661605108862
log_negativity_pure,0.7321428571428571,0.0062521643951637925,0.7321921022583922,0.9996688853010296
log_negativity_pure,0.7328571428571429,0.0062212861116307215,0.7330740393905423,0.9996715921753623
log_negativity_pure,0.7335714285714285,0.006190560330228703,0.7339213790784811,0.9996742812342205
log_negativity_pure,0.7342857142857143,0.006159986297777918,0.7347179631107776,0.9996769525774075
log_negativity_pure,0.735,0.006129563264818364,0.7354160274249806,0.9996796063041952
log_negativity_pure,0.7357142857142858,0.006099290485591483,0.7357547162977986,0.9996822425133278
log_negativity_pure,0.7364285714285714,0.006069167218021882,0.7366188238663006,0.9996848613030249
log_negativity_pure,0.7371428571428571,0.006039192723699144,0.7374560612313116,0.9996874627709822
log_negativity_pure,0.7378571428571429,0.0060093662678597035,0.7382573829080312,0.9996900470143777
log_negativity_pure,0.7385714285714285,0.005979687119368896,0.7390019236089052,0.999692614129871
log_negativity_pure,0.7392857142857143,0.005950154550702949,0.7396080626580617,0.9996951642136075
log_negativity_pure,0.74,0.005920767837931244,0.7400855680614609,0.9996976973612227
log_negativity_pure,0.7407142857142857,0.005891526260698479,0.740921934129699,0.9997002136678415
log_negativity_pure,0.7414285714285714,0.005862429102207077,0.7417368532916437,0.9997027132280832
log_negativity_pure,0.7421428571428571,0.005833475649199588,0.742524792360683,0.9997051961360647
log_negativity_pure,0.7428571428571429,0.005804665191941205,0.7432745437918669,0.9997076624854012
log_negativity_pure,0.7435714285714285,0.005775997024202373,0.743955598110727,0.9997101123692099
log_negativity_pure,0.7442857142857143,0.005747470443241473,0.7442943271131303,0.9997125458801126
log_negativity_pure,0.745,0.005719084749787598,0.745116330471507,0.999714963110238
log_negativity_pure,0.7457142857142857,0.005690839248023414,0.7459245768877019,0.9997173641512254
log_negativity_pure,0.7464285714285714,0.005662733245568079,0.7467176404753576,0.9997197490942252
log_negativity_pure,0.7471428571428571,0.005634766053460332,0.7474932721158071,0.999722118029904
log_negativity_pure,0.7478571428571429,0.005606936986141519,0.7482476319057845,0.9997244710484441
log_negativity_pure,0.7485714285714286,0.0055792453614388745,0.7489732675980918,0.9997268082395498
log_negativity_pure,0.7492857142857143,0.005551690500548721,0.7496518054192034,0.9997291296924468
log_negativity_pure,0.75,0.005524271728019904,0.7501907634204462,0.9997314354958853
log_negativity_pure,0.7507142857142857,0.005496988371737162,0.7507780738115838,0.9997337257381448
log_negativity_pure,0.7514285714285714,0.005469839762904709,0.7515630389009134,0.9997360005070328
log_negativity_pure,0.7521428571428571,0.00544282523602981,0.752339386234279,0.9997382598898905
log_negativity_pure,0.7528571428571429,0.005415944128906478,0.7531070601492328,0.9997405039735943
log_negativity_pure,0.7535714285714286,0.005389195782599237,0.7538659619613883,0.9997427328445573
log_negativity_pure,0.7542857142857143,0.005362579541426972,0.7546159319435676,0.9997449465887325
log_negativity_pure,0.755,0.005336094752946856,0.7553567204826969,0.9997471452916156
log_negativity_pure,0.7557142857142857,0.005309740767938361,0.7560879395356142,0.9997493290382469
log_negativity_pure,0.7564285714285715,0.00528351694038732,0.7568089755483701,0.9997514979132134
log_negativity_pure,0.7571428571428571,0.005257422627470144,0.7575188195987372,0.9997536520006521
log_negativity_pure,0.7578571428571429,0.005231457189537992,0.7582156954657392,0.9997557913842513
log_negativity_pure,0.7585714285714286,0.00520561999010117,0.7588960922550629,0.9997579161472544
log_negativity_pure,0.7592857142857142,0.0051799103958134534,0.759551390352242,0.9997600263724598
log_negativity_pure,0.76,0.005154327776456619,0.7601435421538723,0.9997621221422266
log_negativity_pure,0.7607142857142857,0.005128871504924968,0.7607329117219934,0.9997642035384736
log_negativity_pure,0.7614285714285715,0.0051035409572099625,0.7614703583913498,0.9997662706426841
log_negativity_pure,0.7621428571428571,0.005078335512384924,0.762203803337876,0.9997683235359066
log_negativity_pure,0.7628571428571429,0.00505325455258982,0.7629334356953589,0.9997703622987582
log_negativity_pure,0.7635714285714286,0.005028297463016113,0.763659424832792,0.9997723870114257
log_negativity_pure,0.7642857142857142,0.005003463631891693,0.7643819159847556,0.9997743977536689
log_negativity_pure,0.765,0.004978752450465866,0.7651010263712904,0.9997763946048229
log_negativity_pure,0.7657142857142857,0.004954163312994474,0.7658168421427843,0.9997783776437993
log_negativity_pure,0.7664285714285715,0.0049296956167249805,0.7665294164452913,0.9997803469490887
log_negativity_pure,0.7671428571428571,0.004905348761881771,0.7672387688153353,0.9997823025987647
log_negativity_pure,0.7678571428571429,0.004881122151651372,0.7679448859907058,0.9997842446704832
log_negativity_pure,0.7685714285714286,0.0048570151921679,0.768647724084407,0.999786173241486
log_negativity_pure,0.7692857142857142,0.0048330272924984345,0.7693472119368399,0.9997880883886039
log_negativity_pure,0.77,0.00480915786462858,0.7700432553588543,0.9997899901882581
log_negativity_pure,0.7707142857142857,0.00478540632344803,0.7707357419205421,0.9997918787164608
log_negativity_pure,0.7714285714285715,0.004761772086736233,0.7715256136194417,0.9997937540488196
log_negativity_pure,0.7721428571428571,0.004738254575148111,0.7723769834889587,0.9997956162605395
log_negativity_pure,0.7728571428571429,0.004714853212199871,0.7731476393366148,0.9997974654264234
log_negativity_pure,0.7735714285714286,0.004691567424254863,0.7738918359106199,0.9997993016208755
log_negativity_pure,0.7742857142857142,0.004668396640509526,0.774619450442868,0.9998011249179021
log_negativity_pure,0.775,0.004645340292979378,0.7753344067717489,0.9998029353911162
log_negativity_pure,0.7757142857142857,0.004622397816485135,0.7760387183611787,0.9998047331137363
log_negativity_pure,0.7764285714285715,0.0045995686486387955,0.7767335767217322,0.9998065181585918
log_negativity_pure,0.7771428571428571,0.004576852229829923,0.7774197568489375,0.9998082905981217
log_negativity_pure,0.7778571428571428,0.004554248003211862,0.7780977988578438,0.9998100505043798
log_negativity_pure,0.7785714285714286,0.004531755414688137,0.7787680999187965,0.9998117979490342
log_negativity_pure,0.7792857142857142,0.004509373912898852,0.7794309650536679,0.9998135330033706
log_negativity_pure,0.78,0.004487102949207169,0.7800866371269618,0.999815255738295
log_negativity_pure,0.7807142857142857,0.004464941977685871,0.7807353155013121,0.9998169662243331
log_negativity_pure,0.7814285714285715,0.004442890455103973,0.7816871957843959,0.9998186645316354
log_negativity_pure,0.7821428571428571,0.004420947840913407,0.7824573773312669,0.9998203507299767
log_negativity_pure,0.7828571428571428,0.004399113597235772,0.783169042585592,0.99982202488876
log_negativity_pure,0.7835714285714286,0.004377387188849149,0.7838512301761652,0.9998236870770173
log_negativity_pure,0.7842857142857143,0.004355768083174981,0.7845135582893343,0.9998253373634114
log_negativity_pure,0.785,0.004334255750265018,0.7851606319686857,0.9998269758162385
log_negativity_pure,0.7857142857142857,0.004312849662788328,0.7857950804523324,0.9998286025034299
log_negativity_pure,0.7864285714285715,0.0042915492960183665,0.7865656547685382,0.9998302174925537
log_negativity_pure,0.7871428571428571,0.004270354127820116,0.7874419391403107,0.9998318208508176
log_negativity_pure,0.7878571428571428,0.004249263638637295,0.7881559140119186,0.9998334126450686
log_negativity_pure,0.7885714285714286,0.004228277311479598,0.7888229409609963,0.9998349929417975
log_negativity_pure,0.7892857142857143,0.004207394631910054,0.7894627666098935,0.9998365618071396
log_negativity_pure,0.79,0.004186615088032396,0.7900833373724394,0.9998381193068766
log_negativity_pure,0.7907142857142857,0.004165938170478518,0.7909100236610748,0.9998396655064378
log_negativity_pure,0.7914285714285715,0.004145363372395987,0.7917270996717681,0.9998412004709026
log_negativity_pure,0.7921428571428571,0.004124890189435626,0.7924112137451219,0.9998427242650031
log_negativity_pure,0.7928571428571428,0.0041045181197391385,0.7930492413082788,0.9998442369531251
log_negativity_pure,0.7935714285714286,0.004084246663926817,0.7936598726374389,0.9998457385993094
log_negativity_pure,0.7942857142857143,0.0040640753250852975,0.7945005736156237,0.9998472292672542
log_negativity_pure,0.795,0.0040440036087553794,0.7952905944797164,0.999848709020317
log_negativity_pure,0.7957142857142857,0.004024031022919905,0.7959522461229936,0.9998501779215166
log_negativity_pure,0.7964285714285714,0.004004157077991699,0.7965672305096513,0.9998516360335337
log_negativity_pure,0.7971428571428572,0.003984381286801557,0.7971542975394029,0.9998530834187145
log_negativity_pure,0.7978571428571428,0.003964703164586334,0.79814228385591,0.9998545201390707
log_negativity_pure,0.7985714285714286,0.003945122228977015,0.7988143512556312,0.9998559462562827
log_negativity_pure,0.7992857142857143,0.003925637999986942,0.7994239213406031,0.9998573618316996
log_negativity_pure,0.8,0.0039062499999999974,0.7999999999999999,0.9998587669263426
log_negativity_pure,0.8007142857142857,0.0038869577537589454,0.800994076946077,0.9998601616009065
log_negativity_pure,0.8014285714285714,0.003867760788353737,0.801643235121146,0.9998615459157602
log_negativity_pure,0.8021428571428572,0.00384865863320995,0.8022324467013189,0.9998629199309497
log_negativity_pure,0.8028571428571428,0.00382965082007724,0.8031074196308576,0.9998642837061988
log_negativity_pure,0.8035714285714286,0.0038107368830178636,0.8038229852429712,0.9998656373009119
log_negativity_pure,0.8042857142857143,0.0037919163583952586,0.8044267998158311,0.9998669807741745
log_negativity_pure,0.805,0.003773188784862677,0.8051512633429718,0.999868314184756
log_negativity_pure,0.8057142857142857,0.003754553703351878,0.8059770122252201,0.9998696375911102
log_negativity_pure,0.8064285714285714,0.003736010657061877,0.8065906570247326,0.9998709510513784
log_negativity_pure,0.8071428571428572,0.003717559191447731,0.8071462309360863,0.9998722546233886
log_negativity_pure,0.8078571428571428,0.003699198854209435,0.8081181129410006,0.9998735483646606
log_negativity_pure,0.8085714285714286,0.0036809291952807823,0.8087289228910663,0.9998748323324038
log_negativity_pure,0.8092857142857143,0.0036627497668183864,0.8094110716767675,0.9998761065835223
log_negativity_pure,0.81,0.0036446601231906513,0.8102497102613755,0.9998773711746146
log_negativity_pure,0.8107142857142857,0.003626659820966898,0.8108419032105779,0.9998786261619751
log_negativity_pure,0.8114285714285714,0.003608748418906448,0.8116562061683302,0.9998798716015959
log_negativity_pure,0.8121428571428572,0.00359092547794784,0.8123633551290421,0.9998811075491696
log_negativity_pure,0.8128571428571428,0.003573190561198055,0.8129256684165643,0.9998823340600893
log_negativity_pure,0.8135714285714286,0.003555543233921806,0.8138277919067388,0.9998835511894502
log_negativity_pure,0.8142857142857143,0.0035379830635308847,0.81444634571657,0.9998847589920528
log_negativity_pure,0.815,0.0035205096195735576,0.8151760261661453,0.9998859575224032
log_negativity_pure,0.8157142857142857,0.003503122473724002,0.8159348901924808,0.9998871468347137
log_negativity_pure,0.8164285714285714,0.0034858211997718363,0.8164886519635445,0.9998883269829063
log_negativity_pure,0.8171428571428572,0.0034686053736116317,0.8173906513790445,0.9998894980206139
log_negativity_pure,0.8178571428571428,0.0034514745732325595,0.8179804933757742,0.9998906600011794
log_negativity_pure,0.8185714285714286,0.0034344283787080014,0.8188112954671091,0.9998918129776613
log_negativity_pure,0.8192857142857143,0.003417466372185303,0.8194527294308827,0.9998929570028314
log_negativity_pure,0.82,0.0034005881378754853,0.8201879736417856,0.9998940921291787
log_negativity_pure,0.8207142857142857,0.0033837932620430873,0.8209086678702606,0.9998952184089097
log_negativity_pure,0.8214285714285714,0.0033670813329960067,0.821431906336046,0.9998963358939494
log_negativity_pure,0.8221428571428572,0.0033504519410754133,0.8223519067764284,0.9998974446359457
log_negativity_pure,0.8228571428571428,0.0033339046786457047,0.8228815438595211,0.9998985446862664
log_negativity_pure,0.8235714285714286,0.0033174391400845175,0.8237857441026133,0.9998996360960047
log_negativity_pure,0.8242857142857143,0.00330105492177278,0.8243168547495706,0.9999007189159785
log_negativity_pure,0.825,0.0032847516220848244,0.8252122760698732,0.9999017931967314
log_negativity_pure,0.8257142857142857,0.0032685288413785265,0.8257384585408669,0.9999028589885365
log_negativity_pure,0.8264285714285714,0.00325238618198554,0.8266316640437605,0.9999039163413951
log_negativity_pure,0.8271428571428572,0.003236323248201506,0.8271462964303238,0.9999049653050399
log_negativity_pure,0.8278571428571428,0.0032203396462764005,0.8280421606202516,0.9999060059289363
log_negativity_pure,0.8285714285714286,0.0032044349844048336,0.8287491784336343,0.9999070382622819
log_negativity_pure,0.8292857142857143,0.0031886088727164936,0.8294408972437759,0.9999080623540111
log_negativity_pure,0.83,0.0031728609232665457,0.830222312200578,0.9999090782527936
log_negativity_pure,0.8307142857142857,0.003157190750026154,0.830824830662916,0.9999100860070376
log_negativity_pure,0.8314285714285714,0.0031415979688730056,0.8316522410519062,0.9999110856648896
log_negativity_pure,0.8321428571428572,0.003126082197581896,0.8321913480147733,0.9999120772742378
log_negativity_pure,0.8328571428571429,0.0031106430558153608,0.8330488563885368,0.9999130608827113
log_negativity_pure,0.8335714285714285,0.0030952801651143538,0.8337471260742138,0.9999140365376833
log_negativity_pure,0.8342857142857143,0.0030799931488889585,0.834415589458296,0.9999150042862706
log_negativity_pure,0.835,0.0030647816324091844,0.8352198340572983,0.9999159641753371
log_negativity_pure,0.8357142857142857,0.0030496452427957415,0.835754205024393,0.9999169162514934
log_negativity_pure,0.8364285714285714,0.0030345836090109437,0.8366006572060133,0.9999178605610981
log_negativity_pure,0.8371428571428572,0.003019596361849569,0.8373539149119329,0.9999187971502608
log_negativity_pure,0.8378571428571429,0.0030046831339298544,0.8379336949845702,0.9999197260648416
log_negativity_pure,0.8385714285714285,0.0029898435596844475,0.8387583404808711,0.999920647350453
log_negativity_pure,0.8392857142857143,0.0029750772753514773,0.839482099370613,0.9999215610524622
log_negativity_pure,0.84,0.0029603839189656215,0.840082891765692,0.999922467215991
log_negativity_pure,0.8407142857142857,0.002945763130349239,0.8408973113721843,0.9999233658859167
log_negativity_pure,0.8414285714285714,0.0029312145511035384,0.8416305027138622,0.9999242571068756
log_negativity_pure,0.8421428571428572,0.0029167378245997934,0.8422038773614153,0.999925140923262
log_negativity_pure,0.8428571428571429,0.002902332595970602,0.8430174450705143,0.9999260173792315
log_negativity_pure,0.8435714285714285,0.002887998512101189,0.8437795874066326,0.9999268865186991
log_negativity_pure,0.8442857142857143,0.0028737352216207366,0.8442943042733667,0.9999277483853449
log_negativity_pure,0.845,0.0028595423748938014,0.8451106350430578,0.9999286030226108
log_negativity_pure,0.8457142857142858,0.002845419624011704,0.8458971724657124,0.9999294504737055
log_negativity_pure,0.8464285714285714,0.002831366622784042,0.8466289268639577,0.999930290781603
log_negativity_pure,0.8471428571428572,0.0028173830267301633,0.8471671364975635,0.9999311239890455
log_negativity_pure,0.8478571428571429,0.0028034684930707617,0.8479673435456428,0.9999319501385436
log_negativity_pure,0.8485714285714285,0.0027896226807194373,0.8487445787512742,0.999932769272378
log_negativity_pure,0.8492857142857143,0.0027758452502743627,0.8494858794318405,0.9999335814326008
log_negativity_pure,0.85,0.0027621358640099515,0.8501258800022425,0.9999343866610368
log_negativity_pure,0.8507142857142858,0.0027484941858685807,0.8507765465194346,0.9999351849992839
log_negativity_pure,0.8514285714285714,0.0027349198814523544,0.8515543831785448,0.9999359764887152
log_negativity_pure,0.8521428571428571,0.002721412618014905,0.8523149447412406,0.9999367611704789
log_negativity_pure,0.8528571428571429,0.002707972064453239,0.8530517509515537,0.9999375390855016
log_negativity_pure,0.8535714285714285,0.0026945978912996183,0.8537448352537933,0.9999383102744874
log_negativity_pure,0.8542857142857143,0.002681289770713486,0.8543029807649714,0.99993907477792
log_negativity_pure,0.855,0.0026680473764734277,0.8550706641346537,0.9999398326360641
log_negativity_pure,0.8557142857142858,0.0026548703839691778,0.8558291693144312,0.9999405838889656
log_negativity_pure,0.8564285714285714,0.002641758470193662,0.8565780879670107,0.9999413285764538
log_negativity_pure,0.8571428571428571,0.0026287113137350715,0.857316731785294,0.9999420667381415
log_negativity_pure,0.8578571428571429,0.0026157285947689983,0.8580438695061534,0.9999427984134275
log_negativity_pure,0.8585714285714285,0.0026028099950505847,0.8587570428813365,0.9999435236414959
log_negativity_pure,0.8592857142857143,0.0025899551979067267,0.859450180873638,0.9999442424613191
log_negativity_pure,0.86,0.0025771638882283094,0.860096403342918,0.9999449549116578
log_negativity_pure,0.8607142857142858,0.002564435752462484,0.8607327883027812,0.9999456610310619
log_negativity_pure,0.8614285714285714,0.002551770478604981,0.8614696898620782,0.9999463608578723
log_negativity_pure,0.8621428571428571,0.0025391677561924617,0.8622022842944863,0.9999470544302218
log_negativity_pure,0.8628571428571429,0.0025266272762949097,0.8629309150264998,0.9999477417860362
log_negativity_pure,0.8635714285714285,0.002514148731508056,0.863655908493732,0.9999484229630354
log_negativity_pure,0.8642857142857143,0.0025017318159458444,0.8643775564201791,0.9999490979987339
log_negativity_pure,0.865,0.002489376225232933,0.8650960968698047,0.9999497669304425
log_negativity_pure,0.8657142857142857,0.0024770816564972367,0.8658116969034362,0.9999504297952694
log_negativity_pure,0.8664285714285714,0.0024648478083624903,0.8665244401205099,0.9999510866301209
log_negativity_pure,0.8671428571428571,0.002452674380940885,0.8672343218459672,0.9999517374717033
log_negativity_pure,0.8678571428571429,0.0024405610758256855,0.867941253209513,0.9999523823565226
log_negativity_pure,0.8685714285714285,0.00242850759608395,0.8686450733440093,0.9999530213208857
log_negativity_pure,0.8692857142857143,0.002416513646249215,0.8693455671862409,0.9999536544009032
log_negativity_pure,0.87,0.0024045789323142897,0.8700424855283805,0.9999542816324885
log_negativity_pure,0.8707142857142857,0.002392703161724015,0.8707355641869563,0.9999549030513597
log_negativity_pure,0.8714285714285714,0.002380886043368116,0.8714948399190321,0.9999555186930401
log_negativity_pure,0.8721428571428571,0.0023691272875740557,0.8722891469727102,0.99995612859286
log_negativity_pure,0.8728571428571429,0.0023574266060999356,0.8730244852169091,0.9999567327859575
log_negativity_pure,0.8735714285714286,0.002345783712127431,0.873739236352084,0.9999573313072784
log_negativity_pure,0.8742857142857143,0.0023341983202547606,0.874440402183897,0.9999579241915791
log_negativity_pure,0.875,0.0023226701464896886,0.8751307745879094,0.9999585114734257
log_negativity_pure,0.8757142857142857,0.002311198908242567,0.8758117943607026,0.9999590931871964
log_negativity_pure,0.8764285714285714,0.0022997843243193978,0.8764843208543983,0.9999596693670819
log_negativity_pure,0.8771428571428571,0.002288426114914961,0.8771489186692024,0.9999602400470863
log_negativity_pure,0.8778571428571429,0.0022771240016059287,0.8780130982354653,0.999960805261028
log_negativity_pure,0.8785714285714286,0.0022658777073440686,0.8787312012311757,0.9999613650425416
log_negativity_pure,0.8792857142857143,0.0022546869564494237,0.8794164101347143,0.999961919425078
log_negativity_pure,0.88,0.002243551474603584,0.8800826885202993,0.9999624684419043
log_negativity_pure,0.8807142857142857,0.0022324709888429353,0.8807351318956937,0.9999630121261077
log_negativity_pure,0.8814285714285715,0.002221445227551986,0.8815819385696038,0.9999635505105935
log_negativity_pure,0.8821428571428571,0.002210473920456703,0.8822921704088333,0.9999640836280882
log_negativity_pure,0.8828571428571429,0.0021995567986178854,0.8829593722876881,0.9999646115111382
log_negativity_pure,0.8835714285714286,0.002188693594424574,0.8836040921298544,0.9999651341921133
log_negativity_pure,0.8842857142857142,0.0021778840415874923,0.8844366892346622,0.9999656517032062
log_negativity_pure,0.885,0.002167127875132509,0.8851395750575669,0.9999661640764327
log_negativity_pure,0.8857142857142857,0.002156424831394166,0.8857915456260098,0.9999666713436343
log_negativity_pure,0.8864285714285715,0.002145774648009183,0.8865196801791555,0.9999671735364787
log_negativity_pure,0.8871428571428571,0.00213517706391006,0.8872921150563698,0.9999676706864589
log_negativity_pure,0.8878571428571429,0.002124631819318645,0.8879482378821493,0.999968162824897
log_negativity_pure,0.8885714285714286,0.0021141386557397986,0.8886145904812819,0.9999686499829432
log_negativity_pure,0.8892857142857142,0.0021036973159550268,0.8894319940895968,0.9999691321915767
log_negativity_pure,0.89,0.002093307544016198,0.8900793774197133,0.9999696094816081
log_negativity_pure,0.8907142857142857,0.0020829690852392584,0.8908379379547935,0.9999700818836782
log_negativity_pure,0.8914285714285715,0.0020726816861979937,0.8915579846254988,0.9999705494282596
log_negativity_pure,0.8921428571428571,0.0020624450947178126,0.8921825591841269,0.9999710121456594
log_negativity_pure,0.8928571428571429,0.002052259059869569,0.8930049605864694,0.9999714700660176
log_negativity_pure,0.8935714285714286,0.002042123331963408,0.8936551445776475,0.9999719232193094
log_negativity_pure,0.8942857142857142,0.0020320376625426505,0.8944176003515534,0.9999723716353444
log_negativity_pure,0.895,0.0020220018043776897,0.8951099726180611,0.9999728153437702
log_negativity_pure,0.8957142857142857,0.002012015511459954,0.8957749566489449,0.9999732543740709
log_negativity_pure,0.8964285714285715,0.002002078538995848,0.8965513412375156,0.9999736887555697
log_negativity_pure,0.8971428571428571,0.00199219064340078,0.8971542382597455,0.9999741185174271
log_negativity_pure,0.8978571428571429,0.0019823515822931653,0.8979832193382153,0.9999745436886449
log_negativity_pure,0.8985714285714286,0.0019725611144885092,0.8985840475245404,0.9999749642980653
log_negativity_pure,0.8992857142857142,0.001962818999993471,0.8994075702512653,0.9999753803743721
log_negativity_pure,0.9,0.001953125,0.9,0.9999757919460908
log_negativity_pure,0.9007142857142857,0.0019434788768794727,0.9008233097089027,0.9999761990415911
log_negativity_pure,0.9014285714285715,0.0019338803941768682,0.901547545132304,0.9999766016890858
log_negativity_pure,0.9021428571428571,0.0019243293166049749,0.9022271299447194,0.999976999916633
log_negativity_pure,0.9028571428571428,0.0019148254100386215,0.9029951878920774,0.999977393752137
log_negativity_pure,0.9035714285714286,0.0019053684415089316,0.9036152664395025,0.9999777832233476
log_negativity_pure,0.9042857142857142,0.0018959581791976308,0.9044081559519178,0.9999781683578621
log_negativity_pure,0.905,0.0018865943924313384,0.9050980993963152,0.9999785491831265
log_negativity_pure,0.9057142857142857,0.0018772768516759405,0.9057912250179154,0.9999789257264347
log_negativity_pure,0.9064285714285715,0.0018680053285309367,0.9065602749267215,0.9999792980149307
log_negativity_pure,0.9071428571428571,0.001858779595723867,0.9071462255627883,0.9999796660756097
log_negativity_pure,0.9078571428571428,0.0018495994271047172,0.9079389567840991,0.9999800299353166
log_negativity_pure,0.9085714285714286,0.0018404645976403925,0.9087004132227869,0.9999803896207494
log_negativity_pure,0.9092857142857143,0.001831374883409193,0.9093685049515301,0.9999807451584589
log_negativity_pure,0.91,0.0018223300615953272,0.910061442379952,0.9999810965748489
log_negativity_pure,0.9107142857142857,0.0018133299104834489,0.9108268198865703,0.9999814438961779
log_negativity_pure,0.9114285714285715,0.0018043742094532237,0.9115577337718361,0.9999817871485595
log_negativity_pure,0.9121428571428571,0.0017954627389739199,0.9121532434146016,0.9999821263579625
log_negativity_pure,0.9128571428571428,0.0017865952805990288,0.9129225739212373,0.9999824615502135
log_negativity_pure,0.9135714285714286,0.001777771616960903,0.9136773523300261,0.9999827927509954
log_negativity_pure,0.9142857142857143,0.0017689915317654437,0.9144123892024559,0.9999831199858497
log_negativity_pure,0.915,0.0017602548097867773,0.9151096743257272,0.9999834432801766
log_negativity_pure,0.9157142857142857,0.0017515612368620022,0.9157342646632782,0.9999837626592362
log_negativity_pure,0.9164285714285715,0.0017429105998859164,0.9164862987158952,0.9999840781481483
log_negativity_pure,0.9171428571428571,0.0017343026868058171,0.9172301049843741,0.9999843897718945
log_negativity_pure,0.9178571428571428,0.0017257372866162795,0.9179654648751414,0.9999846975553177
log_negativity_pure,0.9185714285714286,0.001717214189354002,0.9186919555777309,0.9999850015231232
log_negativity_pure,0.9192857142857143,0.0017087331860926513,0.9194087172634882,0.9999853016998799
log_negativity_pure,0.92,0.0017002940689377426,0.9201137469027312,0.9999855981100207
log_negativity_pure,0.9207142857142857,0.0016918966310215436,0.9208005899002274,0.999985890777843
log_negativity_pure,0.9214285714285714,0.0016835406664980034,0.9214319005326622,0.9999861797275094
log_negativity_pure,0.9221428571428572,0.0016752259705377064,0.9221584436206827,0.999986464983049
log_negativity_pure,0.9228571428571428,0.0016669523393228523,0.9228811995511415,0.999986746568357
log_negativity_pure,0.9235714285714286,0.0016587195700422585,0.9236004170520531,0.9999870245071973
log_negativity_pure,0.9242857142857143,0.0016505274608863913,0.9243162694363495,0.9999872988232005
log_negativity_pure,0.925,0.0016423758110424105,0.9250288393420878,0.9999875695398668
log_negativity_pure,0.9257142857142857,0.0016342644206892645,0.9257381134779576,0.9999878366805669
log_negativity_pure,0.9264285714285714,0.0016261930909927697,0.9264439890020885,0.9999881002685399
log_negativity_pure,0.9271428571428572,0.0016181616241007543,0.9271462900020646,0.9999883603268971
log_negativity_pure,0.9278571428571428,0.0016101698231382,0.9279391943761611,0.9999886168786212
log_negativity_pure,0.9285714285714286,0.0016022174922024181,0.9286788569491327,0.999988869946567
log_negativity_pure,0.9292857142857143,0.0015943044363582466,0.9294005548254051,0.9999891195534619
log_negativity_pure,0.93,0.0015864304616332726,0.9301108572632952,0.9999893657219083
log_negativity_pure,0.9307142857142857,0.0015785953750130767,0.9308118913124522,0.999989608474381
log_negativity_pure,0.9314285714285714,0.0015707989844365026,0.9315046492377231,0.9999898478332311
log_negativity_pure,0.9321428571428572,0.001563041098790948,0.9321896901115562,0.9999900838206848
log_negativity_pure,0.9328571428571428,0.0015553215279076802,0.9328673707312996,0.9999903164588447
log_negativity_pure,0.9335714285714286,0.0015476400825571754,0.9336767107802514,0.99999054576969
log_negativity_pure,0.9342857142857143,0.0015399965744444793,0.9343929074210171,0.9999907717750789
log_negativity_pure,0.935,0.0015323908162045907,0.9350810238369466,0.9999909944967451
log_negativity_pure,0.9357142857142857,0.0015248226213978706,0.9357531000126207,0.999991213956303
log_negativity_pure,0.9364285714285714,0.0015172918045054716,0.9365133530178229,0.9999914301752468
log_negativity_pure,0.9371428571428572,0.0015097981809247844,0.9372487274251743,0.99999164317495
log_negativity_pure,0.9378571428571428,0.001502341566964927,0.9379284920018034,0.9999918529766669
log_negativity_pure,0.9385714285714286,0.0014949217798422222,0.9385859770052258,0.999992059601533
log_negativity_pure,0.9392857142857143,0.0014875386376757384,0.9393929966748343,0.9999922630705665
log_negativity_pure,0.94,0.0014801919594828108,0.9400763516154722,0.9999924634046676
log_negativity_pure,0.9407142857142857,0.0014728815651746194,0.9407265875272482,0.99999266062462
log_negativity_pure,0.9414285714285714,0.001465607275551769,0.9415328661484731,0.9999928547510913
log_negativity_pure,0.9421428571428572,0.0014583689122998965,0.9422007705271073,0.9999930458046334
log_negativity_pure,0.9428571428571428,0.001451166297985301,0.9429478843986251,0.9999932338056832
log_negativity_pure,0.9435714285714286,0.001443999256050593,0.943655064210243,0.9999934187745634
log_negativity_pure,0.9442857142857143,0.001436867610810368,0.9442942578581668,0.9999936007314831
log_negativity_pure,0.945,0.0014297711874469005,0.9450947612064586,0.9999937796965384
log_negativity_pure,0.9457142857142857,0.001422709812005852,0.9457373556008906,0.9999939556897122
log_negativity_pure,0.9464285714285714,0.001415683311392021,0.9465256904094298,0.9999941287308758
log_negativity_pure,0.9471428571428572,0.0014086915133650815,0.9471667249254804,0.9999942988397901
log_negativity_pure,0.9478571428571428,0.0014017342465353806,0.9479509761063056,0.9999944660361031
log_negativity_pure,0.9485714285714286,0.0013948113403597173,0.948582761851165,0.9999946303393548
log_negativity_pure,0.9492857142857143,0.0013879226251371814,0.9493684944252789,0.9999947917689747
log_negativity_pure,0.95,0.0013810679320049757,0.9500799916896521,0.999994950344283
log_negativity_pure,0.9507142857142857,0.0013742470929342904,0.9507729957367598,0.9999951060844923
log_negativity_pure,0.9514285714285714,0.001367459940726177,0.9515267962229824,0.9999952590087056
log_negativity_pure,0.9521428571428572,0.0013607063090074524,0.9521596508547352,0.9999954091359212
log_negativity_pure,0.9528571428571428,0.0013539860322266193,0.9529307031232319,0.9999955564850284
log_negativity_pure,0.9535714285714286,0.0013472989456498091,0.953668359393124,0.9999957010748112
log_negativity_pure,0.9542857142857143,0.0013406448853567428,0.9543027692558195,0.9999958429239483
log_negativity_pure,0.955,0.001334023688236715,0.9550655628924035,0.9999959820510126
log_negativity_pure,0.9557142857142857,0.0013274351919845889,0.955807778500146,0.9999961184744734
log_negativity_pure,0.9564285714285714,0.001320879235096831,0.9565032162461469,0.9999962522126948
log_negativity_pure,0.9571428571428572,0.0013143556568675344,0.9571737486475728,0.9999963832839389
log_negativity_pure,0.9578571428571429,0.001307864297384499,0.9579223084179767,0.9999965117063642
log_negativity_pure,0.9585714285714285,0.0013014049975252921,0.958658679667017,0.9999966374980268
log_negativity_pure,0.9592857142857143,0.0012949775989533631,0.9593785935323336,0.9999967606768809
log_negativity_pure,0.96,0.0012885819441141545,0.9600630665214,0.9999968812607806
log_negativity_pure,0.9607142857142857,0.0012822178762312419,0.9607325313424301,0.9999969992674774
log_negativity_pure,0.9614285714285714,0.0012758852393024904,0.9614682139673134,0.9999971147146243
log_negativity_pure,0.9621428571428572,0.0012695838780962308,0.9621987295136819,0.9999972276197742
log_negativity_pure,0.9628571428571429,0.0012633136381474549,0.9629246788035211,0.9999973380003802
log_negativity_pure,0.9635714285714285,0.001257074365754029,0.9636467635225598,0.9999974458737974
log_negativity_pure,0.9642857142857143,0.001250865907972922,0.9643657493278226,0.9999975512572827
log_negativity_pure,0.965,0.0012446881126164675,0.9650823760636484,0.9999976541679964
log_negativity_pure,0.9657142857142857,0.0012385408282486173,0.965797216255212,0.999997754622999
log_negativity_pure,0.9664285714285714,0.001232423904181246,0.9665105275938058,0.9999978526392583
log_negativity_pure,0.9671428571428572,0.0012263371904704414,0.9672221794464875,0.9999979482336429
log_negativity_pure,0.9678571428571429,0.0012202805379128438,0.9679317033979397,0.999998041422927
log_negativity_pure,0.9685714285714285,0.0012142537980419747,0.9686384357589372,0.9999981322237907
log_negativity_pure,0.9692857142857143,0.0012082568231246086,0.9693416708362161,0.9999982206528182
log_negativity_pure,0.97,0.0012022894661571448,0.9700407662857374,0.9999983067265006
log_negativity_pure,0.9707142857142858,0.0011963515808620074,0.9707351903496733,0.9999983904612348
log_negativity_pure,0.9714285714285714,0.001190443021684058,0.9714730776456836,0.999998471873325
log_negativity_pure,0.9721428571428572,0.0011845636437870276,0.9722270210340479,0.9999985509789834
log_negativity_pure,0.9728571428571429,0.0011787133030499676,0.9729373703672917,0.9999986277943297
log_negativity_pure,0.9735714285714285,0.0011728918560637166,0.9736312834387432,0.9999987023353917
log_negativity_pure,0.9742857142857143,0.0011670991601273803,0.9743137288541959,0.9999987746181065
log_negativity_pure,0.975,0.0011613350732448454,0.9750674219873284,0.9999988446583208
log_negativity_pure,0.9757142857142858,0.0011555994541212825,0.9757947446573152,0.9999989124717914
log_negativity_pure,0.9764285714285714,0.0011498921621596997,0.97648080738703,0.999998978074184
log_negativity_pure,0.9771428571428571,0.0011442130574574804,0.9771488897875852,0.9999990414810768
log_negativity_pure,0.9778571428571429,0.0011385620008029652,0.9779384878956521,0.9999991027079596
log_negativity_pure,0.9785714285714285,0.001132938853672034,0.9786212233997883,0.9999991617702321
log_negativity_pure,0.9792857142857143,0.0011273434782247127,0.9793382857788661,0.999999218683208
log_negativity_pure,0.98,0.001121775737301792,0.9800719729988213,0.9999992734621124
log_negativity_pure,0.9807142857142858,0.0011162354944214677,0.9807347446388797,0.9999993261220848
log_negativity_pure,0.9814285714285714,0.001110722613775993,0.981507487297708,0.9999993766781774
log_negativity_pure,0.9821428571428571,0.0011052369602283525,0.9821752943563645,0.9999994251453576
log_negativity_pure,0.9828571428571429,0.0010997783993089427,0.9829362885024209,0.9999994715385059
log_negativity_pure,0.9835714285714285,0.0010943467972122879,0.9836030286132665,0.9999995158724182
log_negativity_pure,0.9842857142857143,0.001088942020793745,0.984362804920569,0.9999995581618076
log_negativity_pure,0.985,0.0010835639375662554,0.9850180899811105,0.9999995984213006
log_negativity_pure,0.9857142857142858,0.0010782124156970818,0.9857820868958607,0.9999996366654418
log_negativity_pure,0.9864285714285714,0.0010728873240045923,0.9864871668134049,0.999999672908692
log_negativity_pure,0.9871428571428571,0.00106758853195503,0.9871861264568034,0.9999997071654286
log_negativity_pure,0.9878571428571429,0.0010623159096593234,0.9879316654805651,0.9999997394499479
log_negativity_pure,0.9885714285714285,0.0010570693278698993,0.9886009001521151,0.9999997697764638
log_negativity_pure,0.9892857142857143,0.0010518486579775134,0.9893263158430816,0.9999997981591082
log_negativity_pure,0.99,0.0010466537720080988,0.9900684666770407,0.9999998246119329
log_negativity_pure,0.9907142857142857,0.0010414845426196292,0.9907869547913718,0.999999849148909
log_negativity_pure,0.9914285714285714,0.0010363408430989968,0.9914383423772216,0.9999998717839264
log_negativity_pure,0.9921428571428571,0.0010312225473589072,0.9921807571606902,0.9999998925307965
log_negativity_pure,0.9928571428571429,0.0010261295299347844,0.9929152192974197,0.9999999114032505
log_negativity_pure,0.9935714285714285,0.0010210616659817049,0.9936414731657625,0.9999999284149416
log_negativity_pure,0.9942857142857143,0.0010160188312713242,0.9943589149897092,0.9999999435794436
log_negativity_pure,0.995,0.0010110009021888457,0.9950658829419046,0.9999999569102528
log_negativity_pure,0.9957142857142857,0.001006007755729977,0.9957547973226543,0.9999999684207879
log_negativity_pure,0.9964285714285714,0.0010010392694979246,0.9964340331432059,0.9999999781243899
log_negativity_pure,0.9971428571428571,0.00099609532170039,0.9971541159249334,0.9999999860343239
log_negativity_pure,0.9978571428571429,0.0009911757911465835,0.9978706907909922,0.9999999921637773
log_negativity_pure,0.9985714285714286,0.0009862805572442544,0.9985838940619217,0.9999999965258624
log_negativity_pure,0.9992857142857143,0.0009814094999967353,0.9992937138644578,0.9999999991336164
log_negativity_pure,1.0,0.0009765625,1.0,1.0
