model,n,run_id,step,tau,half_min_entropy,half_vn,half_linear,half_logneg,half_lambda_max
qca,20,QCA_1,0,0.0,-0.0,0.0,0.0,0.0,1.0
qca,20,QCA_1,1,0.05,0.10000000000000056,0.1000000000000273,0.5004887585532797,0.1000001310342792,0.4999999999999981
qca,20,QCA_1,2,0.1,0.20000000000000026,0.2000000000000123,0.7507331378299131,0.200000077019152,0.2499999999999995
qca,20,QCA_1,3,0.1499999999999999,0.3000000000000004,0.3000000000000109,0.8758553274682311,0.3000000601826722,0.1249999999999997
qca,20,QCA_1,4,0.2,0.3999999999999998,0.4000000000000049,0.9384164222873902,0.4000000269613558,0.0625000000000001
qca,20,QCA_1,5,0.25,0.49999999999999956,0.5000000000000031,0.9696969696969696,0.5000000198618094,0.0312500000000001
qca,20,QCA_1,6,0.2999999999999999,0.6000000000000019,0.6000000000000018,0.9853372434017597,0.6000000119750084,0.0156249999999998
qca,20,QCA_1,7,0.3499999999999999,0.7,0.7000000000000038,0.9931573802541545,0.7000000121621783,0.0078125
qca,20,QCA_1,8,0.4,0.8000000000000075,0.8000000000000032,0.997067448680352,0.8000000075653463,0.0039062499999998
qca,20,QCA_1,9,0.45,0.9,0.9000000000000024,0.9990224828934506,0.9000000041358289,0.001953125
qca,20,QCA_1,10,0.5,1.0,1.0,1.0,1.0,0.0009765625
qca,20,QCA_1,11,0.55,1.0,1.0,1.0,1.0,0.0009765625
qca,20,QCA_1,12,0.5999999999999999,1.0,1.0,1.0,1.0,0.0009765625
qca,20,QCA_1,13,0.65,0.9,0.9000000000000018,0.9990224828934506,0.9000000034430162,0.001953125
qca,20,QCA_1,14,0.6999999999999998,0.9,0.9000000000000018,0.9990224828934506,0.9000000036699269,0.001953125
qca,20,QCA_1,15,0.75,1.0,1.0,1.0,1.0,0.0009765625
qca,20,QCA_1,16,0.8,0.9,0.9000000000000019,0.9990224828934506,0.9000000038096122,0.001953125
qca,20,QCA_1,17,0.8499999999999999,0.9,0.9000000000000021,0.9990224828934506,0.9000000039785905,0.001953125
qca,20,QCA_1,18,0.9,0.8000000000000075,0.800000000000003,0.997067448680352,0.8000000075913029,0.0039062499999998
qca,20,QCA_1,19,0.95,0.7,0.7000000000000038,0.9931573802541545,0.700000012102106,0.0078125
qca,20,QCA_1,20,1.0,0.7,0.700000000000005,0.9931573802541545,0.7000000148615096,0.0078125
qca,20,QCA_1,21,1.05,0.8000000000000075,0.8000000000000022,0.997067448680352,0.8000000061776766,0.0039062499999998
qca,20,QCA_1,22,1.1,0.9,0.9000000000000024,0.9990224828934506,0.9000000040571339,0.001953125
qca,20,QCA_1,23,1.15,0.9,0.9000000000000024,0.9990224828934506,0.9000000040407808,0.001953125
qca,20,QCA_1,24,1.2,1.0,1.0,1.0,1.0,0.0009765625
qca,20,QCA_1,25,1.25,1.0,1.0,1.0,1.0,0.0009765625
qca,20,QCA_1,26,1.3,1.0,1.0,1.0,1.0,0.0009765625
qca,20,QCA_1,27,1.35,1.0,1.0,1.0,1.0,0.0009765625
qca,20,QCA_1,28,1.4,0.9,0.9000000000000021,0.9990224828934506,0.9000000039548578,0.001953125
qca,20,QCA_1,29,1.45,0.8000000000000075,0.8000000000000027,0.997067448680352,0.800000006955562,0.0039062499999998
qca,20,QCA_1,30,1.5,0.7,0.7000000000000036,0.9931573802541545,0.7000000120414724,0.0078125
qca,20,QCA_1,31,1.55,0.6000000000000019,0.6000000000000049,0.9853372434017597,0.60000002096137,0.0156249999999998
qca,20,QCA_1,32,1.6,0.49999999999999956,0.5000000000000044,0.9696969696969696,0.5000000251314165,0.0312500000000001
qca,20,QCA_1,33,1.65,0.3999999999999998,0.4000000000000053,0.9384164222873902,0.4000000461861162,0.0625000000000001
qca,20,QCA_1,34,1.7,0.3999999999999991,0.4000000000000018,0.93841642228739,0.4000000061112137,0.0625000000000004
qca,20,QCA_1,35,1.75,0.49999999999999956,0.5000000000000064,0.9696969696969698,0.5000000363990694,0.0312500000000001
qca,20,QCA_1,36,1.8,0.6000000000000019,0.6000000000000046,0.9853372434017597,0.6000000181030615,0.0156249999999998
qca,20,QCA_1,37,1.85,0.7,0.7000000000000041,0.9931573802541545,0.7000000133412309,0.0078125
qca,20,QCA_1,38,1.9,0.8000000000000075,0.8000000000000022,0.997067448680352,0.8000000053023272,0.0039062499999998
qca,20,QCA_1,39,1.95,0.7,0.7000000000000035,0.9931573802541545,0.7000000119965232,0.0078125
qca,20,QCA_1,40,2.0,0.8000000000000075,0.8000000000000037,0.997067448680352,0.8000000081018147,0.0039062499999998
qca,20,QCA_1,41,2.05,0.9,0.9000000000000024,0.9990224828934506,0.9000000040229144,0.001953125
qca,20,QCA_1,42,2.1,0.8000000000000075,0.8000000000000019,0.997067448680352,0.8000000055373466,0.0039062499999998
qca,20,QCA_1,43,2.15,0.7,0.7000000000000035,0.9931573802541545,0.7000000119313639,0.0078125
qca,20,QCA_1,44,2.2,0.7,0.7000000000000027,0.9931573802541545,0.7000000084431903,0.0078125
qca,20,QCA_1,45,2.25,0.8000000000000075,0.800000000000003,0.997067448680352,0.8000000072528153,0.0039062499999998
qca,20,QCA_1,46,2.3,0.9,0.9000000000000019,0.9990224828934506,0.9000000037144551,0.001953125
qca,20,QCA_1,47,2.35,1.0,1.0,1.0,1.0,0.0009765625
qca,20,QCA_1,48,2.4,1.0,1.0,1.0,1.0,0.0009765625
qca,20,QCA_1,49,2.45,0.9,0.9000000000000019,0.9990224828934506,0.9000000037218548,0.001953125
qca,20,QCA_1,50,2.5,0.9,0.9000000000000018,0.9990224828934506,0.9000000033577644,0.001953125
qca,20,QCA_1,51,2.55,1.0,1.0,1.0,1.0,0.0009765625
qca,20,QCA_1,52,2.6,1.0,1.0,1.0,1.0,0.0009765625
qca,20,QCA_1,53,2.65,0.9,0.9000000000000021,0.9990224828934506,0.9000000041435098,0.001953125
qca,20,QCA_1,54,2.7,0.9,0.9000000000000014,0.9990224828934506,0.9000000031213248,0.001953125
qca,20,QCA_1,55,2.75,1.0,1.0,1.0,1.0,0.0009765625
qca,20,QCA_1,56,2.8,0.9,0.9000000000000021,0.9990224828934506,0.9000000038763643,0.001953125
qca,20,QCA_1,57,2.85,0.8000000000000075,0.800000000000003,0.997067448680352,0.8000000077715732,0.0039062499999998
qca,20,QCA_1,58,2.9,0.8000000000000075,0.8000000000000039,0.997067448680352,0.8000000088576719,0.0039062499999998
qca,20,QCA_1,59,2.95,0.9,0.9000000000000021,0.9990224828934506,0.9000000038683696,0.001953125
qca,20,QCA_1,60,3.0,1.0,1.0,1.0,1.0,0.0009765625
qca,20,QCA_1,61,3.05,1.0,1.0,1.0,1.0,0.0009765625
qca,20,QCA_1,62,3.1,0.9,0.9000000000000018,0.9990224828934506,0.9000000035207417,0.001953125
qca,20,QCA_1,63,3.15,0.8000000000000075,0.8000000000000027,0.997067448680352,0.8000000068858191,0.0039062499999998
qca,20,QCA_1,64,3.2,0.7,0.7000000000000037,0.9931573802541545,0.7000000119152696,0.0078125
qca,20,QCA_1,65,3.25,0.6000000000000019,0.6000000000000043,0.9853372434017597,0.6000000177629505,0.0156249999999998
qca,20,QCA_1,66,3.3,0.49999999999999956,0.5000000000000042,0.9696969696969696,0.5000000249654599,0.0312500000000001
qca,20,QCA_1,67,3.35,0.3999999999999998,0.4000000000000045,0.9384164222873902,0.4000000364269691,0.0625000000000001
qca,20,QCA_1,68,3.4,0.3999999999999998,0.4000000000000019,0.93841642228739,0.400000006406926,0.0625000000000001
qca,20,QCA_1,69,3.45,0.49999999999999956,0.500000000000006,0.9696969696969698,0.5000000285824222,0.0312500000000001
qca,20,QCA_1,70,3.5,0.6000000000000019,0.6000000000000032,0.9853372434017597,0.6000000121399359,0.0156249999999998
qca,20,QCA_1,71,3.55,0.7,0.7000000000000044,0.9931573802541545,0.7000000141739215,0.0078125
qca,20,QCA_1,72,3.6,0.8000000000000075,0.8000000000000022,0.997067448680352,0.8000000053422267,0.0039062499999998
qca,20,QCA_1,73,3.65,0.7,0.7000000000000038,0.9931573802541545,0.7000000122513385,0.0078125
qca,20,QCA_1,74,3.7,0.8000000000000075,0.8000000000000033,0.997067448680352,0.8000000083402845,0.0039062499999998
qca,20,QCA_1,75,3.75,0.8000000000000075,0.8000000000000049,0.997067448680352,0.800000011535582,0.0039062499999998
qca,20,QCA_1,76,3.8,0.8000000000000075,0.8000000000000028,0.997067448680352,0.8000000065171741,0.0039062499999998
qca,20,QCA_1,77,3.85,0.9,0.9000000000000021,0.9990224828934506,0.9000000042230669,0.001953125
qca,20,QCA_1,78,3.9,0.8000000000000075,0.800000000000003,0.997067448680352,0.8000000076274755,0.0039062499999998
qca,20,QCA_1,79,3.95,0.9,0.9000000000000021,0.9990224828934506,0.9000000039985393,0.001953125
qca,20,QCA_1,80,4.0,0.8000000000000075,0.8000000000000032,0.997067448680352,0.8000000077946319,0.0039062499999998
qca,20,QCA_2,0,0.0,1.2173020714496738e-15,4.5645961455585936e-14,1.6891885956681952e-14,2.8868988857135204e-07,0.9999999999999916
qca,20,QCA_2,1,0.05,0.06763139969311915,0.0953870632859389,0.468825666291523,0.097662321983773,0.6257620198494411
qca,20,QCA_2,2,0.1,0.16606320611213007,0.1953629420730425,0.7348161548798777,0.197650051011075,0.3163005432636993
qca,20,QCA_2,3,0.1499999999999999,0.24103166768993237,0.2939157422287258,0.8649729273857071,0.2969649648857468,0.1881145470551097
qca,20,QCA_2,4,0.2,0.3136739530133087,0.3920838663580256,0.9309760598273852,0.3961215318235339,0.1136965568480848
qca,20,QCA_2,5,0.25,0.3897368287231927,0.4878787191024491,0.9639760415138912,0.4939986860380468,0.0671081461060478
qca,20,QCA_2,6,0.2999999999999999,0.4237362697617377,0.570493274592436,0.9779842847919384,0.585012970809892,0.0530184132018388
qca,20,QCA_2,7,0.3499999999999999,0.473773932281488,0.6558898889891268,0.9874518305522604,0.6772924983435941,0.0374798938483497
qca,20,QCA_2,8,0.4,0.5706927667938086,0.7516204204003497,0.9939927617344692,0.774446848591743,0.0191444806292714
qca,20,QCA_2,9,0.45,0.6231496987226578,0.8195564873418137,0.99634649045757,0.8537054862499436,0.0133086035775595
qca,20,QCA_2,10,0.5,0.7051752147674831,0.899498876924426,0.9982759575976048,0.938511006040808,0.0075372180858918
qca,20,QCA_2,11,0.55,0.7251346227909072,0.9094702454800644,0.9986023978554704,0.9416258699323516,0.0065633758760793
qca,20,QCA_2,12,0.5999999999999999,0.7822202330617856,0.9260176335144384,0.9989811790520506,0.9516558863040938,0.0044185773941032
qca,20,QCA_2,13,0.65,0.7489894227404192,0.925546681836476,0.9989546376285324,0.9516048268097188,0.005563103925997
qca,20,QCA_2,14,0.6999999999999998,0.7904414849531354,0.9301462684111628,0.9990538846286164,0.9543542228967008,0.0041738230403358
qca,20,QCA_2,15,0.75,0.741985120307584,0.9268292309087498,0.9989725428663244,0.9525003008964184,0.005839857158592
qca,20,QCA_2,16,0.8,0.7786300941357787,0.9292502286933276,0.9990413380639644,0.953658314129583,0.0045299130021573
qca,20,QCA_2,17,0.8499999999999999,0.7485169628431821,0.9203761073351436,0.9988718242580534,0.9479830191128836,0.0055813520785301
qca,20,QCA_2,18,0.9,0.7846266792271941,0.9179200729804388,0.9988437728020718,0.9460446215698723,0.0043454858645562
qca,20,QCA_2,19,0.95,0.7257595858464313,0.8963183107978167,0.9983561352122428,0.9322430947256216,0.0065350053911673
qca,20,QCA_2,20,1.0,0.7474553053896809,0.8922587340149407,0.9982656995153304,0.9296239684248132,0.0056225758979454
qca,20,QCA_2,21,1.05,0.7263530990516971,0.8975466454513292,0.9983624322148488,0.9336589942081924,0.006508176126036
qca,20,QCA_2,22,1.1,0.7720246943635959,0.9157957898082504,0.9987798576401992,0.9452175787649756,0.0047421369942386
qca,20,QCA_2,23,1.15,0.7483001437562341,0.9159456922589706,0.998772469807992,0.945431212121916,0.005589746461477
qca,20,QCA_2,24,1.2,0.7800571450476099,0.9259288161232831,0.9989732128674303,0.9517407972676868,0.004485325962886
qca,20,QCA_2,25,1.25,0.757785964893754,0.9269408802620236,0.9989793759138524,0.9526073656123004,0.005234038860156
qca,20,QCA_2,26,1.3,0.771537091404191,0.9280147881330152,0.9990004337494665,0.9532820619841412,0.004758191613557
qca,20,QCA_2,27,1.35,0.7568530950046718,0.926896057685018,0.9989826726567704,0.9524337501698248,0.0052679926569164
qca,20,QCA_2,28,1.4,0.7761566944736266,0.9243717381938248,0.9989332403081512,0.9509054603793714,0.0046082447425279
qca,20,QCA_2,29,1.45,0.71673227131326,0.9002933249783456,0.9984263878550966,0.9349025307072883,0.0069569819206555
qca,20,QCA_2,30,1.5,0.7213667820699664,0.8818201974820691,0.9980334612993412,0.9204594516274796,0.0067370474663046
qca,20,QCA_2,31,1.55,0.6639112508190752,0.8427272733827037,0.9969018909485392,0.8924583322909398,0.0100329348114562
qca,20,QCA_2,32,1.6,0.5942135452898174,0.779733439699247,0.9943010118139924,0.8429514357043344,0.0162644353438985
qca,20,QCA_2,33,1.65,0.5427637662799686,0.717254624483089,0.990750301802892,0.7739878865352432,0.0232336936110866
qca,20,QCA_2,34,1.7,0.5028327051428081,0.6530734320533822,0.9860296821699536,0.6975962419520517,0.0306423966160037
qca,20,QCA_2,35,1.75,0.5454499888770277,0.7332258186731669,0.9917767614746756,0.7861498862854667,0.022805096911258
qca,20,QCA_2,36,1.8,0.633959920234606,0.8084903603151898,0.9956794727182444,0.8624115294775143,0.0123478253925621
qca,20,QCA_2,37,1.85,0.6609046487569445,0.8532912075025525,0.9971935889501976,0.9012129440423096,0.0102442168841303
qca,20,QCA_2,38,1.9,0.7148518899462729,0.8970906876426555,0.9983697741177616,0.9327895670885928,0.0070482514066874
qca,20,QCA_2,39,1.95,0.6814968237086364,0.8854546564790167,0.9979953388010384,0.9259952654530076,0.0088815781414002
qca,20,QCA_2,40,2.0,0.6953622722565713,0.8875503660771816,0.9979159343250814,0.9299448144479372,0.008067723063119
qca,20,QCA_2,41,2.05,0.7024201394682305,0.9022729198333492,0.9983718877002052,0.9380673632528348,0.0076825374257768
qca,20,QCA_2,42,2.1,0.7153958963087905,0.8991072496473566,0.9983485923157333,0.9352581168064537,0.0070217241540828
qca,20,QCA_2,43,2.15,0.6956084220015776,0.8881968775057103,0.9980628586611182,0.9286863203400916,0.0080539698113403
qca,20,QCA_2,44,2.2,0.6879143899208155,0.9016256982487658,0.9983844246952324,0.9374463931559892,0.0084951556761748
qca,20,QCA_2,45,2.25,0.7019747115685876,0.9012327356598104,0.9983563604013296,0.9374549231185384,0.0077062936912488
qca,20,QCA_2,46,2.3,0.7221523807347895,0.9108638015435696,0.9986226752164856,0.9425246250631912,0.006700461553273
qca,20,QCA_2,47,2.35,0.7135077953939146,0.908873492692338,0.998574732420656,0.9411143184417564,0.0071142236577697
qca,20,QCA_2,48,2.4,0.7136513792701605,0.9084575920625088,0.9985710649110509,0.9405384234193864,0.0071071467660339
qca,20,QCA_2,49,2.45,0.7037938549345013,0.8999045405966041,0.9983771719289428,0.9346520413732056,0.0076097324726861
qca,20,QCA_2,50,2.5,0.6952238084798699,0.8967452930917347,0.9982440593912444,0.9338159264082172,0.008075469839889
qca,20,QCA_2,51,2.55,0.6980051754051322,0.8990034488656621,0.9983373451951962,0.934290001642576,0.0079212742695065
qca,20,QCA_2,52,2.6,0.6955916808014895,0.9008674780843428,0.9983735144541316,0.9357519968292785,0.0080549044575385
qca,20,QCA_2,53,2.65,0.704091926821053,0.902345514843726,0.9984265676234052,0.9364776161176032,0.0075940264109315
qca,20,QCA_2,54,2.7,0.7120652590699168,0.9053463483187218,0.9984928908077328,0.939217443910351,0.0071857148888958
qca,20,QCA_2,55,2.75,0.7145594165789173,0.9076051913774932,0.9985387873836552,0.9406481448518832,0.0070625546149984
qca,20,QCA_2,56,2.8,0.7427757003095394,0.9160334121171838,0.998746236892164,0.9458330301499132,0.0058079429475974
qca,20,QCA_2,57,2.85,0.710047277847767,0.903707449315523,0.9984225831203636,0.9384569499271744,0.0072869318905478
qca,20,QCA_2,58,2.9,0.7233720540615229,0.9014033516212988,0.9983964820778468,0.9374486243744156,0.0066440537471549
qca,20,QCA_2,59,2.95,0.6801031153613706,0.8761816444879118,0.9976777050112444,0.9211383995360988,0.0089677939552544
qca,20,QCA_2,60,3.0,0.7140176956193357,0.8897332109107472,0.9981270780127504,0.9289984611117752,0.0070891238191485
qca,20,QCA_2,61,3.05,0.6855170226849726,0.8891355406040168,0.998043900491076,0.9294654156016688,0.0086375015106037
qca,20,QCA_2,62,3.1,0.7150194206113417,0.8937212839052642,0.99820771866702,0.9320110160570456,0.0070400714872588
qca,20,QCA_2,63,3.15,0.6934190319112771,0.885096213301302,0.9980230108799651,0.9255345376494992,0.0081771265371366
qca,20,QCA_2,64,3.2,0.7023848418931469,0.8832875284807478,0.9980279817879028,0.9226781200100148,0.0076844172971982
qca,20,QCA_2,65,3.25,0.6653429813125205,0.8449561609480585,0.997018652494448,0.8934637157643283,0.0099338603912844
qca,20,QCA_2,66,3.3,0.6031974475897078,0.7837732841832652,0.9945951427571794,0.8447877239221425,0.0152825121478162
qca,20,QCA_2,67,3.35,0.5405191926107761,0.7178548860487667,0.9908644692605176,0.7741137775873822,0.0235979946276194
qca,20,QCA_2,68,3.4,0.4988468781967369,0.6524657207395405,0.9858765637686976,0.6973969975244357,0.0315007768505639
qca,20,QCA_2,69,3.45,0.550798775990095,0.7328024952010209,0.9917438829592252,0.785931378732039,0.0219750801886104
qca,20,QCA_2,70,3.5,0.6328454844407341,0.806862406628931,0.995583983508386,0.8616283901233577,0.0124435777479593
qca,20,QCA_2,71,3.55,0.6761560265571076,0.8542290949044254,0.9972423406971864,0.9014036588260728,0.0092165321542246
qca,20,QCA_2,72,3.6,0.7398031478165282,0.8996509694513739,0.998455703428749,0.9336466718284732,0.0059288520938858
qca,20,QCA_2,73,3.65,0.7182035639714142,0.9040619753994515,0.9985193340124532,0.9373462686157216,0.0068863936130599
qca,20,QCA_2,74,3.7,0.7665165769767098,0.9187132001654892,0.9988247491442428,0.9471719530532996,0.0049266893800886
qca,20,QCA_2,75,3.75,0.7414334468342244,0.9202638290545452,0.9988299852941616,0.9486965406066868,0.0058622309921683
qca,20,QCA_2,76,3.8,0.7408561273172537,0.9209528051932524,0.9988454640990744,0.9490588374828725,0.0058857367290264
qca,20,QCA_2,77,3.85,0.7412472319660474,0.921210202313736,0.9988411779729682,0.9495156272941706,0.0058698025118144
qca,20,QCA_2,78,3.9,0.7671990353167344,0.9197652756882112,0.9988442497131916,0.9480019221076,0.0049034390035405
qca,20,QCA_2,79,3.95,0.7441741819477372,0.9154481064077123,0.9987549597223192,0.9452780657328232,0.0057519154343588
qca,20,QCA_2,80,4.0,0.77730349663617,0.9146135106773824,0.9987676028723312,0.9441740412557168,0.0045717588869514
qca,20,QCA_3,0,0.0,-0.0,0.0,0.0,0.0,1.0
qca,20,QCA_3,1,0.05,0.008002646798827062,0.0302985135864198,0.1021959195409098,0.0537920629028168,0.9460402903111828
qca,20,QCA_3,2,0.1,0.020759531326290343,0.0597501938147739,0.2334335475490559,0.0917784227187481,0.8659794451572399
qca,20,QCA_3,3,0.1499999999999999,0.03630333844481,0.092565679724864,0.3604362117477856,0.1301833008896954,0.7775280434141509
qca,20,QCA_3,4,0.2,0.04332064291471936,0.1114969943552802,0.4154738343287992,0.1582323613866704,0.7406139201068571
qca,20,QCA_3,5,0.25,0.05576501557929342,0.1333948581163096,0.4876095039564459,0.1860872861558549,0.6794078743113118
qca,20,QCA_3,6,0.2999999999999999,0.07612735685332128,0.1585022791570218,0.5753445652606133,0.2134093179706721,0.589975288024614
qca,20,QCA_3,7,0.3499999999999999,0.07280579081365135,0.1716660951736314,0.5791457114074735,0.2377789583380763,0.6037160627814466
qca,20,QCA_3,8,0.4,0.07989691394990227,0.1882239283747883,0.6136710123192249,0.2600806632904634,0.5747597184958277
qca,20,QCA_3,9,0.45,0.09055908971956186,0.2071773243544455,0.6528002425667712,0.2839275760681606,0.5338140203769683
qca,20,QCA_3,10,0.5,0.09048875470204812,0.2236767255829361,0.6681310235740188,0.3072523711731561,0.5340743316081126
qca,20,QCA_3,11,0.55,0.0950904571678152,0.2391999954388004,0.6879893580071434,0.3297805970300768,0.5173080074171613
qca,20,QCA_3,12,0.5999999999999999,0.10783380807019134,0.2617040863673667,0.7296146269999092,0.3537103672335106,0.4735740451027266
qca,20,QCA_3,13,0.65,0.11585655182660466,0.2800402917804071,0.7548809596221233,0.3761976121364064,0.4479577215860706
qca,20,QCA_3,14,0.6999999999999998,0.12697496371687395,0.3002231012053494,0.7834106481500928,0.3990089493406329,0.4147317384996062
qca,20,QCA_3,15,0.75,0.14458797143868102,0.32197790491538,0.8159906816910562,0.4217832620139209,0.3670682622816829
qca,20,QCA_3,16,0.8,0.1534738434346768,0.341262536851316,0.8351415148478709,0.4437407601287071,0.345141908111163
qca,20,QCA_3,17,0.8499999999999999,0.16167804102290567,0.3578083028382171,0.849116022035584,0.4647161833717118,0.326062309339803
qca,20,QCA_3,18,0.9,0.17214041485123727,0.3755670234028504,0.8642371158344379,0.4855215764257988,0.303253426444878
qca,20,QCA_3,19,0.95,0.17706492620950906,0.3935935332243841,0.8759668889356714,0.5063059440100782,0.2930768130386243
qca,20,QCA_3,20,1.0,0.18344089093456065,0.4104022821411181,0.8856751044753876,0.5264510858895176,0.2804063820648847
qca,20,QCA_3,21,1.05,0.1889705393358972,0.4262494815504651,0.8938251613422681,0.5458023651364223,0.2698621609082305
qca,20,QCA_3,22,1.1,0.1929169238832225,0.4433494605006781,0.9018417299443114,0.5648556739249267,0.2625803315748479
qca,20,QCA_3,23,1.15,0.2042474486068246,0.4616538932201128,0.9127336038827196,0.5836605922626547,0.2427470240068661
qca,20,QCA_3,24,1.2,0.21455124596031266,0.4793712741176289,0.9219687200822152,0.6016837325543863,0.2260145475186031
qca,20,QCA_3,25,1.25,0.22055648864594574,0.4962159653746635,0.9288300077047092,0.6187754502451988,0.2167997673358406
qca,20,QCA_3,26,1.3,0.2298189537420985,0.5124751821151871,0.9355922627572538,0.6350340053986218,0.2033180863911987
qca,20,QCA_3,27,1.35,0.2410195685136566,0.5285234083102466,0.9423176691151338,0.6503099240983693,0.1881303239618211
qca,20,QCA_3,28,1.4,0.2463059777808255,0.5430964483594775,0.9465312048984296,0.6647574823576226,0.181361511142152
qca,20,QCA_3,29,1.45,0.2541842736818445,0.5575382742574417,0.9509451213212512,0.678560920057032,0.1717232471139386
qca,20,QCA_3,30,1.5,0.26209247584417245,0.5714434255399207,0.9549994690050776,0.6913580385987381,0.1625634963485556
qca,20,QCA_3,31,1.55,0.2659921445927101,0.5839650731723872,0.9576526402264056,0.7032816299134068,0.1582281894629415
qca,20,QCA_3,32,1.6,0.2763619766262374,0.5978758355411522,0.9616318447704963,0.7148815715638486,0.1472541535873254
qca,20,QCA_3,33,1.65,0.2849606291701642,0.611262963211299,0.9650167020420842,0.7256421933986131,0.1387340390565894
qca,20,QCA_3,34,1.7,0.2905584409672646,0.623153029981265,0.9674221875870328,0.7354957249386834,0.1334541052104151
qca,20,QCA_3,35,1.75,0.2997445363927259,0.6352254740033206,0.9701697971100612,0.7449166622881019,0.1252215384343604
qca,20,QCA_3,36,1.8,0.30822990667921457,0.6469458048154361,0.9727271114956144,0.7534434368646706,0.1180689022225465
qca,20,QCA_3,37,1.85,0.3174505222317134,0.6577412689566747,0.974904192040906,0.7613627022118666,0.1107589185620767
qca,20,QCA_3,38,1.9,0.32224773063735695,0.6673952229144879,0.9764047272862532,0.7686378695071115,0.1071365532757241
qca,20,QCA_3,39,1.95,0.32574033552503956,0.6765264334291744,0.977773314765189,0.775205881158731,0.1045740389617929
qca,20,QCA_3,40,2.0,0.33456700009504875,0.6852841677003048,0.979255094913384,0.7813471259250065,0.0983678035419074
qca,20,QCA_3,41,2.05,0.3374083251802577,0.6929754858151652,0.980192043894692,0.7868240112183631,0.0964494450928127
qca,20,QCA_3,42,2.1,0.34061185751493417,0.7003636694790318,0.981136052948634,0.7919347535098517,0.0943313696157714
qca,20,QCA_3,43,2.15,0.34627101416685524,0.7072534713793569,0.9820586361499138,0.796610252863467,0.0907027346523162
qca,20,QCA_3,44,2.2,0.3500042358402813,0.7140561480701646,0.982973661047717,0.8009331447869537,0.0883857525508341
qca,20,QCA_3,45,2.25,0.35636842025973514,0.7205109066333121,0.9839198721293791,0.8050023531176876,0.0845715246206985
qca,20,QCA_3,46,2.3,0.36262308395312215,0.7265077234628758,0.9847633645412348,0.8087184940282272,0.0809833514993341
qca,20,QCA_3,47,2.35,0.3691770566735462,0.7323545982138095,0.985684654480108,0.8120753733237096,0.0773866990845279
qca,20,QCA_3,48,2.4,0.37450369010854784,0.7378279416132704,0.9864636825748524,0.8152617537527723,0.074581576276227
qca,20,QCA_3,49,2.45,0.38071792302559937,0.7428091561740959,0.9871257368365816,0.8181841433082377,0.0714372705494609
qca,20,QCA_3,50,2.5,0.3860483383584563,0.747231979163377,0.9876769682831056,0.820777344671244,0.0688459986146828
qca,20,QCA_3,51,2.55,0.38769197029825986,0.7512816259952251,0.988159257167058,0.8231091405816076,0.0680661017524331
qca,20,QCA_3,52,2.6,0.3917945438195519,0.7552018170385566,0.9886242223944212,0.8253427032877919,0.0661577766772188
qca,20,QCA_3,53,2.65,0.39825325824755736,0.7590309704608622,0.9890735321920604,0.827482362910474,0.0632613177241783
qca,20,QCA_3,54,2.7,0.3966794171156574,0.7619319841976459,0.9892754942121502,0.8292708809009512,0.0639552156778552
qca,20,QCA_3,55,2.75,0.39775719690903444,0.7648583032405862,0.9895515252040132,0.8309638071753584,0.0634792120577833
qca,20,QCA_3,56,2.8,0.40504952680643164,0.7679795923604807,0.989991142202336,0.8325734767900596,0.0603502991260242
qca,20,QCA_3,57,2.85,0.4087073384084923,0.7703853162605429,0.990207741825608,0.8339816469937124,0.0588394110338967
qca,20,QCA_3,58,2.9,0.40834088585201067,0.7727059572146859,0.9903956291517784,0.8353431188322046,0.0589890563805269
qca,20,QCA_3,59,2.95,0.41225987607793196,0.7754532222425903,0.9908081484288824,0.8366354454178186,0.0574082241747565
qca,20,QCA_3,60,3.0,0.4178433729556172,0.7777794992375922,0.9910894419043124,0.8378277273381111,0.0552288642769028
qca,20,QCA_3,61,3.05,0.423008585565961,0.7797411230215083,0.9912962353993824,0.8389184472045639,0.0532865095285368
qca,20,QCA_3,62,3.1,0.42483880918584777,0.7817642281876543,0.9915633001978852,0.839919197026413,0.0526147790697217
qca,20,QCA_3,63,3.15,0.4240798557394883,0.7835037123023633,0.9917218334182326,0.8408085792904811,0.052892297090259
qca,20,QCA_3,64,3.2,0.4297687882543325,0.7850174814967146,0.991889266706262,0.8416333755441509,0.05084719914605
qca,20,QCA_3,65,3.25,0.4344324109192791,0.7864944799557823,0.9920417081429675,0.8424056364727216,0.0492298068950366
qca,20,QCA_3,66,3.3,0.4296301740708712,0.7877563734281327,0.9921096657425912,0.8431082218520193,0.0508960766274629
qca,20,QCA_3,67,3.35,0.43024986529510423,0.7891195571785855,0.9922528912632228,0.8438007584838616,0.0506779278827766
qca,20,QCA_3,68,3.4,0.43752081918145314,0.7904721333621233,0.9924232270562912,0.8444870054117732,0.0481871340240528
qca,20,QCA_3,69,3.45,0.43944818926109147,0.7917447621611508,0.9925604464486982,0.8451216213935592,0.0475476585104809
qca,20,QCA_3,70,3.5,0.4383298138125721,0.7930196756218592,0.9927172562747296,0.8456790891185301,0.047917679730454
qca,20,QCA_3,71,3.55,0.44429290496071294,0.7942611185379344,0.992885406622146,0.8462689789626889,0.0459774718814606
qca,20,QCA_3,72,3.6,0.45207003136013346,0.7955256232735209,0.9930698577522205,0.8468317482377467,0.0435645873006751
qca,20,QCA_3,73,3.65,0.4514610125890178,0.7964072426702621,0.9931648426947424,0.847234645875608,0.0437488794058046
qca,20,QCA_3,74,3.7,0.4521416418681243,0.7972493642028697,0.993241832890472,0.8476542223424239,0.0435429686770972
qca,20,QCA_3,75,3.75,0.4583028049804973,0.7983002005987061,0.9933755778606556,0.8481356251897297,0.0417225732730043
qca,20,QCA_3,76,3.8,0.4607273508968187,0.7991585686527418,0.9934579125253236,0.8485639665438415,0.041027256404072
qca,20,QCA_3,77,3.85,0.459013237563002,0.8000239307174897,0.99351205934517,0.8490281923738501,0.0415176220333349
qca,20,QCA_3,78,3.9,0.4606071651129331,0.8007606879513126,0.9935853554824624,0.8493750202730906,0.0410614489900162
qca,20,QCA_3,79,3.95,0.4627150529275842,0.8016808694234066,0.9936955622435428,0.849770246341446,0.0404658713276773
qca,20,QCA_3,80,4.0,0.4654194103586552,0.802671033306578,0.993810252378934,0.8502146369934973,0.039714396662933
qca,20,QCA_4,0,0.0,1.2333192039687486e-15,4.5970906682672256e-14,1.7114147614006715e-14,3.110928185247719e-07,0.9999999999999915
qca,20,QCA_4,1,0.05,0.005572213853431421,0.0232520057733121,0.0729748980695939,0.046660025262971,0.962112738668446
qca,20,QCA_4,2,0.1,0.015881737074522704,0.0548205919035578,0.1894969417005132,0.0963743640921194,0.8957590561150728
qca,20,QCA_4,3,0.1499999999999999,0.01597862931130536,0.0599415572891167,0.1924493482392246,0.1172800909555141,0.8951576611037148
qca,20,QCA_4,4,0.2,0.02254124101022537,0.0796451953636145,0.2592613086310448,0.1448606035698624,0.8553504794736223
qca,20,QCA_4,5,0.25,0.03714401942645802,0.1037473692497146,0.3717454008277896,0.1702880388467206,0.7730104409765526
qca,20,QCA_4,6,0.2999999999999999,0.05523615561482491,0.1299680568200647,0.4753838266006348,0.1988803323133557,0.6819030032044541
qca,20,QCA_4,7,0.3499999999999999,0.06652983460460517,0.152853269662721,0.5388120808847477,0.2258242590251722,0.6305582929139761
qca,20,QCA_4,8,0.4,0.07985304240423201,0.1703472903979867,0.5842587018019372,0.2494153772109128,0.5749345262748388
qca,20,QCA_4,9,0.45,0.1047745013546983,0.1977600934867302,0.6540405760084601,0.2776836701314892,0.4837236520897394
qca,20,QCA_4,10,0.5,0.11669770575093523,0.2196650800895532,0.6958631045874724,0.302776748838164,0.4453535324916913
qca,20,QCA_4,11,0.55,0.12740005695994877,0.2395625968425589,0.7263761616792588,0.3268361285687057,0.4135115209605206
qca,20,QCA_4,12,0.5999999999999999,0.1509835065893141,0.2640971638695133,0.7704991813180218,0.3516201993242644,0.351151361531542
qca,20,QCA_4,13,0.65,0.16529506080455897,0.2847669320829656,0.799025330452616,0.3750433839919659,0.3179891381419466
qca,20,QCA_4,14,0.6999999999999998,0.1752992246662517,0.3052232437106151,0.8214872657330115,0.398669654006671,0.2966857938598335
qca,20,QCA_4,15,0.75,0.18461090342878603,0.3263268454748218,0.8440061330794018,0.421620049459442,0.2781415083041288
qca,20,QCA_4,16,0.8,0.19246146890894972,0.3441612044322153,0.8580104467793958,0.4434459455577083,0.2634106005530518
qca,20,QCA_4,17,0.8499999999999999,0.20625236920094653,0.3647948641807604,0.8752337834930226,0.4660049486352477,0.2393968887547902
qca,20,QCA_4,18,0.9,0.21329202067209535,0.3841772033646435,0.8889467649975267,0.4876843301450899,0.2279959011394228
qca,20,QCA_4,19,0.95,0.21706972684069076,0.4021845731250888,0.898190232520409,0.5088846027257234,0.2221032996834405
qca,20,QCA_4,20,1.0,0.2374805449123461,0.4226245561744942,0.9120058440251088,0.5300403550359069,0.1928023512811663
qca,20,QCA_4,21,1.05,0.24740738878965432,0.4413698503008489,0.9215237683089242,0.5505204437783477,0.179982196756392
qca,20,QCA_4,22,1.1,0.2566631620679676,0.4602059153516123,0.9300521496508208,0.5707403785344695,0.1687978436630082
qca,20,QCA_4,23,1.15,0.2721002634090096,0.4779726480928314,0.9378028398781864,0.5899846533482116,0.1516689181118844
qca,20,QCA_4,24,1.2,0.2846835361537414,0.4960079994142642,0.9445958682477296,0.609049492416682,0.1390007563682552
qca,20,QCA_4,25,1.25,0.29734345855650096,0.5140586911560846,0.9506829605156356,0.6276658874938458,0.1273230400564975
qca,20,QCA_4,26,1.3,0.3074561189715599,0.530808632045398,0.9554877277932776,0.6454471089465466,0.1187038646092112
qca,20,QCA_4,27,1.35,0.32023464778989913,0.5478695877543703,0.96002425497276,0.6628875165722176,0.1086419754016961
qca,20,QCA_4,28,1.4,0.3324971832352019,0.5652392972831766,0.9644344563899812,0.6798026719528086,0.0997892465933215
qca,20,QCA_4,29,1.45,0.3404713702005271,0.5813854001471731,0.9677332549263536,0.6960350049222607,0.0944232727205048
qca,20,QCA_4,30,1.5,0.35315046301236636,0.5978288366800867,0.9710046490188357,0.7117724526216141,0.0864791030467673
qca,20,QCA_4,31,1.55,0.36596182569630276,0.6141552097856668,0.9741362644960472,0.7268265503230801,0.0791307226676322
qca,20,QCA_4,32,1.6,0.375934392735781,0.6299909370870995,0.9767247240180348,0.7413337244552572,0.0738456153603811
qca,20,QCA_4,33,1.65,0.38651880649037645,0.6453664336243561,0.9790289019832992,0.7551536667170323,0.0686218549629591
qca,20,QCA_4,34,1.7,0.3991329416108668,0.6604126796853784,0.981145094000708,0.7682146691517581,0.0628767554379513
qca,20,QCA_4,35,1.75,0.41066709248966937,0.6752992277078241,0.9830706162394256,0.7807467638113395,0.0580455418010882
qca,20,QCA_4,36,1.8,0.41920887469207946,0.6892505778255164,0.9846654801795676,0.7924688524344984,0.054708592620924
qca,20,QCA_4,37,1.85,0.4325334610937436,0.7030360283643337,0.986180264374215,0.8035833106889033,0.0498820784242202
qca,20,QCA_4,38,1.9,0.4413640411501725,0.7165232263233369,0.9875531631902644,0.8140962846421657,0.0469204151480731
qca,20,QCA_4,39,1.95,0.4524334848117115,0.7292507798099302,0.9887517367903008,0.8238861261453397,0.0434549745880113
qca,20,QCA_4,40,2.0,0.4652102493989309,0.741513953472339,0.9898273031768824,0.833095773659064,0.0397720160869711
qca,20,QCA_4,41,2.05,0.4744959752236933,0.753326322397265,0.990802140531414,0.8416793456799684,0.03729278233523
qca,20,QCA_4,42,2.1,0.4873133004153608,0.7646194107021339,0.9916869027424032,0.8496999236578586,0.0341224961070063
qca,20,QCA_4,43,2.15,0.4967748701673174,0.7751088493523687,0.9924221417842148,0.8571411330156213,0.0319564574875198
qca,20,QCA_4,44,2.2,0.5100315737846828,0.7849843133551825,0.9930965829596368,0.8639653540336782,0.0291509005312056
qca,20,QCA_4,45,2.25,0.52355560633174,0.7945738885158647,0.9937267216462814,0.8704029646286917,0.0265424239060678
qca,20,QCA_4,46,2.3,0.5286294896985713,0.8034597860803648,0.9942468652560668,0.8763469298304553,0.0256251649760618
qca,20,QCA_4,47,2.35,0.5394194837193608,0.8117637657828076,0.9947135116978572,0.8818305083898667,0.0237785600439804
qca,20,QCA_4,48,2.4,0.5535396253688647,0.8195954854587149,0.9951440133628724,0.8868891005132122,0.0215615356961972
qca,20,QCA_4,49,2.45,0.5586070697564008,0.8269772050676909,0.9955156410134496,0.8916148484626574,0.0208173364881162
qca,20,QCA_4,50,2.5,0.5646837955115019,0.8337638725526019,0.9958453245230549,0.8959011767124349,0.0199587066425268
qca,20,QCA_4,51,2.55,0.5768308903558339,0.8400659578808239,0.9961402268847932,0.8998647673457929,0.0183470394916896
qca,20,QCA_4,52,2.6,0.5831803452179819,0.8459654003099647,0.9964084361471072,0.9035014674516892,0.0175570777379483
qca,20,QCA_4,53,2.65,0.5884182008910692,0.8514937894963049,0.9966470960180948,0.9069102143756732,0.0169310820894421
qca,20,QCA_4,54,2.7,0.5995648207538532,0.8563902527300861,0.9968508724517184,0.9099077068017388,0.0156722029169671
qca,20,QCA_4,55,2.75,0.6057501069928553,0.8610960214028636,0.997045237949042,0.9127675150343426,0.0150144863409368
qca,20,QCA_4,56,2.8,0.6123466200563963,0.865526811965433,0.9972180522856732,0.9154226688045046,0.0143434292708279
qca,20,QCA_4,57,2.85,0.6258567041242644,0.8693457640915458,0.9973623608831949,0.9177192769577144,0.0130612153698815
qca,20,QCA_4,58,2.9,0.6322128074309613,0.8730570859659444,0.9975016528936717,0.9199123304858196,0.0124982674304242
qca,20,QCA_4,59,2.95,0.6348705666903701,0.8766196912502112,0.99762940399765,0.9220161073804348,0.0122701299036693
qca,20,QCA_4,60,3.0,0.6454042471006503,0.8797324852327765,0.997738557791652,0.9238497104811384,0.0114061642961214
qca,20,QCA_4,61,3.05,0.6562451019731823,0.8825517899930257,0.9978354019157604,0.925501975188794,0.0105804806673238
qca,20,QCA_4,62,3.1,0.6537039773708707,0.8853432954516415,0.9979265303005412,0.9271767295599616,0.0107684933765692
qca,20,QCA_4,63,3.15,0.6612334349886326,0.8878124198317998,0.9980078903709488,0.9286053499281112,0.0102208971781956
qca,20,QCA_4,64,3.2,0.6705219547300276,0.8899837074834732,0.9980758846747214,0.9298631824099916,0.0095835803580529
qca,20,QCA_4,65,3.25,0.6704118366359513,0.8920627880574626,0.9981395080662164,0.931093442763586,0.0095908981101123
qca,20,QCA_4,66,3.3,0.6777153250020975,0.893973208917134,0.998197582533282,0.9322354493813648,0.0091174541190933
qca,20,QCA_4,67,3.35,0.6860493994771675,0.8956471653257397,0.9982484339396188,0.9331934935149686,0.0086056865307934
qca,20,QCA_4,68,3.4,0.6862406797130272,0.8974679079999996,0.99830171847763,0.9342733268704858,0.0085942842112279
qca,20,QCA_4,69,3.45,0.6940223214905483,0.8989679261056547,0.998345653209851,0.9351385219786976,0.0081430037671866
qca,20,QCA_4,70,3.5,0.7031564070603025,0.9002530576083573,0.9983825253681144,0.9359083675695468,0.0076434301009561
qca,20,QCA_4,71,3.55,0.7038184916270704,0.9016530105235828,0.998422698703654,0.9366879383748848,0.0076084330807333
qca,20,QCA_4,72,3.6,0.7078672224944903,0.9027336686857248,0.99845232284005,0.9373151202397636,0.007397880824679
qca,20,QCA_4,73,3.65,0.7176363417908909,0.903780711021926,0.9984809966378853,0.9379739652938948,0.0069135220356999
qca,20,QCA_4,74,3.7,0.718791182360105,0.9048417394870842,0.998509453079378,0.9385825180841816,0.0068584019612089
qca,20,QCA_4,75,3.75,0.7201848607903052,0.9057292511726696,0.998531925557224,0.939116403207504,0.0067924671194632
qca,20,QCA_4,76,3.8,0.7284243214362849,0.9066192375382152,0.9985553194310072,0.9396452150079234,0.0064154082274465
qca,20,QCA_4,77,3.85,0.7311242170045491,0.9074371323055824,0.9985768295358316,0.9401325087540195,0.0062964651109406
qca,20,QCA_4,78,3.9,0.7321185858389263,0.9081553473735584,0.9985948728101663,0.9405477608506492,0.0062532163218941
qca,20,QCA_4,79,3.95,0.7392582606069105,0.9087345569737778,0.9986096516546176,0.9408784603893964,0.0059512869395368
qca,20,QCA_4,80,4.0,0.7419919421505295,0.9093237178102224,0.9986249157954634,0.9412326914288656,0.0058395810250686
kicked_ising,20,KI_1,0,0.0,-0.0,0.0,0.0,0.0,1.0
kicked_ising,20,KI_1,1,0.05,0.025253743364558164,0.0635698316005259,0.2698533748293409,0.0794346449328009,0.83941873390918
kicked_ising,20,KI_1,2,0.1,0.0415501954857368,0.1062319974133638,0.4006886125820846,0.1420835510427224,0.7497585868058311
kicked_ising,20,KI_1,3,0.1499999999999999,0.060219613795607065,0.1464403967598597,0.5177934683858632,0.1962228091107561,0.6587504110326101
kicked_ising,20,KI_1,4,0.2,0.08043030222077932,0.1900119758765347,0.6191778688908665,0.2492229173737229,0.5726386599124443
kicked_ising,20,KI_1,5,0.25,0.10052130668537548,0.2338623806806491,0.6985405224788175,0.3031536611244974,0.4981965489817288
kicked_ising,20,KI_1,6,0.2999999999999999,0.1207382685779655,0.2762856007686594,0.7614834719028903,0.3563619835122436,0.4330535422335813
kicked_ising,20,KI_1,7,0.3499999999999999,0.1417868597647256,0.3194952495089699,0.8135765647736632,0.4082380348063465,0.3742648336248681
kicked_ising,20,KI_1,8,0.4,0.16331431370371935,0.3653825812901885,0.8556466548060602,0.4603947661614458,0.3223850756310366
kicked_ising,20,KI_1,9,0.45,0.18437664143521132,0.412526007336479,0.8877300490003127,0.5142363262119843,0.2785935159159723
kicked_ising,20,KI_1,10,0.5,0.20469338577993884,0.4583643184439626,0.9117802174297948,0.5691285104216073,0.2419978511703255
kicked_ising,20,KI_1,11,0.55,0.22921757672927354,0.5085408436480455,0.9335197254648075,0.6281668983098093,0.204167372019736
kicked_ising,20,KI_1,12,0.5999999999999999,0.24822879877789877,0.5502235317470469,0.9469977062193996,0.6780359665599079,0.178960365388989
kicked_ising,20,KI_1,13,0.65,0.2592082208068562,0.5839835153893668,0.9545915504972308,0.7225465974071847,0.1658461920094255
kicked_ising,20,KI_1,14,0.6999999999999998,0.24237604077056507,0.5606904551106826,0.9452026639378868,0.7129013780375562,0.1863697467113339
kicked_ising,20,KI_1,15,0.75,0.22555423158687876,0.5401616159236442,0.934690103945207,0.7033816718389092,0.2094180476376902
kicked_ising,20,KI_1,16,0.8,0.21213941093952665,0.505529922308691,0.9227657032439824,0.6627839038520245,0.2298247204062247
kicked_ising,20,KI_1,17,0.8499999999999999,0.19614800045771114,0.4722360310864031,0.9073094385784184,0.6207304962651895,0.2567649163954298
kicked_ising,20,KI_1,18,0.9,0.1784685577718575,0.4374519105834188,0.886635684089559,0.5767651979834056,0.2902392267069759
kicked_ising,20,KI_1,19,0.95,0.15790871919499877,0.3912130975906374,0.8551772111250601,0.5241770723511285,0.334693585805864
kicked_ising,20,KI_1,20,1.0,0.13753457091441776,0.3460990964162882,0.8157419623472411,0.4751169861263552,0.385460328459366
kicked_ising,20,KI_1,21,1.05,0.11883343017386128,0.3069199379112638,0.7698012929230647,0.4307997039010994,0.4388092060188871
kicked_ising,20,KI_1,22,1.1,0.09782972464974707,0.2646073007526176,0.7061659694505411,0.3840444664866115,0.5075784604421993
kicked_ising,20,KI_1,23,1.15,0.08379983657492351,0.2315979652528618,0.6498611486282037,0.3573084835144916,0.5594191842142959
kicked_ising,20,KI_1,24,1.2,0.08330228363439732,0.2307232503917208,0.6477687441680636,0.3567387753588497,0.5613518253579404
kicked_ising,20,KI_1,25,1.25,0.09892010558596706,0.2641656125883156,0.7087619649888987,0.3856788314163556,0.503756671127438
kicked_ising,20,KI_1,26,1.3,0.1034770255929349,0.2748023867742105,0.7234572652401862,0.4048123703717054,0.4880936013751926
kicked_ising,20,KI_1,27,1.35,0.11938563315199598,0.3012168981850394,0.7673768829825278,0.4281937702111103,0.4371328392129675
kicked_ising,20,KI_1,28,1.4,0.1317059648663032,0.3242822396652548,0.7977708325658734,0.4548505870064791,0.4013520999909043
kicked_ising,20,KI_1,29,1.45,0.14853257434347353,0.349491438183537,0.83086955364465,0.4795775570577615,0.3571678815574785
kicked_ising,20,KI_1,30,1.5,0.17307160672815713,0.3963978519583665,0.8733959082704954,0.5199304536118375,0.3013023713788888
kicked_ising,20,KI_1,31,1.55,0.19117561836229643,0.4417910920440145,0.8987760085962673,0.5713349596889973,0.2657688298953457
kicked_ising,20,KI_1,32,1.6,0.2051555800160318,0.4711254517991543,0.9136331260246524,0.6095779359916658,0.241223806526142
kicked_ising,20,KI_1,33,1.65,0.22347032123613944,0.5063554680173967,0.9301469179321448,0.6440454119024032,0.212464953051395
kicked_ising,20,KI_1,34,1.7,0.2305958576491788,0.5283999791045284,0.936192457634418,0.6754656941435854,0.2022261434430012
kicked_ising,20,KI_1,35,1.75,0.23003348117034542,0.5269469288387014,0.935284620638079,0.6757865769039832,0.2030159789342838
kicked_ising,20,KI_1,36,1.8,0.22689243317447208,0.5342056715512775,0.93479848255705,0.6905708272002342,0.2074845285174907
kicked_ising,20,KI_1,37,1.85,0.22006863200282453,0.5247134952054132,0.9297306619211146,0.6879710576017973,0.2175341306959639
kicked_ising,20,KI_1,38,1.9,0.20759952756396313,0.4977032193476044,0.9187719616572108,0.6532577703807287,0.2371718554450784
kicked_ising,20,KI_1,39,1.95,0.1911753109028293,0.4575223186943772,0.9005271779673673,0.6122560998203525,0.2657693962882949
kicked_ising,20,KI_1,40,2.0,0.17148116653453613,0.4202668643937572,0.8747375147180919,0.5727155768785066,0.3046423324405186
kicked_ising,20,KI_1,41,2.05,0.1545698796871093,0.3896139696027106,0.8490284079002259,0.5322254904893271,0.3425297502370704
kicked_ising,20,KI_1,42,2.1,0.13616622683416504,0.3479937218836233,0.8121656921943368,0.482762611804768,0.3891336729319632
kicked_ising,20,KI_1,43,2.15,0.11526024087875868,0.3055699034177648,0.7604589179995505,0.4387901824611317,0.4498131026395779
kicked_ising,20,KI_1,44,2.2,0.09802418235015045,0.2723988575297133,0.7096282036997968,0.3976016141852651,0.5068947674386303
kicked_ising,20,KI_1,45,2.25,0.08468922097277529,0.2382618646946307,0.6572354211619988,0.3592519786396273,0.5559811170709023
kicked_ising,20,KI_1,46,2.3,0.06323590704824614,0.1914236623354591,0.5560300169182413,0.3180453698634336,0.6451206620049472
kicked_ising,20,KI_1,47,2.35,0.052925342066873104,0.1749219637696846,0.5000924032057388,0.3088859161318087,0.6929132165079652
kicked_ising,20,KI_1,48,2.4,0.05496025894435651,0.1844947703271737,0.5151446594714195,0.3206848771771748,0.6832083017547357
kicked_ising,20,KI_1,49,2.45,0.06946522258330136,0.2082797774151261,0.5884527957759805,0.340997575257774,0.6178582407072377
kicked_ising,20,KI_1,50,2.5,0.0703822733757481,0.2147343146784002,0.5943966167687561,0.3535446711722499,0.6139432735132367
kicked_ising,20,KI_1,51,2.55,0.08306490512293495,0.2308823128442996,0.6426945611039903,0.3658048034095587,0.5622762240911481
kicked_ising,20,KI_1,52,2.6,0.09803581434519462,0.2607438458461854,0.6997431244047647,0.3991571119491609,0.5068538997599723
kicked_ising,20,KI_1,53,2.65,0.11254393181364948,0.2865721453399651,0.7430857040392808,0.4294550764504511,0.4583624234319385
kicked_ising,20,KI_1,54,2.7,0.1308146182551129,0.3201051397510225,0.7923453501401376,0.4587909001656586,0.4038394672844158
kicked_ising,20,KI_1,55,2.75,0.14069249817554236,0.3445312713182813,0.8153801899106499,0.4891322968272879,0.3771146281264712
kicked_ising,20,KI_1,56,2.8,0.1565484443349976,0.3723529296047051,0.8443216442914008,0.5259516189760329,0.3378642375913865
kicked_ising,20,KI_1,57,2.85,0.1749554827960156,0.4086614179626991,0.8742006423198224,0.562243805968014,0.297393531239817
kicked_ising,20,KI_1,58,2.9,0.19127669583054135,0.4396906185710255,0.895533053092973,0.597496593047568,0.265582693314173
kicked_ising,20,KI_1,59,2.95,0.21085622681066846,0.4684252314154265,0.9155965510102212,0.6122022520337895,0.231877980644103
kicked_ising,20,KI_1,60,3.0,0.22557853330647465,0.5063164100152202,0.9309468212291856,0.6467454149154005,0.2093827748328296
kicked_ising,20,KI_1,61,3.05,0.22318283972129643,0.5176352831181612,0.9306467973866932,0.6741931948831322,0.2128887476937358
kicked_ising,20,KI_1,62,3.1,0.20626184051878896,0.48896606148004,0.9165754099395468,0.6418812274294373,0.2393811728236092
kicked_ising,20,KI_1,63,3.15,0.1929756701089453,0.4709657795813639,0.9036456844168383,0.6273859883635587,0.26247343120587
kicked_ising,20,KI_1,64,3.2,0.1833214870920057,0.446965969520499,0.8911051654493171,0.6084401072808407,0.2806385548928076
kicked_ising,20,KI_1,65,3.25,0.17266960159614342,0.4255289876371963,0.8765273698334156,0.5957806090148622,0.3021431174116404
kicked_ising,20,KI_1,66,3.3,0.1643663596265565,0.4111844442781788,0.8657051796993054,0.5671437244629995,0.3200427214588188
kicked_ising,20,KI_1,67,3.35,0.15010360898773076,0.3835737735705565,0.84261593227258,0.5270959382774872,0.3532995728605077
kicked_ising,20,KI_1,68,3.4,0.13203721390621342,0.3478215728758379,0.8054144832860111,0.4943328538848453,0.4004316352761965
kicked_ising,20,KI_1,69,3.45,0.12007549246988243,0.3193128720393845,0.7735388272671526,0.4741366413497344,0.4350475730245034
kicked_ising,20,KI_1,70,3.5,0.11205193437357623,0.3050650695795534,0.7524944003544112,0.4641326752528103,0.4599282297872651
kicked_ising,20,KI_1,71,3.55,0.10653149835700541,0.2958402166268555,0.7370836933818091,0.4527897743860475,0.4778683144301054
kicked_ising,20,KI_1,72,3.6,0.10896918479844893,0.3056898668491066,0.746993544233293,0.4636072789278868,0.4698617238638852
kicked_ising,20,KI_1,73,3.65,0.1252089171330172,0.3308403567463272,0.7873238466430329,0.4915825244967295,0.4198397958525643
kicked_ising,20,KI_1,74,3.7,0.13627448887227558,0.3581826431460771,0.8147343446519139,0.5200467252335296,0.3888417706214281
kicked_ising,20,KI_1,75,3.75,0.14511721920015122,0.371117319260828,0.8303814877283165,0.534321573088053,0.3657241517841867
kicked_ising,20,KI_1,76,3.8,0.15947987061656962,0.3965186832356393,0.8561283821814519,0.5543657035410976,0.3310684171124114
kicked_ising,20,KI_1,77,3.85,0.17354538528052357,0.4281154422801488,0.8781534306664206,0.581926308136466,0.3003145225375258
kicked_ising,20,KI_1,78,3.9,0.19177317527361154,0.4621999994261212,0.900889349073635,0.6233437191596809,0.264670305573512
kicked_ising,20,KI_1,79,3.95,0.19793681382312306,0.4799924446991462,0.907842310729109,0.6528669307092868,0.2536009160337396
kicked_ising,20,KI_1,80,4.0,0.20762293190869135,0.488790568532036,0.9158410638370508,0.6563910489733518,0.2371333829925925
kicked_ising,20,KI_2,0,0.0,1.505610456793019e-15,5.5456032850176166e-14,2.089259578852768e-14,2.1894061372153602e-07,0.9999999999999896
kicked_ising,20,KI_2,1,0.05,0.013196183898138624,0.0427766394953862,0.1596955515475762,0.0646046500255014,0.9125896273171952
kicked_ising,20,KI_2,2,0.1,0.048871999654016646,0.1107361231870683,0.4360230800333572,0.1433086455746998,0.7126571087163643
kicked_ising,20,KI_2,3,0.1499999999999999,0.07925229163079986,0.1369328072772965,0.5456992355973334,0.1737660516851561,0.5773335951886022
kicked_ising,20,KI_2,4,0.2,0.13215327942244143,0.2008480616847808,0.7085316785128594,0.2394030002786269,0.4001096156327386
kicked_ising,20,KI_2,5,0.25,0.12281157369668252,0.2225348461595232,0.711211769625265,0.2835793321950477,0.4268746107658318
kicked_ising,20,KI_2,6,0.2999999999999999,0.16999625488578918,0.2813014103218384,0.8073175945621597,0.3454029026223818,0.3077940933066555
kicked_ising,20,KI_2,7,0.3499999999999999,0.18993355400413395,0.3296209289886861,0.8525993244029024,0.4024005702644468,0.2680668003435362
kicked_ising,20,KI_2,8,0.4,0.24144503953164964,0.3821182350703915,0.8971510093146775,0.4604896160925184,0.18757631855088
kicked_ising,20,KI_2,9,0.45,0.2862342995991667,0.4440582384390816,0.9334498113628112,0.5161904056914357,0.1375146286342678
kicked_ising,20,KI_2,10,0.5,0.30292649970643765,0.4884904015270216,0.9477142204875684,0.5667177676252828,0.1224899256606504
kicked_ising,20,KI_2,11,0.55,0.295594297194345,0.5068413257120039,0.9498860031349774,0.6048292193597624,0.1288761340723103
kicked_ising,20,KI_2,12,0.5999999999999999,0.33726706258828393,0.5621056699837906,0.964736139426066,0.6601081980632499,0.0965439305576105
kicked_ising,20,KI_2,13,0.65,0.38513862773370483,0.6248133278443277,0.9767874464139524,0.7238927275658634,0.069281487827844
kicked_ising,20,KI_2,14,0.6999999999999998,0.39678224333397255,0.6235914833626277,0.9768776954549028,0.7256800289615005,0.0639096486677567
kicked_ising,20,KI_2,15,0.75,0.3776802625463044,0.6350991930393308,0.9764526781772188,0.753861546064162,0.0729573619487016
kicked_ising,20,KI_2,16,0.8,0.3980341400084175,0.6339027944796723,0.977911581424585,0.7350203421740387,0.0633574727683665
kicked_ising,20,KI_2,17,0.8499999999999999,0.40129052450921526,0.6453523362970806,0.9788478684774828,0.7524452408850835,0.0619434159580426
kicked_ising,20,KI_2,18,0.9,0.3675884218549018,0.6060892017145934,0.9720626049090568,0.7148822172201998,0.0782435577400264
kicked_ising,20,KI_2,19,0.95,0.36491854098377047,0.5941318638239028,0.9714030471462104,0.6913155440643883,0.079705030425559
kicked_ising,20,KI_2,20,1.0,0.33249663800698354,0.5594604616877968,0.9648883188800784,0.6462791143393296,0.09978962372095
kicked_ising,20,KI_2,21,1.05,0.3375074162743,0.543440852744185,0.9627271826091732,0.6247057451777791,0.096383221814025
kicked_ising,20,KI_2,22,1.1,0.31836426150767544,0.5077514767143304,0.952982214238833,0.5898101104810186,0.1100596373308394
kicked_ising,20,KI_2,23,1.15,0.29021500137501766,0.4682611352146482,0.9365000219927436,0.5586089265456402,0.133772176734079
kicked_ising,20,KI_2,24,1.2,0.2694022058971633,0.4370617486282897,0.9245535181144134,0.5275921648505437,0.1545320447844746
kicked_ising,20,KI_2,25,1.25,0.24543179469080809,0.4235846908159429,0.9153247105235855,0.5177808835806759,0.1824637848011585
kicked_ising,20,KI_2,26,1.3,0.24681451667083204,0.4143575417764561,0.914535005335484,0.5025715623456846,0.180723351177306
kicked_ising,20,KI_2,27,1.35,0.25584594314453263,0.4328474625486907,0.9242007523025524,0.5237568867517132,0.1697567173203404
kicked_ising,20,KI_2,28,1.4,0.2683432126446461,0.4485645658585817,0.9296760419066594,0.5424013084665643,0.1556705423963274
kicked_ising,20,KI_2,29,1.45,0.2763428938714924,0.4723289478683049,0.9376443256737856,0.5693924472942999,0.147273632414584
kicked_ising,20,KI_2,30,1.5,0.3041842895669469,0.5024163432845916,0.9488319967108276,0.600100626609345,0.1214266591516964
kicked_ising,20,KI_2,31,1.55,0.3259199463086334,0.5401906906432414,0.9591052536682672,0.6385586000697521,0.104443928733886
kicked_ising,20,KI_2,32,1.6,0.34250234170260996,0.5644501388563898,0.9655143086207592,0.6674176027906821,0.0931033302312628
kicked_ising,20,KI_2,33,1.65,0.37140552578304575,0.598138038142078,0.97352334617491,0.6879067207044012,0.0762005247059017
kicked_ising,20,KI_2,34,1.7,0.35504152377972437,0.5837404639904406,0.9696937963465,0.6882247768293126,0.0853529461489571
kicked_ising,20,KI_2,35,1.75,0.3709466747528887,0.5854815635394268,0.970859459350158,0.6882099163894125,0.0764432672820294
kicked_ising,20,KI_2,36,1.8,0.3447702007251611,0.5881686823235219,0.9685740607249028,0.7022881233120292,0.0916512261898045
kicked_ising,20,KI_2,37,1.85,0.36478733638163263,0.6003048779084239,0.9713507334188172,0.7180771391279118,0.0797775504195024
kicked_ising,20,KI_2,38,1.9,0.35296650315866374,0.5903541801643843,0.9690532864563836,0.7090877306907319,0.0865894439690462
kicked_ising,20,KI_2,39,1.95,0.33930459746227004,0.5739521102993314,0.9655493737525356,0.683946010094165,0.0951900127458397
kicked_ising,20,KI_2,40,2.0,0.3453334440990048,0.5742192697810953,0.9676845910721892,0.6731953393290183,0.0912941076953051
kicked_ising,20,KI_2,41,2.05,0.344112069062196,0.555103234850485,0.963709745729282,0.6535256538428929,0.0920702777766475
kicked_ising,20,KI_2,42,2.1,0.3240349886181623,0.5368029253374804,0.9581299095798032,0.6394090621527477,0.1058174977962786
kicked_ising,20,KI_2,43,2.15,0.31016213054310227,0.5209222666497892,0.953486742664929,0.6233357855141259,0.1164981293689511
kicked_ising,20,KI_2,44,2.2,0.2896922929427412,0.4841518926024304,0.9420257612507236,0.5864155737684885,0.1342577309767681
kicked_ising,20,KI_2,45,2.25,0.2857981112739086,0.4652221640189785,0.9369964351499988,0.5609057648157105,0.137931023238333
kicked_ising,20,KI_2,46,2.3,0.2812457447845431,0.457989876645949,0.9332721359844036,0.5472700283259825,0.1423527779644673
kicked_ising,20,KI_2,47,2.35,0.25848419596395666,0.4258066167608379,0.9192642973562184,0.51561824512043,0.1666805927002451
kicked_ising,20,KI_2,48,2.4,0.2382254969634297,0.4026820926360875,0.9013644707285356,0.4984001499354412,0.1918093602517283
kicked_ising,20,KI_2,49,2.45,0.23491018365065544,0.3874248673043517,0.893551941435784,0.4837629413723064,0.1962681750628294
kicked_ising,20,KI_2,50,2.5,0.22444869793167482,0.3933667477091163,0.8965325296263569,0.4848779664894464,0.2110289773513096
kicked_ising,20,KI_2,51,2.55,0.20328216776846547,0.3864756098433266,0.8827754342282372,0.4887843378005565,0.2443766455716229
kicked_ising,20,KI_2,52,2.6,0.19385482678646976,0.3845637297313179,0.8784931275593975,0.4937463309099496,0.2608788211515007
kicked_ising,20,KI_2,53,2.65,0.20256071656382563,0.3927348942724239,0.8847659255156756,0.5084845386009504,0.2456017651151155
kicked_ising,20,KI_2,54,2.7,0.20374522343493112,0.4157159632091497,0.8969451553669324,0.5292125265125222,0.2435935377142781
kicked_ising,20,KI_2,55,2.75,0.23062484709011571,0.44160439110843,0.914343074051082,0.558393722556836,0.2021855123067013
kicked_ising,20,KI_2,56,2.8,0.23216308886807804,0.4401123322487541,0.9149750175281276,0.5572502656301264,0.2000412057730338
kicked_ising,20,KI_2,57,2.85,0.2630231103115909,0.4851575905663536,0.9366008253048989,0.5957896528759166,0.161518228398866
kicked_ising,20,KI_2,58,2.9,0.27993533691906014,0.5003174740023855,0.9404867086711716,0.6166078780887994,0.1436516661070931
kicked_ising,20,KI_2,59,2.95,0.28844081032240726,0.5226816157659545,0.9498141156825252,0.6376706838410892,0.1354274313209542
kicked_ising,20,KI_2,60,3.0,0.2992332568060229,0.5592813665570002,0.9579231150272604,0.6816849566332746,0.1256661008353747
kicked_ising,20,KI_2,61,3.05,0.326120504351709,0.5766225213078481,0.9641835774688656,0.6966673259961224,0.1042988355839512
kicked_ising,20,KI_2,62,3.1,0.3297847400532393,0.5712990212596601,0.9647641980299392,0.6824251993347503,0.1016831546205999
kicked_ising,20,KI_2,63,3.15,0.32268523265703986,0.572519587443365,0.9638853178245544,0.6884654165324068,0.1068121502815745
kicked_ising,20,KI_2,64,3.2,0.35614367843309497,0.5958642552503931,0.9700348584358376,0.7063657767933064,0.0847033721030925
kicked_ising,20,KI_2,65,3.25,0.34700581299671585,0.5991150799334665,0.9698235040849192,0.7136945709696667,0.0902419385625063
kicked_ising,20,KI_2,66,3.3,0.3538447278382987,0.581255024221763,0.9683722284822384,0.695032783751973,0.0860639413801144
kicked_ising,20,KI_2,67,3.35,0.32693376205518476,0.570659546621588,0.9629485563596843,0.6960842565744191,0.1037125494716687
kicked_ising,20,KI_2,68,3.4,0.31852956803727245,0.5435838440549526,0.9567572013699662,0.6686638303284173,0.1099336012878733
kicked_ising,20,KI_2,69,3.45,0.30634151149245875,0.5214200088696093,0.9501155817091936,0.6469718658137222,0.1196245070759536
kicked_ising,20,KI_2,70,3.5,0.3113688491916412,0.5239565870200596,0.9518561482893558,0.644577954251982,0.1155277637274666
kicked_ising,20,KI_2,71,3.55,0.28448356138911207,0.5080172093428739,0.9441582298165532,0.6323504750375863,0.1391935616139091
kicked_ising,20,KI_2,72,3.6,0.2665753845180647,0.4871797347626422,0.9371967891629917,0.6056539319183506,0.1575898098668907
kicked_ising,20,KI_2,73,3.65,0.2540716332391259,0.4725767503454996,0.9286974404722405,0.5985922008948659,0.1718573748065548
kicked_ising,20,KI_2,74,3.7,0.2425756597948859,0.4644292302664286,0.9267898811605544,0.5863854941684786,0.1861120538530515
kicked_ising,20,KI_2,75,3.75,0.2433384030833011,0.4831507166369173,0.9294723535182629,0.6083884625082748,0.1851306882756598
kicked_ising,20,KI_2,76,3.8,0.2650347336216786,0.4779928020203893,0.9305094560089898,0.6040438162422207,0.1592817259073772
kicked_ising,20,KI_2,77,3.85,0.26671129426838863,0.5007265882569614,0.9391983756976294,0.6263253667818501,0.1574414215671167
kicked_ising,20,KI_2,78,3.9,0.2872142864248792,0.5188350466533734,0.9460871332329742,0.6461623821843878,0.1365836913879523
kicked_ising,20,KI_2,79,3.95,0.3014249434816233,0.5424186512741158,0.9529367297384792,0.6685871913078929,0.1237714576705143
kicked_ising,20,KI_2,80,4.0,0.3136937963233549,0.5610909225089317,0.9583859181738332,0.6859950445373773,0.1136809197188577
kicked_ising,20,KI_3,0,0.0,-0.0,0.0,0.0,0.0,1.0
kicked_ising,20,KI_3,1,0.05,0.02525374336455753,0.0635698316005046,0.2698533748293345,0.0794346343451809,0.8394187339091836
kicked_ising,20,KI_3,2,0.1,0.035180072768505426,0.1012113014969533,0.3634779606333408,0.1405009329643643,0.7836054150065191
kicked_ising,20,KI_3,3,0.1499999999999999,0.061746333695323216,0.1416361239351516,0.5121331967334334,0.1932859566034868,0.6518159963266975
kicked_ising,20,KI_3,4,0.2,0.0820860830775557,0.1818767432001743,0.6143974529406931,0.242134509575671,0.5661040575110152
kicked_ising,20,KI_3,5,0.25,0.09837400024039623,0.2227454188446431,0.6882395546170563,0.2906430707634897,0.505667161831574
kicked_ising,20,KI_3,6,0.2999999999999999,0.11322373729462483,0.2615370673998954,0.7431419801817892,0.3383069712282684,0.4562076762452498
kicked_ising,20,KI_3,7,0.3499999999999999,0.12730857546530386,0.3009412004973671,0.7881708162349259,0.3856308940796034,0.4137738123461145
kicked_ising,20,KI_3,8,0.4,0.14177731172029467,0.3407677512490527,0.82482627885757,0.4336200855757961,0.3742896040400447
kicked_ising,20,KI_3,9,0.45,0.15975827517888436,0.3802068549290157,0.858393699584238,0.4810927795599371,0.3304301527618502
kicked_ising,20,KI_3,10,0.5,0.17961941359833075,0.4196949875410114,0.88704437597688,0.5279506988973992,0.2879331623091929
kicked_ising,20,KI_3,11,0.55,0.19819388333621452,0.4588546345436563,0.9090997384264448,0.5743698048688854,0.2531494345088406
kicked_ising,20,KI_3,12,0.5999999999999999,0.21658655676051394,0.4985057822330176,0.9272909421456356,0.6196458640636131,0.2228483883395195
kicked_ising,20,KI_3,13,0.65,0.23043209026128553,0.5367033787502506,0.9402411919268724,0.6617982237907503,0.2024558305938567
kicked_ising,20,KI_3,14,0.6999999999999998,0.24655025698842792,0.5746277652723166,0.9516759019433424,0.7009412052048004,0.1810546870453917
kicked_ising,20,KI_3,15,0.75,0.2623990635432873,0.6106589939677762,0.9607049862852428,0.736293476564503,0.1622183988273872
kicked_ising,20,KI_3,16,0.8,0.2817543700575512,0.6451679535298345,0.968505487545294,0.7677135738741101,0.1418517937852938
kicked_ising,20,KI_3,17,0.8499999999999999,0.3004145505929933,0.6776064896001738,0.9748327402953046,0.7950776724837662,0.1246413348308188
kicked_ising,20,KI_3,18,0.9,0.3224248312035287,0.7057728324610854,0.979641066975876,0.818162877822561,0.1070051166063665
kicked_ising,20,KI_3,19,0.95,0.34039741282278924,0.7313611964720804,0.9833345305350928,0.8374440549003562,0.0944716896602727
kicked_ising,20,KI_3,20,1.0,0.3590811824475083,0.7538952353794077,0.98622309575975,0.8533979528726701,0.0829961471571606
kicked_ising,20,KI_3,21,1.05,0.37650463911111226,0.7735330335301853,0.9883928783623496,0.8667211997481219,0.0735543058356047
kicked_ising,20,KI_3,22,1.1,0.39386415795472435,0.7913722527863486,0.990269214265432,0.8779710104444365,0.0652154870966028
kicked_ising,20,KI_3,23,1.15,0.40971777808038023,0.8072233759737942,0.9918082470751236,0.8874580567570965,0.0584287493425358
kicked_ising,20,KI_3,24,1.2,0.4262134103947699,0.820865133962895,0.993072936748298,0.8952691082425108,0.0521158456494031
kicked_ising,20,KI_3,25,1.25,0.43903686848648416,0.8318040537022197,0.9939426189034,0.9015497531613488,0.0476834130895632
kicked_ising,20,KI_3,26,1.3,0.44711936118697493,0.8410493479883348,0.9945885039902258,0.9068336442798852,0.0450854705196644
kicked_ising,20,KI_3,27,1.35,0.4562287202044688,0.849018832534988,0.995125442257333,0.9112511445733272,0.0423267285866443
kicked_ising,20,KI_3,28,1.4,0.4642545770915584,0.8563475207458151,0.9955671656235668,0.9153247190408746,0.0400363490311548
kicked_ising,20,KI_3,29,1.45,0.4761058163185872,0.86280507737409,0.9960218657251352,0.9187587354131814,0.0368789614000478
kicked_ising,20,KI_3,30,1.5,0.48515324694238504,0.8685588959732448,0.9963874611829108,0.9217275394342171,0.0346372338539843
kicked_ising,20,KI_3,31,1.55,0.4988279651022851,0.8737422059287216,0.996746395239866,0.9243010775387152,0.0315049067339043
kicked_ising,20,KI_3,32,1.6,0.5068924500513978,0.878178267322412,0.9969956556722324,0.926606826587219,0.0297921385892799
kicked_ising,20,KI_3,33,1.65,0.5182372648625682,0.8820368457224127,0.9972184691834444,0.9285829067380064,0.0275391406463183
kicked_ising,20,KI_3,34,1.7,0.524208876290964,0.8852258382228231,0.9973737892618892,0.930267419522895,0.0264225082656194
kicked_ising,20,KI_3,35,1.75,0.5303054506231244,0.8883016662692405,0.997519894950142,0.9318938732342468,0.0253292030197588
kicked_ising,20,KI_3,36,1.8,0.53165477587624,0.8909465227003865,0.9976285426570072,0.9333069419837404,0.025093408188732
kicked_ising,20,KI_3,37,1.85,0.5374711657957914,0.8936010266919645,0.9977583633565076,0.9346519787996096,0.0241018607472588
kicked_ising,20,KI_3,38,1.9,0.5458985014331261,0.8959985638638,0.9978827318654644,0.9358195883598672,0.0227343093280676
kicked_ising,20,KI_3,39,1.95,0.5536301347248666,0.8982035040096914,0.997986643570078,0.936974253847652,0.0215480130276707
kicked_ising,20,KI_3,40,2.0,0.5592864272442551,0.9001443534884169,0.9980708474245112,0.937968814628284,0.0207195391901041
kicked_ising,20,KI_3,41,2.05,0.5636334052054004,0.9018238769116952,0.99814014940312,0.9388751214064864,0.0201045512967448
kicked_ising,20,KI_3,42,2.1,0.566837938080945,0.9034172799515532,0.9982022073421132,0.939674865741296,0.0196629094649239
kicked_ising,20,KI_3,43,2.15,0.5695193177272782,0.9047561913132192,0.99825437407778,0.9403898042289291,0.0193008316452758
kicked_ising,20,KI_3,44,2.2,0.5723428240491734,0.9061921999058172,0.9983065370780136,0.9411785109610667,0.0189267663834242
kicked_ising,20,KI_3,45,2.25,0.5768728420897802,0.907444846994907,0.9983559528794016,0.9418338169529956,0.0183417051819398
kicked_ising,20,KI_3,46,2.3,0.5824818082297716,0.9087008962978906,0.9984075960231308,0.942454569342258,0.0176422933029165
kicked_ising,20,KI_3,47,2.35,0.5902055355650926,0.9097743729191105,0.998454815285238,0.94302737485491,0.0167226192601706
kicked_ising,20,KI_3,48,2.4,0.5972510663252588,0.9108840000382564,0.9985004925672027,0.9435804616996476,0.0159255757059427
kicked_ising,20,KI_3,49,2.45,0.6045024897529044,0.9118359410893576,0.998540977453354,0.9440407785136152,0.0151448920220781
kicked_ising,20,KI_3,50,2.5,0.6103510669893321,0.9127663972218236,0.99857482861947,0.944551413082386,0.0145432077981579
kicked_ising,20,KI_3,51,2.55,0.6157459434376911,0.913594185970382,0.998603888526716,0.9450032913011956,0.0140094154068766
kicked_ising,20,KI_3,52,2.6,0.6223259251385265,0.91425779963417,0.9986286355371669,0.9453428088655954,0.0133848125847901
kicked_ising,20,KI_3,53,2.65,0.6283425063551229,0.9150566943474172,0.998657292534952,0.9457387923104668,0.0128380948607474
kicked_ising,20,KI_3,54,2.7,0.635234218680058,0.9158104188372016,0.9986820000848322,0.9461728379964722,0.0122392402276029
kicked_ising,20,KI_3,55,2.75,0.644159997492409,0.9163811713066844,0.9987064194970346,0.9464367745408871,0.0115049619712191
kicked_ising,20,KI_3,56,2.8,0.6509921612027275,0.917117563858873,0.9987302421476096,0.9468393171111276,0.0109728217772189
kicked_ising,20,KI_3,57,2.85,0.6551180460409853,0.9176909436529276,0.9987477833607484,0.947165645942014,0.0106634607419079
kicked_ising,20,KI_3,58,2.9,0.6623526846008264,0.918319495323572,0.9987667334351774,0.947496244987717,0.010141909766374
kicked_ising,20,KI_3,59,2.95,0.6682821452672316,0.9188437558560878,0.9987834758837356,0.9477774442104664,0.0097335281019166
kicked_ising,20,KI_3,60,3.0,0.6756382067083965,0.91920778285675,0.9987970865992972,0.947923191689434,0.0092496720643864
kicked_ising,20,KI_3,61,3.05,0.6821810559650988,0.9197001255349836,0.9988119955538396,0.9481950463287088,0.0088395548871191
kicked_ising,20,KI_3,62,3.1,0.685822501266427,0.9200815905661804,0.9988225907048418,0.9484345999797548,0.0086192316744466
kicked_ising,20,KI_3,63,3.15,0.6916377584382375,0.92055167841363,0.9988358927447408,0.9486797052571172,0.0082787141188364
kicked_ising,20,KI_3,64,3.2,0.6988142808556496,0.9209044563659232,0.9988479984916,0.9488503417209708,0.007876973794523
kicked_ising,20,KI_3,65,3.25,0.7042440628833295,0.921390010434664,0.9988600429687572,0.9491569478115972,0.0075860225272584
kicked_ising,20,KI_3,66,3.3,0.714325946177513,0.9217763912322628,0.9988722338586528,0.9493372773149584,0.0070739931542195
kicked_ising,20,KI_3,67,3.35,0.7154718537391963,0.9221613008302812,0.9988823147962934,0.9495449300365112,0.0070180282119107
kicked_ising,20,KI_3,68,3.4,0.7219121819667156,0.9225430049048248,0.9988924363481853,0.9497697494570164,0.006711626651331
kicked_ising,20,KI_3,69,3.45,0.7225651353047622,0.9227380567715512,0.9988988586994528,0.9498259034378164,0.0066813189516362
kicked_ising,20,KI_3,70,3.5,0.7316203699756813,0.9230460058994744,0.9989070039007146,0.950033844059156,0.0062748483167328
kicked_ising,20,KI_3,71,3.55,0.7309158309033954,0.9232900083023992,0.9989132873310328,0.9501323145553896,0.0063055664375897
kicked_ising,20,KI_3,72,3.6,0.7360014649966957,0.9234893362374516,0.9989196191891064,0.95022540013477,0.0060871614656957
kicked_ising,20,KI_3,73,3.65,0.7417991866602527,0.9237554349995324,0.9989263965599308,0.950402759520206,0.0058473883825456
kicked_ising,20,KI_3,74,3.7,0.7446284930229762,0.9238967392185076,0.9989312451839764,0.9504456504429653,0.0057338308866857
kicked_ising,20,KI_3,75,3.75,0.7463193448556349,0.9241025268931384,0.9989361163327692,0.9505778007257802,0.0056670221294196
kicked_ising,20,KI_3,76,3.8,0.7505555216804044,0.9243627964804002,0.998942617117154,0.9507128925154456,0.0055030409636029
kicked_ising,20,KI_3,77,3.85,0.7552153768238592,0.9245639240078752,0.9989469372404108,0.9508345171382796,0.0053281345557266
kicked_ising,20,KI_3,78,3.9,0.7582267781763595,0.9247558136875628,0.9989519692043712,0.9509214137697772,0.0052180707413629
kicked_ising,20,KI_3,79,3.95,0.7599792138374738,0.9250252705708988,0.9989574888400664,0.9511264241128532,0.0051550704588005
kicked_ising,20,KI_3,80,4.0,0.7649411806494695,0.9251144611470388,0.9989606012114166,0.9511395670224748,0.0049807827249379
kicked_ising,20,KI_4,0,0.0,1.153233541373375e-15,4.3818350587574e-14,1.6225100984707662e-14,2.582664375962865e-07,0.999999999999992
kicked_ising,20,KI_4,1,0.05,0.017826493741122152,0.0518440123350464,0.2056493397841598,0.0714588420224664,0.883765220967993
kicked_ising,20,KI_4,2,0.1,0.06919730789041792,0.114943802227937,0.4952685911729535,0.1408626724139659,0.6190066961502557
kicked_ising,20,KI_4,3,0.1499999999999999,0.0844756397274272,0.1604476471410314,0.5975653253961981,0.1980487313249944,0.5568048190865958
kicked_ising,20,KI_4,4,0.2,0.1029144412441643,0.2012852912441442,0.6798786737972091,0.2469796007615386,0.490000656602654
kicked_ising,20,KI_4,5,0.25,0.13287783793680713,0.2448943976021147,0.7576984318558502,0.2971869772525545,0.3981051999078262
kicked_ising,20,KI_4,6,0.2999999999999999,0.17608587626559838,0.2905322251944706,0.8203049033129954,0.3466571502216336,0.2950724715036379
kicked_ising,20,KI_4,7,0.3499999999999999,0.18548335655979148,0.3273798930738173,0.8523339489946917,0.3936928222155051,0.2764645554192846
kicked_ising,20,KI_4,8,0.4,0.20761683314729212,0.3671583242027123,0.884813626137897,0.4395191696768575,0.2371434076370975
kicked_ising,20,KI_4,9,0.45,0.2415724758149007,0.4135343087033973,0.9141304103556688,0.4895973079101388,0.1874107016060142
kicked_ising,20,KI_4,10,0.5,0.28120979847809724,0.4581420439657698,0.9364683883613248,0.5387605852120239,0.1423882511169563
kicked_ising,20,KI_4,11,0.55,0.31832724477277846,0.5021853867030311,0.9526881841134768,0.5855872926622705,0.1100878801057
kicked_ising,20,KI_4,12,0.5999999999999999,0.34648401937368306,0.5482062985711577,0.9650588264780288,0.6351687371907992,0.0905689163559797
kicked_ising,20,KI_4,13,0.65,0.38175498745993897,0.5910690863131676,0.973698438852129,0.6809693006041035,0.0709255933654069
kicked_ising,20,KI_4,14,0.6999999999999998,0.41771487541289404,0.6337928722822396,0.980410976985935,0.7246991319134807,0.0552780772744595
kicked_ising,20,KI_4,15,0.75,0.44339848782473856,0.6752322455700622,0.9853550896876332,0.7648846153777622,0.0462634004744274
kicked_ising,20,KI_4,16,0.8,0.48005358670106313,0.7141845896173479,0.9889741206792076,0.8005063858303909,0.0358834927434065
kicked_ising,20,KI_4,17,0.8499999999999999,0.5082645713723843,0.7500572133858373,0.9917138424052157,0.8308155672646542,0.0295101340870906
kicked_ising,20,KI_4,18,0.9,0.538875031525083,0.7816061677797727,0.9936211745644182,0.8560995976338761,0.0238684664226229
kicked_ising,20,KI_4,19,0.95,0.566372726134454,0.8084559799224899,0.9949908147591652,0.8764054649954792,0.0197264168895244
kicked_ising,20,KI_4,20,1.0,0.5859451758274614,0.8312541082390847,0.9960036749266415,0.8924521984514667,0.0172238114506793
kicked_ising,20,KI_4,21,1.05,0.6106506140356508,0.8500501613412782,0.9967372207411372,0.9051650180618256,0.014513043034502
kicked_ising,20,KI_4,22,1.1,0.6401183089708524,0.8662401796376835,0.9973241446269372,0.9155126316565052,0.011831828942394
kicked_ising,20,KI_4,23,1.15,0.6652942820585694,0.8790961495483168,0.9977451044504636,0.9235410472216328,0.0099372142064411
kicked_ising,20,KI_4,24,1.2,0.6855214392694198,0.8893048816272608,0.9980569795146556,0.92976280283338,0.0086372370910983
kicked_ising,20,KI_4,25,1.25,0.7053408690489941,0.8974093250895984,0.99828726163414,0.9346405160287669,0.0075285686079175
kicked_ising,20,KI_4,26,1.3,0.721851604115615,0.90355453737639,0.9984504216853388,0.9383182053426268,0.0067144454126054
kicked_ising,20,KI_4,27,1.35,0.7393827408274845,0.9085287831568007,0.9985789139120448,0.941276495832194,0.0059461541985095
kicked_ising,20,KI_4,28,1.4,0.7489734027851938,0.9125083437041304,0.9986768571510952,0.9436300399080718,0.0055637216977473
kicked_ising,20,KI_4,29,1.45,0.7606488677924428,0.9155068575271128,0.9987487309273152,0.9453892618266956,0.0051311976804976
kicked_ising,20,KI_4,30,1.5,0.7684756018612264,0.9179174492722044,0.9988038575469048,0.9468540090032156,0.0048602423911454
kicked_ising,20,KI_4,31,1.55,0.7730109891580534,0.919813136503872,0.998848210747498,0.9479223499662444,0.0047098280607555
kicked_ising,20,KI_4,32,1.6,0.7787484337191952,0.9212492209714196,0.9988812270591044,0.9487678306071232,0.0045261987853414
kicked_ising,20,KI_4,33,1.65,0.7818425437261579,0.922340764025164,0.998903905305562,0.9494379590714396,0.0044301601326381
kicked_ising,20,KI_4,34,1.7,0.7861706508254349,0.9232606699733988,0.9989247060016055,0.9499715223940636,0.0042992284587207
kicked_ising,20,KI_4,35,1.75,0.7892422695256636,0.9239576351575312,0.998940239776924,0.9503748265160572,0.004208661821233
kicked_ising,20,KI_4,36,1.8,0.7902770669537529,0.9245722471805832,0.9989531212408084,0.9507448118480843,0.0041785824857455
kicked_ising,20,KI_4,37,1.85,0.7921611820326554,0.9249667708532016,0.9989605786010844,0.951001814574036,0.004124366285522
kicked_ising,20,KI_4,38,1.9,0.7937071592584142,0.9253786958216276,0.9989704533349352,0.951222750769978,0.0040804059567917
kicked_ising,20,KI_4,39,1.95,0.7950562043499787,0.9257223226250236,0.9989775956058072,0.9514415950081438,0.0040424284572532
kicked_ising,20,KI_4,40,2.0,0.7963760921537484,0.9260047781117764,0.9989832811983862,0.9516401821489812,0.0040056138895677
kicked_ising,20,KI_4,41,2.05,0.7951820179590775,0.9262029384139076,0.9989882042091076,0.9517375982996455,0.004038904699295
kicked_ising,20,KI_4,42,2.1,0.7967490422045211,0.9263138843560728,0.998989767206614,0.9518006050609684,0.0039952723787366
kicked_ising,20,KI_4,43,2.15,0.7976377090423103,0.9265928193676032,0.998995996279526,0.9519660024652324,0.0039707380637024
kicked_ising,20,KI_4,44,2.2,0.7987305309168172,0.9267822462684758,0.9990005587887124,0.952045583946408,0.0039407738933765
kicked_ising,20,KI_4,45,2.25,0.7996352204023385,0.9268897395052038,0.999002209754984,0.9521383605865334,0.0039161392919765
kicked_ising,20,KI_4,46,2.3,0.7986543978119178,0.926961364615584,0.9990036104307716,0.9521697059612084,0.0039428540455983
kicked_ising,20,KI_4,47,2.35,0.799237845107194,0.9270021042923264,0.9990051728388156,0.9521832932684228,0.0039269407579514
kicked_ising,20,KI_4,48,2.4,0.7999648579566875,0.9271113845434616,0.9990068950734708,0.952261096926675,0.0039072016240309
kicked_ising,20,KI_4,49,2.45,0.7994253376031742,0.9272295516936964,0.9990089169045864,0.9523470375154398,0.0039218406246488
kicked_ising,20,KI_4,50,2.5,0.8006375214434966,0.9270493554659198,0.9990067328383244,0.9522160858929936,0.0038890265130286
kicked_ising,20,KI_4,51,2.55,0.7992985869525276,0.9272252004981276,0.9990093542047777,0.9523279698531376,0.0039252877445679
kicked_ising,20,KI_4,52,2.6,0.8017020270393702,0.9271950985271876,0.9990087466190338,0.952309470314868,0.0038604365852458
kicked_ising,20,KI_4,53,2.65,0.8005883838763006,0.9273443088595508,0.9990117816512148,0.9524105861342153,0.0038903513241865
kicked_ising,20,KI_4,54,2.7,0.7978771904141901,0.9273303838122022,0.9990117618337157,0.9523932201155556,0.0039641522713729
kicked_ising,20,KI_4,55,2.75,0.7997349048245828,0.927390594426758,0.9990127198947848,0.952427202628898,0.0039134343319193
kicked_ising,20,KI_4,56,2.8,0.8003884849316959,0.9273963053523512,0.9990131931957988,0.9524359294542496,0.003895745507455
kicked_ising,20,KI_4,57,2.85,0.8011337661152206,0.9274450596254304,0.999014033280459,0.952455707048373,0.0038756723856915
kicked_ising,20,KI_4,58,2.9,0.8006912698935531,0.9274523772049128,0.9990138175609324,0.9524645782891769,0.0038875779032483
kicked_ising,20,KI_4,59,2.95,0.8001918218924639,0.9274388360015896,0.9990138331123588,0.9524616712660268,0.0039010596699134
kicked_ising,20,KI_4,60,3.0,0.8000713316483081,0.9274850844004124,0.9990150648189584,0.9524568047926444,0.003904319097277
kicked_ising,20,KI_4,61,3.05,0.8014472089554522,0.9274733103426532,0.9990145225750704,0.9524521264028804,0.0038672611620459
kicked_ising,20,KI_4,62,3.1,0.7991907360864853,0.9275132226609146,0.9990148830064834,0.9525049639650132,0.003928223250336
kicked_ising,20,KI_4,63,3.15,0.8017566647957709,0.9275089153041582,0.9990146949829982,0.952510480326766,0.0038589748372538
kicked_ising,20,KI_4,64,3.2,0.8003752305281514,0.9275263419811336,0.9990163355928936,0.952486369217492,0.0038961034358711
kicked_ising,20,KI_4,65,3.25,0.8008846555189765,0.9276178912694684,0.9990174190485736,0.9525605208049625,0.0038823703021073
kicked_ising,20,KI_4,66,3.3,0.8007729856808092,0.927610056778446,0.9990171846558809,0.9525565318299632,0.003885376561113
kicked_ising,20,KI_4,67,3.35,0.8026009230442718,0.9276355438042486,0.999018019072984,0.9525635683999344,0.0038364582480469
kicked_ising,20,KI_4,68,3.4,0.8004379597742854,0.9276553519435838,0.9990176865165564,0.9525954121199292,0.0038944097549548
kicked_ising,20,KI_4,69,3.45,0.8013610029924629,0.9277381492339836,0.9990184670398128,0.9526776138233508,0.0038695726733928
kicked_ising,20,KI_4,70,3.5,0.8001483627472435,0.927702625464952,0.9990187710716234,0.9526109525289052,0.0039022349859139
kicked_ising,20,KI_4,71,3.55,0.8006183516895204,0.927639867819219,0.9990175392996322,0.9525740988187285,0.0038895433002399
kicked_ising,20,KI_4,72,3.6,0.8018900053015278,0.9276408934567174,0.999017840541958,0.9525626893030852,0.0038554098430849
kicked_ising,20,KI_4,73,3.65,0.8002921531822667,0.9275918645501424,0.9990173639644736,0.952536950739116,0.0038983476464364
kicked_ising,20,KI_4,74,3.7,0.8015034227834299,0.9276507630245864,0.9990181163614844,0.9525941091365434,0.0038657545982889
kicked_ising,20,KI_4,75,3.75,0.8024945041819411,0.9276301310591798,0.9990184757895518,0.9525637555001664,0.0038392892145794
kicked_ising,20,KI_4,76,3.8,0.8017789727773135,0.9277040910884342,0.999018969568325,0.9526491135111392,0.0038583781811225
kicked_ising,20,KI_4,77,3.85,0.8009879102894517,0.9276732641975508,0.9990187210022364,0.952583387440646,0.0038795926545567
kicked_ising,20,KI_4,78,3.9,0.8006749437126504,0.927827928399616,0.9990215610819798,0.9526901511853364,0.0038880178638061
kicked_ising,20,KI_4,79,3.95,0.8003594696917867,0.927636625857478,0.9990180460195516,0.9525584749481044,0.0038965290920303
kicked_ising,20,KI_4,80,4.0,0.8000078776408731,0.927669597492482,0.9990183312759748,0.952608583233513,0.0039060367103326
quantum_baker,20,QB_1,0,0.0,-0.0,0.0,0.0,0.0,1.0
quantum_baker,20,QB_1,1,0.05,7.821642743729834e-05,0.000686144119323,0.0010845248497684,0.0082899920322743,0.999457991977929
quantum_baker,20,QB_1,2,0.1,0.00011435468691707938,0.0009590867246057,0.0015850325685008,0.0102285307070499,0.99920766777288
quantum_baker,20,QB_1,3,0.1499999999999999,0.0015247928962786126,0.0086916452415475,0.0208348527578051,0.0333908941695551,0.9894865972831728
quantum_baker,20,QB_1,4,0.2,0.0015879181909630284,0.0090658509685082,0.0216871479833842,0.0349712956349007,0.989053740940138
quantum_baker,20,QB_1,5,0.25,0.0017329949588170287,0.0097896716826907,0.0236368560733888,0.0368957789423806,0.988059652832295
quantum_baker,20,QB_1,6,0.2999999999999999,0.0021297156178851392,0.0115647920124788,0.0289326216034325,0.0403043289595469,0.9853463613222304
quantum_baker,20,QB_1,7,0.3499999999999999,0.0039102510567895375,0.0187140498541846,0.0521835691039388,0.0520534056625186,0.9732602167830872
quantum_baker,20,QB_1,8,0.4,0.009504221053686892,0.036450528980103,0.1199741685520621,0.0739322455791096,0.9362448542744988
quantum_baker,20,QB_1,9,0.45,0.014464096353708631,0.0475159590413608,0.1733397834948649,0.0822255818264358,0.9046044740443324
quantum_baker,20,QB_1,10,0.5,0.03530032388973759,0.0826299723421971,0.345152333269258,0.114605730954799,0.7829525385006089
quantum_baker,20,QB_1,11,0.55,0.00967440012849003,0.0357418072880823,0.121587739345701,0.0729385885189381,0.9351411189473204
quantum_baker,20,QB_1,12,0.5999999999999999,0.002564720315838844,0.01334809571129,0.0346815726403846,0.045602190238766,0.9823797971819682
quantum_baker,20,QB_1,13,0.65,0.0021283679743237124,0.0126548250797884,0.0289863610661747,0.0525912181518281,0.9853555656366838
quantum_baker,20,QB_1,14,0.6999999999999998,0.0017387521949635732,0.0102667520647912,0.023731992949077,0.0447814266705165,0.9880202239919256
quantum_baker,20,QB_1,15,0.75,0.0017705566181001324,0.01013758921633,0.0241456028927236,0.0418049899474889,0.9878024374953576
quantum_baker,20,QB_1,16,0.8,0.002139021187820567,0.0116616023051881,0.0290579464382972,0.0427342145880939,0.9852828072549504
quantum_baker,20,QB_1,17,0.8499999999999999,0.003912563859850305,0.0187391521394449,0.0522138787388274,0.0532020875276179,0.9732446144478611
quantum_baker,20,QB_1,18,0.9,0.009504653515177037,0.0364554457943295,0.1199794946330477,0.0744161252293973,0.9362420477961614
quantum_baker,20,QB_1,19,0.95,0.01446421518946792,0.0475163829217511,0.1733410435094253,0.0823838810701205,0.9046037289158596
quantum_baker,20,QB_1,20,1.0,0.03530071493292484,0.0826334353396988,0.345155078910781,0.1150249923078829,0.7829504163068499
quantum_baker,20,QB_1,21,1.05,0.009674768536700924,0.0357662004421906,0.1215922649086572,0.0745977622458526,0.935138730963603
quantum_baker,20,QB_1,22,1.1,0.0025653791884027192,0.0134008118479057,0.0346905931465059,0.0485950643585121,0.9823753107063146
quantum_baker,20,QB_1,23,1.15,0.0021300800251513345,0.0127815133635016,0.0290120908492025,0.0566506440418172,0.985343872459996
quantum_baker,20,QB_1,24,1.2,0.0017417942644177384,0.0105399333371582,0.0237824113132969,0.050714457557069,0.987999390798699
quantum_baker,20,QB_1,25,1.25,0.0017710048423462705,0.0105731449241374,0.0241693890248098,0.0495784881912232,0.9877993685424428
quantum_baker,20,QB_1,26,1.3,0.0021255304773209064,0.0123920517714941,0.0289253783106047,0.0527561120564929,0.9853749458305604
quantum_baker,20,QB_1,27,1.35,0.0038288520892305208,0.0197752583938929,0.0512827717408297,0.0652179888203796,0.9738094993964118
quantum_baker,20,QB_1,28,1.4,0.009354367986865415,0.039811604250848,0.1193341531039997,0.0924094088815018,0.9372178391985277
quantum_baker,20,QB_1,29,1.45,0.01262956305340785,0.0475286361874344,0.1556682635274196,0.0977336677354475,0.9161808858007556
quantum_baker,20,QB_1,30,1.5,0.03148310603675353,0.0796806337566787,0.3206150651801906,0.1229155692519537,0.80394512722981
quantum_baker,20,QB_1,31,1.55,0.009564190395229046,0.0424758306444047,0.1220979120391564,0.1083464267986434,0.935855760819578
quantum_baker,20,QB_1,32,1.6,0.013139623614077769,0.0507351036082328,0.1615657491736892,0.11506332195582,0.9129474745849764
quantum_baker,20,QB_1,33,1.65,0.022529632571537513,0.0721216415318992,0.2529240705873632,0.1434866259332918,0.8554193067919375
quantum_baker,20,QB_1,34,1.7,0.04562441302292071,0.1014977796676071,0.4090564129312588,0.1610645839112533,0.7288813389983497
quantum_baker,20,QB_1,35,1.75,0.05603634614426696,0.1060788065147836,0.4498949361173905,0.161060475671919,0.6781312990411825
quantum_baker,20,QB_1,36,1.8,0.04248565438035044,0.0962744788272865,0.3900563702926407,0.1559944487988164,0.7449127992201758
quantum_baker,20,QB_1,37,1.85,0.017784125747265254,0.0652439025109727,0.2105141816513977,0.1391182007346125,0.8840247966716123
quantum_baker,20,QB_1,38,1.9,0.019865516219451006,0.0788855990650915,0.2350482955889731,0.1654507160107706,0.8713624432253606
quantum_baker,20,QB_1,39,1.95,0.02662865876095291,0.0945971762820951,0.2982178598796086,0.1775456843850402,0.8314569152198082
quantum_baker,20,QB_1,40,2.0,0.05767702417891577,0.1485307815086145,0.510469503966479,0.2177763718480776,0.6704630627254843
quantum_baker,20,QB_1,41,2.05,0.03824312257784765,0.1155574650439781,0.3844952851822218,0.2064233334060887,0.7671437122223229
quantum_baker,20,QB_1,42,2.1,0.04566542986744831,0.1260795702331326,0.4334079363477135,0.2098602600832026,0.7286741423127364
quantum_baker,20,QB_1,43,2.15,0.034977029899974095,0.1117844886773917,0.3658145360126073,0.2041653090715852,0.7847090266548844
quantum_baker,20,QB_1,44,2.2,0.07749178679743263,0.1788210133849814,0.5998752020894027,0.2566917846934624,0.5844218942277589
quantum_baker,20,QB_1,45,2.25,0.09839650331008151,0.1927129580861003,0.6614223628854903,0.2605779181327587,0.5055882943255924
quantum_baker,20,QB_1,46,2.3,0.08135403051076263,0.1769558127345662,0.6114184103438012,0.2475155722772116,0.5689838839283266
quantum_baker,20,QB_1,47,2.35,0.03180093490043626,0.1070067326993167,0.3420314601153253,0.1992614763954981,0.8021759680460447
quantum_baker,20,QB_1,48,2.4,0.0357340574275606,0.120235756991855,0.373666096238693,0.2216380425193809,0.7806021955786091
quantum_baker,20,QB_1,49,2.45,0.05009074249620545,0.1483147787957644,0.4729076346444348,0.2413607042198295,0.7066621656738076
quantum_baker,20,QB_1,50,2.5,0.0776894111262034,0.1815661523522942,0.5991416989452619,0.2650640295599937,0.5836218851293952
quantum_baker,20,QB_1,51,2.55,0.05888102581949175,0.1657133020843706,0.52426253385424,0.2648960997760622,0.6648909941375322
quantum_baker,20,QB_1,52,2.6,0.05730262865849902,0.162156903337139,0.5132287618626284,0.2635994028838006,0.672205249067629
quantum_baker,20,QB_1,53,2.65,0.03795718895626195,0.132778114064375,0.3950405943644693,0.2504106963954437,0.7686656533733481
quantum_baker,20,QB_1,54,2.7,0.10530449460086036,0.2117658852299486,0.6783295720372621,0.3041724011408694,0.4819498888736188
quantum_baker,20,QB_1,55,2.75,0.11231695096747707,0.2309122896180343,0.7157744920826432,0.316146048212525,0.4590841378204044
quantum_baker,20,QB_1,56,2.8,0.09588373342895315,0.2107942868407382,0.6697725890225306,0.2986197079164539,0.5144713579801196
quantum_baker,20,QB_1,57,2.85,0.07564535327146386,0.1691288490667934,0.5740125310871325,0.2622413229150774,0.591949688456045
quantum_baker,20,QB_1,58,2.9,0.07651712066162927,0.186951652947072,0.5936929551938,0.2930225900110687,0.5883835401774785
quantum_baker,20,QB_1,59,2.95,0.058988840711555836,0.1833046942028017,0.5327515295829514,0.3027556717528471,0.6643942961543711
quantum_baker,20,QB_1,60,3.0,0.07754778817381448,0.1983355424814403,0.6048291993009672,0.3101128757843448,0.5841950820586633
quantum_baker,20,QB_1,61,3.05,0.08270029969960416,0.2084312871724781,0.6309486014598809,0.3197246289766004,0.5636990350660298
quantum_baker,20,QB_1,62,3.1,0.0702478480294052,0.1998359708324407,0.5878910732711019,0.3186041808201554,0.6145155912648685
quantum_baker,20,QB_1,63,3.15,0.06978040466828157,0.1846697750303094,0.5702053448164992,0.3040760035864909,0.6165098941869269
quantum_baker,20,QB_1,64,3.2,0.12641936828852135,0.2518742295999295,0.7443021664305618,0.3528138794649183,0.4163319888082747
quantum_baker,20,QB_1,65,3.25,0.13079225826787985,0.2769017659567539,0.7718827002485495,0.3761866247178281,0.4039020622533455
quantum_baker,20,QB_1,66,3.3,0.10813392218960656,0.2442376098913071,0.7152452518706335,0.3502047947831989,0.4725899249101841
quantum_baker,20,QB_1,67,3.35,0.12319868705094741,0.2291111841000527,0.7263413847535996,0.3203564846844105,0.4257307282914288
quantum_baker,20,QB_1,68,3.4,0.0993547152894487,0.229037379414466,0.6860532840320995,0.3383491107682621,0.5022413952780558
quantum_baker,20,QB_1,69,3.45,0.06338186407449005,0.1997948863838608,0.558790026636888,0.3360145041661808,0.6444683253978021
quantum_baker,20,QB_1,70,3.5,0.06025886204466274,0.1912423333230715,0.5415648725543502,0.331648376266696,0.6585712235889098
quantum_baker,20,QB_1,71,3.55,0.08237801557850116,0.2193806646076733,0.633498708422894,0.3497179267852397,0.5649596917683302
quantum_baker,20,QB_1,72,3.6,0.0757776524742574,0.2185156824254085,0.6162938070603657,0.354286338990201,0.5914071027234926
quantum_baker,20,QB_1,73,3.65,0.09375471386817777,0.2303184014367641,0.6744020496728773,0.3539266439651105,0.5221198311684683
quantum_baker,20,QB_1,74,3.7,0.1559408899971941,0.2853681358355347,0.7867899989458311,0.3991205547922778,0.3392900670823566
quantum_baker,20,QB_1,75,3.75,0.1552748671992382,0.3133169603101558,0.8132644800747589,0.426561691138204,0.3408600269536172
quantum_baker,20,QB_1,76,3.8,0.13068262519463944,0.2894316720681671,0.777423037032541,0.4077348048383054,0.404209111576773
quantum_baker,20,QB_1,77,3.85,0.14177351703999813,0.279298309088613,0.7845271593932702,0.3853822761852094,0.3742994490039806
quantum_baker,20,QB_1,78,3.9,0.09942709033265075,0.2604849009050503,0.707059554402911,0.3889760425262738,0.5019895012500845
quantum_baker,20,QB_1,79,3.95,0.08325901064976822,0.243276178977701,0.6529498281475704,0.3886143209787724,0.5615202255508362
quantum_baker,20,QB_1,80,4.0,0.0848674360524,0.2398035808364631,0.653743511205719,0.3891822001136234,0.5552947416247912
quantum_baker,20,QB_2,0,0.0,1.5536618543502434e-15,5.841412488338743e-14,2.1781642417826727e-14,3.3072487697957353e-07,0.9999999999999892
quantum_baker,20,QB_2,1,0.05,1.0625580928153874e-05,0.0001170467883509,0.0001474312291804,0.0033793264944502,0.9999263517975404
quantum_baker,20,QB_2,2,0.1,3.408585041222551e-05,0.0003291138161495,0.000472833619692,0.0056991717453955,0.9997637627973012
quantum_baker,20,QB_2,3,0.1499999999999999,0.00017668886708731304,0.0013861741693832,0.0024474160722752,0.0116791977483808,0.9987760357554208
quantum_baker,20,QB_2,4,0.2,0.0003239805874700602,0.0024945079237166,0.0044826895433887,0.0184686645507252,0.99775685730557
quantum_baker,20,QB_2,5,0.25,0.0009261554539339017,0.0059570764180645,0.0127382726505818,0.0287871534575507,0.9936009413235508
quantum_baker,20,QB_2,6,0.2999999999999999,0.0014248482390031825,0.0086386997214619,0.0195091617913254,0.0361197050515908,0.9901723150474768
quantum_baker,20,QB_2,7,0.3499999999999999,0.0031922148348719724,0.016575370381,0.0429730903790397,0.0512472200034811,0.9781162537708352
quantum_baker,20,QB_2,8,0.4,0.013278139538485289,0.0456360843255822,0.161322653636837,0.0812757138810479,0.9120713568195824
quantum_baker,20,QB_2,9,0.45,0.014480357920512369,0.0502912773628172,0.1747135692926306,0.0882317773677997,0.9045025158573752
quantum_baker,20,QB_2,10,0.5,0.00747244386865531,0.0306247253339099,0.0962436694529923,0.068830940836193,0.949523466931144
quantum_baker,20,QB_2,11,0.55,0.017499997923453494,0.0550954575129909,0.2040193282286645,0.092529839284576,0.8857675318516763
quantum_baker,20,QB_2,12,0.5999999999999999,0.014856702103790548,0.04815220243761,0.1772371159194318,0.0850987065815238,0.902146088169898
quantum_baker,20,QB_2,13,0.65,0.029995438987662944,0.0729238845963182,0.3066921204021493,0.1078851266897104,0.8122780757386224
quantum_baker,20,QB_2,14,0.6999999999999998,0.011047506006351408,0.0424462887340507,0.1377025384870295,0.0957872612512007,0.926282999139396
quantum_baker,20,QB_2,15,0.75,0.01856384464692771,0.0615955923324226,0.2156112076930686,0.1202691302540628,0.8792598844559859
quantum_baker,20,QB_2,16,0.8,0.011870319827071037,0.0487704461876146,0.1479900638880133,0.1149955575470447,0.9210151556604949
quantum_baker,20,QB_2,17,0.8499999999999999,0.05472320060167414,0.1078790095479636,0.4478996141551751,0.1599565934483344,0.6843318473384034
quantum_baker,20,QB_2,18,0.9,0.0444043115475016,0.1206932032378354,0.4260094622140511,0.182930235769525,0.7350716999765674
quantum_baker,20,QB_2,19,0.95,0.0424002360325116,0.1206651989221065,0.4157287405317018,0.1864455012813416,0.7453539739600816
quantum_baker,20,QB_2,20,1.0,0.014396179721833796,0.0594752442589289,0.1772865742912785,0.132348298121234,0.9050304279074516
quantum_baker,20,QB_2,21,1.05,0.03768506593122885,0.1125391641951095,0.3853636784015532,0.1774328655574153,0.77011688881893
quantum_baker,20,QB_2,22,1.1,0.03541491684714186,0.1071265421945294,0.3677788872611202,0.1724698113020121,0.7823308879005412
quantum_baker,20,QB_2,23,1.15,0.046012000733082786,0.1236374357220439,0.4378785184282946,0.1873371122174224,0.7269257884641027
quantum_baker,20,QB_2,24,1.2,0.01659149256863537,0.0660218996829306,0.200384039200908,0.1474488275256027,0.8913630571537299
quantum_baker,20,QB_2,25,1.25,0.025212249069174915,0.0872099232210104,0.282964379037033,0.1708310270963827,0.839660199342876
quantum_baker,20,QB_2,26,1.3,0.021730596258504833,0.0840834965509107,0.2531987735381905,0.1774126337606958,0.8601701888643661
quantum_baker,20,QB_2,27,1.35,0.09232051118623973,0.1852231721834012,0.6431653140833083,0.2486081790846229,0.527336180390851
quantum_baker,20,QB_2,28,1.4,0.075221074519501,0.1781953136491765,0.5927260580384694,0.2543842951161433,0.5936931015350267
quantum_baker,20,QB_2,29,1.45,0.05597639852297646,0.1587410259338568,0.5085131677996453,0.2438400346193508,0.6784131382681732
quantum_baker,20,QB_2,30,1.5,0.03539139152276672,0.114748564428621,0.369061592620502,0.204769863908996,0.7824584691844553
quantum_baker,20,QB_2,31,1.55,0.07907317881092006,0.1700596217710785,0.5882349867257065,0.2437587345047685,0.5780508088970242
quantum_baker,20,QB_2,32,1.6,0.05375542732276961,0.1572427902068513,0.4981943064808794,0.2439853560534137,0.6889378405920966
quantum_baker,20,QB_2,33,1.65,0.05551195387421397,0.1516842074089876,0.498751163466256,0.2390093046555033,0.6806006627430667
quantum_baker,20,QB_2,34,1.7,0.04693360950783437,0.1214214001034295,0.4319613103215002,0.209275475985421,0.722296910647719
quantum_baker,20,QB_2,35,1.75,0.03223746006203977,0.1142892768892997,0.3485542935722826,0.2196886515651708,0.7997524429587431
quantum_baker,20,QB_2,36,1.8,0.04651815585876516,0.1416676389875055,0.446974797128862,0.2519152186543547,0.7243799106305461
quantum_baker,20,QB_2,37,1.85,0.09435704380277123,0.2122369034808384,0.6653862672940495,0.3053210638317294,0.5199445078477342
quantum_baker,20,QB_2,38,1.9,0.08778944209801032,0.2122587935675452,0.6498348105330051,0.3103826046186183,0.54416104206282
quantum_baker,20,QB_2,39,1.95,0.07509412811617365,0.1913888571998166,0.5961755019867983,0.2917509806017389,0.5942157370904985
quantum_baker,20,QB_2,40,2.0,0.09512764985358296,0.2007280080753779,0.6463138548943702,0.2922113196297014,0.5171746625744411
quantum_baker,20,QB_2,41,2.05,0.09269658586271219,0.2147731833222606,0.6554526040115358,0.3115936696042352,0.5259633363750952
quantum_baker,20,QB_2,42,2.1,0.057979396856923916,0.1755297108090193,0.526453215098552,0.2835656522072199,0.6690593190025645
quantum_baker,20,QB_2,43,2.15,0.05865054835860774,0.166382150808145,0.5202702579318577,0.2734601208139775,0.6659540383360149
quantum_baker,20,QB_2,44,2.2,0.054776231529471656,0.1466216991608271,0.487844916585912,0.2513405093201585,0.6840803452353678
quantum_baker,20,QB_2,45,2.25,0.03927525934217684,0.137853735996352,0.4061168566033759,0.2619588926862457,0.7616749776637671
quantum_baker,20,QB_2,46,2.3,0.04743488171892483,0.1509633442826827,0.454842458730195,0.2828350589913384,0.7197916058137108
quantum_baker,20,QB_2,47,2.35,0.11821571431237876,0.2393992398014825,0.7247950380053177,0.3419708650587889,0.4406920746983651
quantum_baker,20,QB_2,48,2.4,0.09809223795818887,0.2337617661888166,0.686454962725578,0.34409560372639,0.5066557086261573
quantum_baker,20,QB_2,49,2.45,0.1055758828504854,0.2379705063183841,0.7072155212835979,0.3384738833143903,0.4810441354808529
quantum_baker,20,QB_2,50,2.5,0.11847295897974955,0.2483473308205169,0.7299438762897265,0.3485238764736847,0.4399069837905538
quantum_baker,20,QB_2,51,2.55,0.126045798762389,0.2485962583559736,0.7200511381850249,0.3583675382749737,0.4174114302394691
quantum_baker,20,QB_2,52,2.6,0.08575979157626015,0.2200753413543999,0.646999524780173,0.3351106170961866,0.551870656903764
quantum_baker,20,QB_2,53,2.65,0.07021902059168984,0.2041029612136109,0.590638182832473,0.3262774135873297,0.6146383939321984
quantum_baker,20,QB_2,54,2.7,0.09366426528894159,0.2100150249848714,0.6574510856943582,0.3164549989371995,0.5224472725357514
quantum_baker,20,QB_2,55,2.75,0.06589969080119615,0.1902647368410864,0.5653286875683019,0.3185324042579157,0.6333184841900974
quantum_baker,20,QB_2,56,2.8,0.0735758214274806,0.1936464339327674,0.5821740027639386,0.3335435475517564,0.6005023453556301
quantum_baker,20,QB_2,57,2.85,0.13636614536696917,0.2725739514489483,0.7691854989170777,0.3900032679574314,0.3885948122982183
quantum_baker,20,QB_2,58,2.9,0.12039815212645025,0.2848603491009337,0.7619639307717571,0.4034069087425565,0.4340756736159794
quantum_baker,20,QB_2,59,2.95,0.13492763175318476,0.2973286951600522,0.7893703964588528,0.4059809278982825,0.3924888792455169
quantum_baker,20,QB_2,60,3.0,0.12233604465524088,0.2860358995728377,0.7629439756973103,0.4032294074571999,0.4282839604758154
quantum_baker,20,QB_2,61,3.05,0.1504520405950224,0.2890766049509269,0.7845226397992326,0.4055721098926939,0.3524473331206656
quantum_baker,20,QB_2,62,3.1,0.11956627240950339,0.2767216109396545,0.755381930328408,0.3928554213367105,0.4365858494815846
quantum_baker,20,QB_2,63,3.15,0.08530188757875465,0.2400379149188205,0.6595638644443436,0.3707343078438418,0.5536250487313052
quantum_baker,20,QB_2,64,3.2,0.09754864298688876,0.2267086763403103,0.675388354562321,0.3531845171556223,0.5085683444272994
quantum_baker,20,QB_2,65,3.25,0.06829200841676711,0.203891804571012,0.5798943104151667,0.3533830480524359,0.6229032115769386
quantum_baker,20,QB_2,66,3.3,0.0888132180580503,0.231801599021654,0.6553949691191834,0.3797735458306307,0.5403131949344968
quantum_baker,20,QB_2,67,3.35,0.14864481625792902,0.2915145284015995,0.78979008620763,0.4229509746760714,0.3568901124172175
quantum_baker,20,QB_2,68,3.4,0.13515073590922777,0.3193742676901935,0.8017523997984599,0.4471329160887205,0.3918823877496963
quantum_baker,20,QB_2,69,3.45,0.14760517320569702,0.3322878644554975,0.8204731046535017,0.4550704928320749,0.3594712430861662
quantum_baker,20,QB_2,70,3.5,0.15059015700323722,0.3283387665248834,0.8185572586919783,0.4535193234018412,0.3521100791308374
quantum_baker,20,QB_2,71,3.55,0.1475839949318014,0.3181335353315841,0.8040935151688589,0.4504142761345474,0.3595240161188244
quantum_baker,20,QB_2,72,3.6,0.13647705542520763,0.3164890178900149,0.8014296458217931,0.442918885738147,0.3882961870887971
quantum_baker,20,QB_2,73,3.65,0.1179664410103564,0.2909294792321398,0.7548744362696,0.4267223597963832,0.4414541742669073
quantum_baker,20,QB_2,74,3.7,0.10013496924583673,0.2574456761590366,0.702541149163438,0.4021383829299716,0.4995324509773903
quantum_baker,20,QB_2,75,3.75,0.0970560229366152,0.2535330664163595,0.6918552956138763,0.4063434139155607,0.5103078609072141
quantum_baker,20,QB_2,76,3.8,0.12428397393469612,0.2793667488397196,0.7451119797859459,0.430084654063143,0.4225401271397044
quantum_baker,20,QB_2,77,3.85,0.1557934011403277,0.325319814561966,0.8158474275119888,0.4694411064459432,0.3396371057185647
quantum_baker,20,QB_2,78,3.9,0.1626348136148685,0.3626955626418751,0.8491353128127241,0.4969319440997235,0.3239070700447268
quantum_baker,20,QB_2,79,3.95,0.16300657089301152,0.3709131705873303,0.8520817855690626,0.502994058726385,0.3230734926320122
quantum_baker,20,QB_2,80,4.0,0.16697945257147143,0.3650180982919017,0.8512550189535967,0.4976286759751006,0.3142981040114076
quantum_baker,20,QB_3,0,0.0,-0.0,0.0,0.0,0.0,1.0
quantum_baker,20,QB_3,1,0.05,7.821642743749063e-05,0.0006861441195695,0.0010845248497723,0.0082900021750018,0.9994579919779276
quantum_baker,20,QB_3,2,0.1,0.00011439954469472468,0.0009593219827195,0.0015856535098883,0.0101809742677924,0.9992073570888674
quantum_baker,20,QB_3,3,0.1499999999999999,0.0015248415579106396,0.0086920160161744,0.0208355112878741,0.0333873786984228,0.989486263532635
quantum_baker,20,QB_3,4,0.2,0.001587965648536015,0.0090663144042045,0.0216877902799481,0.0349907512062051,0.9890534155901434
quantum_baker,20,QB_3,5,0.25,0.0017330412992765305,0.0097901974196264,0.0236374825330869,0.0369228548511141,0.9880593354600876
quantum_baker,20,QB_3,6,0.2999999999999999,0.0021297606618516573,0.0115653958813872,0.0289332274832045,0.0403487471882348,0.985346053676468
quantum_baker,20,QB_3,7,0.3499999999999999,0.003910293629597444,0.0187147678387988,0.0521841282393695,0.0521210455127093,0.9732599295816138
quantum_baker,20,QB_3,8,0.4,0.009504262026196735,0.0364519551877664,0.1199746676137829,0.0740796165778691,0.9362445883811882
quantum_baker,20,QB_3,9,0.45,0.014464134437362278,0.0475177521417321,0.1733402099265609,0.0823925665549116,0.9046042352507
quantum_baker,20,QB_3,10,0.5,0.03530033525766364,0.0826341168642136,0.3451525576192761,0.1148283927642945,0.7829524768067238
quantum_baker,20,QB_3,11,0.55,0.009674432002953998,0.0357480427939156,0.1215881338892494,0.0734346306161641,0.9351409123401182
quantum_baker,20,QB_3,12,0.5999999999999999,0.0025647062572450386,0.013356809733761,0.034681411012512,0.0461747277781833,0.982379892911688
quantum_baker,20,QB_3,13,0.65,0.0021284190818940583,0.0126726144451841,0.0289873722390123,0.053628035231775,0.9853552165738636
quantum_baker,20,QB_3,14,0.6999999999999998,0.0017389754955675428,0.0103248564469113,0.0237368351941356,0.0465192045093427,0.9880186947335878
quantum_baker,20,QB_3,15,0.75,0.0017707324479212094,0.0102309147206157,0.024152427471848,0.043661640000244,0.9878012336025384
quantum_baker,20,QB_3,16,0.8,0.002128350223401713,0.0117900515703196,0.0289274249651969,0.0451163200989948,0.9853556868748552
quantum_baker,20,QB_3,17,0.8499999999999999,0.003853353762481474,0.0188400553850133,0.0514905751560671,0.0562180969124825,0.9736441287844598
quantum_baker,20,QB_3,18,0.9,0.009456045750194198,0.0373729002201075,0.1197139200053306,0.0800295898730692,0.9365575427514918
quantum_baker,20,QB_3,19,0.95,0.013746069193389023,0.0470701261123592,0.166327389056826,0.08711277065953,0.9091178992665864
quantum_baker,20,QB_3,20,1.0,0.03898384931640194,0.087226549297101,0.3678505024581305,0.1224922589121749,0.7632150401014324
quantum_baker,20,QB_3,21,1.05,0.01285242037805974,0.0456363869726387,0.1570275906712508,0.0932643605519376,0.9147667269042385
quantum_baker,20,QB_3,22,1.1,0.009741952502828244,0.0364803604589798,0.1224394243318514,0.0817032638554704,0.934703353418696
quantum_baker,20,QB_3,23,1.15,0.009955045749620518,0.0409757491427545,0.1258823096858774,0.1009732355600827,0.9333237690956752
quantum_baker,20,QB_3,24,1.2,0.00974144708879708,0.0406726203497288,0.1234839244269882,0.1031932922244876,0.934706627936206
quantum_baker,20,QB_3,25,1.25,0.00981213768884056,0.0413808850636177,0.1243874175756204,0.1069804877653644,0.934248743316586
quantum_baker,20,QB_3,26,1.3,0.010181854283506177,0.0434846315041136,0.128858876367923,0.1127954151742296,0.9318576277458804
quantum_baker,20,QB_3,27,1.35,0.011884121519285935,0.0509251438711358,0.148924186409774,0.1260680106191433,0.9209270500017788
quantum_baker,20,QB_3,28,1.4,0.017511164148830298,0.0708802939117586,0.2109247531763277,0.1530147404470698,0.8856989775358965
quantum_baker,20,QB_3,29,1.45,0.02033139122103362,0.0780549157904474,0.2392647848076716,0.1588746655621891,0.868553178392449
quantum_baker,20,QB_3,30,1.5,0.036162781548506724,0.1073398422836366,0.3693297406765014,0.1821005695773023,0.7782859318108235
quantum_baker,20,QB_3,31,1.55,0.020078593012964892,0.0810013186325326,0.2376622932279972,0.1756364336535224,0.8700764467506754
quantum_baker,20,QB_3,32,1.6,0.02472137224959404,0.0898793111359453,0.2804234987639355,0.1824198349403272,0.8425220080824136
quantum_baker,20,QB_3,33,1.65,0.03810103354008713,0.1161099507963209,0.3866409982219317,0.2042914003593415,0.767899633633712
quantum_baker,20,QB_3,34,1.7,0.06416200654391949,0.1424233931517177,0.5136534547410943,0.2226644290379204,0.6409927456591864
quantum_baker,20,QB_3,35,1.75,0.07109789017647707,0.1415819714919827,0.5282001031672698,0.221030711705376,0.6109054847645797
quantum_baker,20,QB_3,36,1.8,0.05381828804720025,0.1299143291175678,0.4684554225207903,0.2128534472602091,0.6886377238171982
quantum_baker,20,QB_3,37,1.85,0.02908215096269684,0.1002484843953696,0.3186201896516954,0.1950076850819872,0.8174364555514921
quantum_baker,20,QB_3,38,1.9,0.029060408505693098,0.1071327079842848,0.3214965750806306,0.2108828392557914,0.817559658417082
quantum_baker,20,QB_3,39,1.95,0.030665376005306867,0.1110910537409879,0.3349184386540364,0.215010062568285,0.8085148852494888
quantum_baker,20,QB_3,40,2.0,0.060886735994646814,0.1608652772245352,0.5307259252755429,0.2471259169133159,0.6557112898287774
quantum_baker,20,QB_3,41,2.05,0.048631667434711576,0.138275697821606,0.4540136607449537,0.2391558462456827,0.7138452822265658
quantum_baker,20,QB_3,42,2.1,0.05310758342650303,0.1444494753603222,0.4808718348098753,0.2423618341315713,0.6920384805465257
quantum_baker,20,QB_3,43,2.15,0.04568607147455198,0.1445341058686598,0.4477264220944973,0.2522997661850242,0.7285698934661788
quantum_baker,20,QB_3,44,2.2,0.08979376965529925,0.1995225315080504,0.6484402581321641,0.2832354861226227,0.5366533183159871
quantum_baker,20,QB_3,45,2.25,0.10708637611910096,0.2034617455969793,0.6855252449221056,0.2818623270311008,0.4760339056961604
quantum_baker,20,QB_3,46,2.3,0.09125150973542728,0.1905371838903808,0.6448362984875207,0.2738177905605794,0.5312581238276828
quantum_baker,20,QB_3,47,2.35,0.051566518910633484,0.1463734867372409,0.4771535519614428,0.2505402444668228,0.6994703508761507
quantum_baker,20,QB_3,48,2.4,0.04437833397984338,0.1478765169259933,0.4405680201180636,0.267028184608525,0.7352040709459327
quantum_baker,20,QB_3,49,2.45,0.05672047431502901,0.1679751310103679,0.5147612442456989,0.2780419997913198,0.6749232025955628
quantum_baker,20,QB_3,50,2.5,0.06758423908735858,0.186531028004776,0.570994121419195,0.2939511879904941,0.6259666101413581
quantum_baker,20,QB_3,51,2.55,0.06281081317088738,0.1770476825998083,0.5460235199185065,0.2906055304312623,0.6470243301810469
quantum_baker,20,QB_3,52,2.6,0.062802343914672,0.1762817981812459,0.5433038561013342,0.2932751144706282,0.6470623144779521
quantum_baker,20,QB_3,53,2.65,0.06183161156865761,0.1853120351123606,0.5480987128903115,0.3067830134585408,0.6514308209756237
quantum_baker,20,QB_3,54,2.7,0.12364949085737535,0.2471473120228135,0.7352862733887355,0.3448546027872976,0.4244025093096315
quantum_baker,20,QB_3,55,2.75,0.12882453026113738,0.2528716930618253,0.7546473006070819,0.347294770469905,0.4094487241112694
quantum_baker,20,QB_3,56,2.8,0.11048140506887365,0.2320136357964736,0.7125250267275166,0.3307397479700381,0.464962396559877
quantum_baker,20,QB_3,57,2.85,0.09601334891028122,0.2061638447576069,0.6568299627304246,0.3108668275440478,0.5140093510784657
quantum_baker,20,QB_3,58,2.9,0.08176407320192283,0.2127511892677776,0.6274991193536184,0.3327742357689251,0.5673690142794574
quantum_baker,20,QB_3,59,2.95,0.06740186481587092,0.2059921651679103,0.5808996477991261,0.3335272708132623,0.6267584087397926
quantum_baker,20,QB_3,60,3.0,0.06707631094235109,0.2054839941179532,0.5790332058810433,0.3388824082316446,0.628174328350742
quantum_baker,20,QB_3,61,3.05,0.09290925085790619,0.2305899222614203,0.6696388195500819,0.3524349762982091,0.5251885947506806
quantum_baker,20,QB_3,62,3.1,0.0836129418046763,0.2255745036020425,0.6455437255381907,0.3531336760139632,0.5601443566712542
quantum_baker,20,QB_3,63,3.15,0.09575927435066652,0.2362726302657718,0.6822501734961672,0.3581706606507947,0.5149153759899334
quantum_baker,20,QB_3,64,3.2,0.15301696175606583,0.2979207220022457,0.8031465660803598,0.4012652399258555,0.346236657613712
quantum_baker,20,QB_3,65,3.25,0.16542358306320132,0.3209330096960911,0.8329334023327831,0.4194050507189692,0.3177059841655065
quantum_baker,20,QB_3,66,3.3,0.14236297234311923,0.2946584603110248,0.7993365212239996,0.3991332894177605,0.3727732589761351
quantum_baker,20,QB_3,67,3.35,0.14718813835244263,0.2657345646896455,0.7772222839639413,0.3723333073821423,0.3605118574540379
quantum_baker,20,QB_3,68,3.4,0.0974824034217203,0.2527278046345601,0.6969171101344375,0.3796512690955709,0.5088019009294495
quantum_baker,20,QB_3,69,3.45,0.09256087811718722,0.2507262270873402,0.6833560141341223,0.3840211432242726,0.5264583188751965
quantum_baker,20,QB_3,70,3.5,0.07490770051006194,0.22925153832183,0.6180734942914508,0.379559980169861,0.5949840895133209
quantum_baker,20,QB_3,71,3.55,0.10839505980783137,0.2626420319794567,0.7170237339870535,0.3986983879246631,0.4717352787092021
quantum_baker,20,QB_3,72,3.6,0.10667385263438947,0.2678449161074044,0.7232208096185565,0.4048594200657724,0.4773970225358852
quantum_baker,20,QB_3,73,3.65,0.12213755821488068,0.2845318741072097,0.7608045444802176,0.4150234375956197,0.4288736004254682
quantum_baker,20,QB_3,74,3.7,0.18023544402151434,0.3344705187097318,0.837724096620416,0.4505670113181136,0.2867063096162352
quantum_baker,20,QB_3,75,3.75,0.19996042952097592,0.3648993130265462,0.8724898025777442,0.4715957773105327,0.2500685798195858
quantum_baker,20,QB_3,76,3.8,0.17056883387370364,0.3458701229258757,0.8505806260390871,0.4586929124231976,0.3065749363625457
quantum_baker,20,QB_3,77,3.85,0.16559557538944705,0.319853874630147,0.8283003827600103,0.436099423131038,0.3173274534914725
quantum_baker,20,QB_3,78,3.9,0.12072075762871944,0.3062190811095216,0.7727631378600791,0.4393232069353771,0.4331061080123008
quantum_baker,20,QB_3,79,3.95,0.12162614927992724,0.3045783511996508,0.7685917482765365,0.4445326444164969,0.4303965764300072
quantum_baker,20,QB_3,80,4.0,0.09789467961401957,0.2741390179523859,0.7037079009802008,0.4329024348489065,0.5073499830516067
quantum_baker,20,QB_4,0,0.0,2.018158697403412e-15,7.415818519614789e-14,2.8004968822920078e-14,3.149729472413652e-07,0.999999999999986
quantum_baker,20,QB_4,1,0.05,9.395049711641407e-05,0.0008011497013203,0.0013024664682161,0.0090047908763866,0.9993489967727276
quantum_baker,20,QB_4,2,0.1,0.004079452658547802,0.0190632039358059,0.0543117665295555,0.0528236277021632,0.9721194305971452
quantum_baker,20,QB_4,3,0.1499999999999999,0.0040796502314322195,0.0197004716463856,0.0543685722205458,0.061125559362669,0.9721180993088068
quantum_baker,20,QB_4,4,0.2,0.004082866841265463,0.0206197707918012,0.0545021641034144,0.0685118438790261,0.9720964253604654
quantum_baker,20,QB_4,5,0.25,0.006849670625376227,0.0313536095220382,0.0892048077667002,0.0863841284669152,0.9536311678321456
quantum_baker,20,QB_4,6,0.2999999999999999,0.012809083155717594,0.053111778425743,0.1593034380831699,0.1166449037519602,0.9150415556294365
quantum_baker,20,QB_4,7,0.3499999999999999,0.022886154216121852,0.0701911149883431,0.25515395038336,0.1251484409994169,0.8533079875670222
quantum_baker,20,QB_4,8,0.4,0.03906916833572581,0.0907518258250566,0.3701509494770742,0.1369272463283302,0.7627638185603393
quantum_baker,20,QB_4,9,0.45,0.03328923254122373,0.0821608904913768,0.3328101387761038,0.1254156295580521,0.7939431841435681
quantum_baker,20,QB_4,10,0.5,0.01237569416899987,0.0453044575701121,0.1520890262834944,0.0959305807522212,0.917794494881638
quantum_baker,20,QB_4,11,0.55,0.033373134691752404,0.0876556596470599,0.33735935881418,0.1411693474371164,0.7934815885024286
quantum_baker,20,QB_4,12,0.5999999999999999,0.038176491891204735,0.0966946408763291,0.3694844977342634,0.1627932584074018,0.7674980983984616
quantum_baker,20,QB_4,13,0.65,0.03715006351320407,0.1026425829034983,0.3711660904355875,0.172241515656646,0.7729780568332549
quantum_baker,20,QB_4,14,0.6999999999999998,0.014132391834861383,0.0595027348616515,0.1742566843437803,0.145488892278951,0.9066867339708736
quantum_baker,20,QB_4,15,0.75,0.022690597178087035,0.0782033163012468,0.2572855888923126,0.1616359731542672,0.8544654291968067
quantum_baker,20,QB_4,16,0.8,0.04995130916168549,0.1310591509189434,0.4571829554866517,0.2068413457060812,0.7073454694166725
quantum_baker,20,QB_4,17,0.8499999999999999,0.042368315878692706,0.13031361074379,0.4220860219550101,0.2119167918956584,0.7455189044896171
quantum_baker,20,QB_4,18,0.9,0.05369004242725787,0.1292171537201793,0.4671233413372811,0.2030496975246166,0.6892501473287572
quantum_baker,20,QB_4,19,0.95,0.05083660874493935,0.1408111588190421,0.4734779604612847,0.2127554817249452,0.7030181847106256
quantum_baker,20,QB_4,20,1.0,0.01746805284956298,0.0659608599460421,0.20845642191488,0.1364459876023941,0.8859636858649249
quantum_baker,20,QB_4,21,1.05,0.047227474240293874,0.1241576930485139,0.4403883871350269,0.1910903541213722,0.7208271505546149
quantum_baker,20,QB_4,22,1.1,0.0307652663096477,0.0970637358775146,0.3271984211618183,0.1814056769716496,0.8079552739486487
quantum_baker,20,QB_4,23,1.15,0.05209397616995144,0.137504125065431,0.4778029240317008,0.2147908001129531,0.696917717844307
quantum_baker,20,QB_4,24,1.2,0.03681460910808297,0.1178347654567554,0.3811011616111132,0.2119435351920468,0.7747774709894721
quantum_baker,20,QB_4,25,1.25,0.03665486885975666,0.1230805376613074,0.3824462256602692,0.2251448120734345,0.775635806845936
quantum_baker,20,QB_4,26,1.3,0.04874626480733603,0.1447496672957119,0.4619349781525264,0.2464502562634357,0.7132784797482253
quantum_baker,20,QB_4,27,1.35,0.06494576069763268,0.1765076679156296,0.5576814289831317,0.2665484357642867,0.6375199494598354
quantum_baker,20,QB_4,28,1.4,0.073215244405559,0.1823924457294152,0.5860633933753978,0.270093064489829,0.602005075685736
quantum_baker,20,QB_4,29,1.45,0.08555313759668294,0.1837968832918957,0.6126201576267981,0.2670153930206818,0.5526617318302256
quantum_baker,20,QB_4,30,1.5,0.040296905469668166,0.1288065130852184,0.4067586520026068,0.2265356556637024,0.7563002208428404
quantum_baker,20,QB_4,31,1.55,0.08562955530635798,0.1902609128772321,0.6221965764527436,0.274875120088426,0.5523690715009694
quantum_baker,20,QB_4,32,1.6,0.05747039351314924,0.1608841188064875,0.515270966123543,0.2575344947817613,0.6714240245607018
quantum_baker,20,QB_4,33,1.65,0.0713075429463342,0.1670795658785499,0.561923203005877,0.2635358237264748,0.610018360273278
quantum_baker,20,QB_4,34,1.7,0.08111149526460655,0.1753529239281649,0.5911377238157292,0.2714844969678924,0.569941222132405
quantum_baker,20,QB_4,35,1.75,0.05709157199526406,0.1636643894903057,0.5118890425698972,0.2765054537019749,0.6731893601870031
quantum_baker,20,QB_4,36,1.8,0.0654648293860555,0.1887702308572052,0.5642236884108242,0.3051730075087045,0.6352303314615186
quantum_baker,20,QB_4,37,1.85,0.08032504776953411,0.2120763000615026,0.6301509452383294,0.3192208360403859,0.5730565913400788
quantum_baker,20,QB_4,38,1.9,0.0920488198341796,0.2238874871257562,0.6708722439376869,0.323126797463511,0.5283302066234122
quantum_baker,20,QB_4,39,1.95,0.08190083742112717,0.2047910646080689,0.6254052903397208,0.3099011302923683,0.5668314161721685
quantum_baker,20,QB_4,40,2.0,0.05978781401066989,0.171118173318351,0.5272512232558677,0.2838046771123358,0.6607250098268359
quantum_baker,20,QB_4,41,2.05,0.09849791277654808,0.2287330145932028,0.684586970147529,0.3263358892281871,0.5052330326648213
quantum_baker,20,QB_4,42,2.1,0.08849319459731447,0.2191181897419159,0.6593301155549499,0.3200409873941702,0.541513066120726
quantum_baker,20,QB_4,43,2.15,0.07584957550519247,0.1973714953480862,0.601050787488411,0.3124996606888315,0.591112340565417
quantum_baker,20,QB_4,44,2.2,0.10867311382870937,0.2252412272195817,0.6927900891265562,0.3306030737601263,0.4708269677564288
quantum_baker,20,QB_4,45,2.25,0.0725191678113197,0.2051252317743685,0.5980376497001922,0.3312212893418564,0.6049166693498343
quantum_baker,20,QB_4,46,2.3,0.08799657062384339,0.2278234484115871,0.658334163397551,0.3513079500763524,0.5433803475995218
quantum_baker,20,QB_4,47,2.35,0.10525475428049944,0.2510048924285229,0.7099970200877816,0.3682762070457609,0.4821160811331161
quantum_baker,20,QB_4,48,2.4,0.11015302288434232,0.264730199934582,0.7325004342911675,0.3769506767400717,0.4660219362696611
quantum_baker,20,QB_4,49,2.45,0.10906088687682,0.2401862724577149,0.7012161689317175,0.3592046735440483,0.4695631603802084
quantum_baker,20,QB_4,50,2.5,0.0805748290725192,0.2200359278214114,0.6312771547025559,0.3462748428928397,0.5720652870266284
quantum_baker,20,QB_4,51,2.55,0.11253934228982909,0.2596486250346318,0.729187691999829,0.3733297916943875,0.4583770051603184
quantum_baker,20,QB_4,52,2.6,0.11307902636312958,0.2562102637207269,0.7321184517265267,0.3678614687665188,0.4566655093777152
quantum_baker,20,QB_4,53,2.65,0.10982074310699341,0.2464723844332503,0.7099589218594142,0.3684717661715661,0.4670965093551104
quantum_baker,20,QB_4,54,2.7,0.10937541861505692,0.2613773463562933,0.7249213347418946,0.3840760465265832,0.4685405489996942
quantum_baker,20,QB_4,55,2.75,0.09829630298877774,0.2572875461815504,0.702244236906651,0.3889218115426095,0.5059395654175662
quantum_baker,20,QB_4,56,2.8,0.10009907906150714,0.2595390875919856,0.701846909838352,0.4001818563884757,0.4996567360234335
quantum_baker,20,QB_4,57,2.85,0.1439958526525355,0.305811240458809,0.8004505470126341,0.426051775737026,0.3685778997611953
quantum_baker,20,QB_4,58,2.9,0.12655038605116448,0.3030362357824046,0.7789996381661819,0.4278306696528284,0.4159540702366076
quantum_baker,20,QB_4,59,2.95,0.1624555287239662,0.3033814048562597,0.8057432449537103,0.4228867750350908,0.3243098422181456
quantum_baker,20,QB_4,60,3.0,0.09304577471372821,0.2594890523942258,0.6883553946955369,0.4020305325819936,0.5246918379515446
quantum_baker,20,QB_4,61,3.05,0.12892115926548162,0.2894194736247134,0.7731889124044135,0.4151504764314658,0.4091745748658847
quantum_baker,20,QB_4,62,3.1,0.11806091295017695,0.2816727049297946,0.7524034556042706,0.4133557989781949,0.4411651916396799
quantum_baker,20,QB_4,63,3.15,0.12986223719433265,0.2798675313245344,0.7557926663592403,0.4152383707274062,0.4065141928983934
quantum_baker,20,QB_4,64,3.2,0.13292363193054252,0.3019504082626436,0.7864873591553206,0.4304937780201698,0.3979788534977563
quantum_baker,20,QB_4,65,3.25,0.12071322725139796,0.2983168961387389,0.7679036536503062,0.4368805029636528,0.4331287152677565
quantum_baker,20,QB_4,66,3.3,0.11818916032698248,0.2995299222853107,0.7606812713364991,0.447990502025142,0.4407731951540869
quantum_baker,20,QB_4,67,3.35,0.17517834894326698,0.3316291522638406,0.8349832146936672,0.4639638767338606,0.2969344752269036
quantum_baker,20,QB_4,68,3.4,0.1572626570894058,0.3367995480777057,0.8265773856684696,0.4688540103291841,0.3361957586347179
quantum_baker,20,QB_4,69,3.45,0.1539005956454346,0.3327263493372945,0.818902422613127,0.4686018961813703,0.3441224796164194
quantum_baker,20,QB_4,70,3.5,0.12020427776404581,0.3129822112811067,0.7732343608329617,0.4579596149574324,0.4346593916809993
quantum_baker,20,QB_4,71,3.55,0.1469520247430763,0.3368594420908859,0.8216513652868294,0.4702567473809551,0.361102359585449
quantum_baker,20,QB_4,72,3.6,0.14948305836813897,0.3396113096005912,0.823758271462079,0.4749864691656158,0.3548225035676944
quantum_baker,20,QB_4,73,3.65,0.156157523592753,0.3349632868237646,0.8151999244890089,0.4774112773276693,0.3387809749453673
quantum_baker,20,QB_4,74,3.7,0.16775345702371972,0.3418783760292838,0.8348126008989675,0.4816098846425586,0.3126164129758886
quantum_baker,20,QB_4,75,3.75,0.1518088731075464,0.3364750518792221,0.820947648529226,0.4839096440032674,0.3491481585546949
quantum_baker,20,QB_4,76,3.8,0.1550537011917918,0.3466716295568986,0.828002291274956,0.4972135568330944,0.3413829681348963
quantum_baker,20,QB_4,77,3.85,0.18605886213435513,0.3715834593710253,0.8619718243396473,0.5156307580452661,0.2753639072354188
quantum_baker,20,QB_4,78,3.9,0.19268680926692777,0.3844708884820721,0.8728976082951878,0.5233313665526031,0.2629994900592068
quantum_baker,20,QB_4,79,3.95,0.18377626788006618,0.3842380138363867,0.8688411471152762,0.5246434852365444,0.2797552908054374
quantum_baker,20,QB_4,80,4.0,0.15800433005779596,0.366913790889417,0.8431572836213868,0.5134589796390095,0.3344718498169718
random_field_xxz,20,XXZ_1,0,0.0,-0.0,0.0,0.0,0.0,1.0
random_field_xxz,20,XXZ_1,1,0.05,0.03338801850212085,0.0766583951017319,0.3297925534527936,0.1024815676122157,0.7933997318384808
random_field_xxz,20,XXZ_1,2,0.1,0.08964446067744311,0.1492166551614146,0.5830473056950771,0.1850134062136006,0.5372090049545013
random_field_xxz,20,XXZ_1,3,0.1499999999999999,0.14129095221795998,0.2227470020119911,0.7369923946007934,0.264515780976598,0.3755535336285502
random_field_xxz,20,XXZ_1,4,0.2,0.18970543322548972,0.2923482909711622,0.8323497854223064,0.3405047302109752,0.2684910062763991
random_field_xxz,20,XXZ_1,5,0.25,0.24078220281646007,0.3582440046767271,0.8897062274839804,0.4126252757783133,0.1884401083601682
random_field_xxz,20,XXZ_1,6,0.2999999999999999,0.28204404431688446,0.4199405316596889,0.924683593513586,0.4828341529027548,0.1415672597205877
random_field_xxz,20,XXZ_1,7,0.3499999999999999,0.32123161008486734,0.4842660144027971,0.949635727762482,0.5530124063393524,0.1078938022236993
random_field_xxz,20,XXZ_1,8,0.4,0.35561653233143486,0.5430771050590305,0.9655456451755264,0.6185713962096011,0.085013435739437
random_field_xxz,20,XXZ_1,9,0.45,0.3687654281109915,0.5898415713016723,0.973710987015296,0.6730373766304647,0.0776078134687757
random_field_xxz,20,XXZ_1,10,0.5,0.3598803894261887,0.6161839186002688,0.9765017134420776,0.7072782068465677,0.0825376461547008
random_field_xxz,20,XXZ_1,11,0.55,0.3390732597890482,0.6313245912952767,0.9763843379797584,0.7289062000939524,0.0953427733803507
random_field_xxz,20,XXZ_1,12,0.5999999999999999,0.31805364504895006,0.6398112264138001,0.974585736102735,0.7451336214502225,0.1102968542224314
random_field_xxz,20,XXZ_1,13,0.65,0.29793954423614655,0.6408162366942493,0.971165748992998,0.7565614337274205,0.1267980582418935
random_field_xxz,20,XXZ_1,14,0.6999999999999998,0.289120519047683,0.6411438074756703,0.9690930768030684,0.7647532371181921,0.1347908816686764
random_field_xxz,20,XXZ_1,15,0.75,0.29021604597152634,0.6398792144390198,0.9687017903156168,0.7675625249921395,0.1337712081479335
random_field_xxz,20,XXZ_1,16,0.8,0.29165761995881273,0.6389395635094228,0.968351134169414,0.7696339790331777,0.1324411915243798
random_field_xxz,20,XXZ_1,17,0.8499999999999999,0.28979504403427525,0.6365335074372076,0.9668330015948108,0.7724140007680236,0.134162144476348
random_field_xxz,20,XXZ_1,18,0.9,0.2870691194298858,0.6339239681528761,0.965621539253645,0.7736370483670143,0.1367211939246835
random_field_xxz,20,XXZ_1,19,0.95,0.29057435999891373,0.6373769569557987,0.9667438900002852,0.776218038598988,0.1334393803873601
random_field_xxz,20,XXZ_1,20,1.0,0.30266322723494904,0.640199940839206,0.9685775286361926,0.7779503976930533,0.1227136574043208
random_field_xxz,20,XXZ_1,21,1.05,0.31098060492131907,0.6415998730256138,0.9691040245691444,0.7802790728421138,0.1158390796831608
random_field_xxz,20,XXZ_1,22,1.1,0.3113652366750851,0.6446541692891185,0.9697428670214548,0.7829408214125115,0.1155306565854342
random_field_xxz,20,XXZ_1,23,1.15,0.3092128235405767,0.6480723654447824,0.970328949491876,0.785634056315836,0.1172672256835327
random_field_xxz,20,XXZ_1,24,1.2,0.3133907442817994,0.6515546986505688,0.9714916421866812,0.7880055767772626,0.1139199684661909
random_field_xxz,20,XXZ_1,25,1.25,0.32356170557987485,0.6549805278127248,0.9730973656427112,0.790323365961872,0.1061652072077204
random_field_xxz,20,XXZ_1,26,1.3,0.3449359511169791,0.6594884166933241,0.9751385107758348,0.7926370447703134,0.0915459890952945
random_field_xxz,20,XXZ_1,27,1.35,0.3694608140016705,0.6623886998060968,0.976220378301874,0.7942344034793821,0.0772346401853342
random_field_xxz,20,XXZ_1,28,1.4,0.3641413275082,0.6630621318865385,0.9760689383501095,0.7953253631287042,0.08013557870981
random_field_xxz,20,XXZ_1,29,1.45,0.33875637681168586,0.6642468158721166,0.9755288922855528,0.7966219620883201,0.0955524206426336
random_field_xxz,20,XXZ_1,30,1.5,0.31956599724763024,0.6640387679529519,0.9743188260598488,0.7974304326171678,0.1091466705431064
random_field_xxz,20,XXZ_1,31,1.55,0.32128698758444224,0.665560932257045,0.9746255710675192,0.7983466019388806,0.1078523953966094
random_field_xxz,20,XXZ_1,32,1.6,0.32510445413061934,0.6661696383299164,0.9745211790612736,0.7991586029062627,0.1050359761319001
random_field_xxz,20,XXZ_1,33,1.65,0.32117318873743117,0.6669014039835456,0.9741611343932824,0.7999863611648748,0.1079375022264553
random_field_xxz,20,XXZ_1,34,1.7,0.3190196050781094,0.666821744784825,0.9741057901436884,0.8002866024788728,0.1095608257080633
random_field_xxz,20,XXZ_1,35,1.75,0.3276669302008817,0.6667846428697876,0.9746699097762336,0.8004158185507511,0.1031868260833024
random_field_xxz,20,XXZ_1,36,1.8,0.34046306368474005,0.667944409103421,0.9755276226746143,0.8009168551874492,0.0944287094272454
random_field_xxz,20,XXZ_1,37,1.85,0.3329314205192719,0.6683583520057597,0.97528806569987,0.8014313453335528,0.0994893421597057
random_field_xxz,20,XXZ_1,38,1.9,0.32480148296673955,0.6689437747881339,0.9750350200759133,0.8018624630936827,0.1052567872460135
random_field_xxz,20,XXZ_1,39,1.95,0.32741140947656844,0.6701428686590694,0.9754042027504216,0.8025611393003143,0.1033697457910856
random_field_xxz,20,XXZ_1,40,2.0,0.32650632672362023,0.6699430912000294,0.9751191806710688,0.8029384036206991,0.1040202800848989
random_field_xxz,20,XXZ_1,41,2.05,0.321010603768855,0.669905812721943,0.9747059371886312,0.8033552889351961,0.1080592112992986
random_field_xxz,20,XXZ_1,42,2.1,0.3199603543667069,0.6702241408803739,0.9746607296530696,0.8038131004758273,0.1088487282148213
random_field_xxz,20,XXZ_1,43,2.15,0.3233955635242923,0.670873857386236,0.9750087997102508,0.8044073644865699,0.1062875384384187
random_field_xxz,20,XXZ_1,44,2.2,0.33885030344977973,0.6736496716498517,0.976752020182006,0.8051421570752008,0.0954902315004173
random_field_xxz,20,XXZ_1,45,2.25,0.3454356009081687,0.674699784402251,0.977403774479066,0.8055826425220951,0.0912294854897476
random_field_xxz,20,XXZ_1,46,2.3,0.3323335552321093,0.6740868220720817,0.9764090062124638,0.8060165567542376,0.0999024900566778
random_field_xxz,20,XXZ_1,47,2.35,0.3207247308181475,0.67305514246642,0.9750999342789498,0.8063285040642476,0.1082735451031147
random_field_xxz,20,XXZ_1,48,2.4,0.3123085006855969,0.6716733745786732,0.97394249555676,0.8063568692583407,0.1147777571232276
random_field_xxz,20,XXZ_1,49,2.45,0.31225859455408495,0.671929072110992,0.9740520938862725,0.8066667352720438,0.1148174682509193
random_field_xxz,20,XXZ_1,50,2.5,0.31259780857793934,0.6722971043735002,0.9741034559918376,0.8069577964220223,0.1145478205274236
random_field_xxz,20,XXZ_1,51,2.55,0.30432005483593966,0.6704032274209655,0.972741202906054,0.8067524824537105,0.1213124439632353
random_field_xxz,20,XXZ_1,52,2.6,0.3071377275444659,0.6716903887378389,0.9734160502124722,0.8071390991289995,0.1189661239709729
random_field_xxz,20,XXZ_1,53,2.65,0.31664387639667196,0.6733071432612155,0.974608393317698,0.8076708292475272,0.1113799330786129
random_field_xxz,20,XXZ_1,54,2.7,0.3157667164354761,0.6727135884032227,0.974116391440246,0.8078289509907568,0.1120591869769201
random_field_xxz,20,XXZ_1,55,2.75,0.31354421058852056,0.6728448604977771,0.9738517583022545,0.808240886910662,0.1137988508291218
random_field_xxz,20,XXZ_1,56,2.8,0.3292102585747317,0.6755094363821947,0.9757741990733269,0.8086604852203652,0.1020888643955781
random_field_xxz,20,XXZ_1,57,2.85,0.3357873717338546,0.6758530783674007,0.976082980268355,0.8090157942961677,0.0975392224971936
random_field_xxz,20,XXZ_1,58,2.9,0.32475314929581456,0.6761406441853226,0.9753597838525606,0.8094466303509636,0.1052920566485928
random_field_xxz,20,XXZ_1,59,2.95,0.31689348201458767,0.6763958084328429,0.9749998721750048,0.8094718957936368,0.1111873974400003
random_field_xxz,20,XXZ_1,60,3.0,0.3228514478626693,0.6779189407882062,0.975882801360433,0.8098482524291181,0.1066891611554893
random_field_xxz,20,XXZ_1,61,3.05,0.3217998117347435,0.6778168130137437,0.975870275742738,0.8096842077318585,0.1074697010234421
random_field_xxz,20,XXZ_1,62,3.1,0.30839412814878386,0.6764052332200988,0.9744914888918969,0.8095942940063475,0.117934581269056
random_field_xxz,20,XXZ_1,63,3.15,0.3066113047493241,0.6763298177861164,0.9743098227609333,0.8097596556506994,0.1194010105910274
random_field_xxz,20,XXZ_1,64,3.2,0.3173039619471587,0.6784991113664042,0.9757582298074916,0.810315553570174,0.1108714933353987
random_field_xxz,20,XXZ_1,65,3.25,0.31822455803880867,0.6784479057167611,0.9756098994481128,0.8104805377617937,0.110166265271089
random_field_xxz,20,XXZ_1,66,3.3,0.3081093832862245,0.6769091807864263,0.9742350120517144,0.8103482642603084,0.1181675787264824
random_field_xxz,20,XXZ_1,67,3.35,0.30762758558805225,0.6773620947220231,0.9742961093696284,0.8104435233305634,0.1185628669703198
random_field_xxz,20,XXZ_1,68,3.4,0.3191021526743715,0.6790640350651743,0.97562194249335,0.8108221178645967,0.1094981555271354
random_field_xxz,20,XXZ_1,69,3.45,0.3315969917337692,0.6796573393256581,0.9765683978321597,0.8108564890405339,0.100413843373399
random_field_xxz,20,XXZ_1,70,3.5,0.32449257896191624,0.6777975582665922,0.9755005170237904,0.8107350774861318,0.1054824002559602
random_field_xxz,20,XXZ_1,71,3.55,0.31342532172248727,0.6753393391470881,0.9740124270082292,0.8103614770117267,0.1138926682479432
random_field_xxz,20,XXZ_1,72,3.6,0.32220305320003384,0.676943937823218,0.9752719558534008,0.8105824207490567,0.1071697365039244
random_field_xxz,20,XXZ_1,73,3.65,0.33062309575368476,0.6784853071155913,0.9762767170381976,0.810902121014538,0.1010939833600462
random_field_xxz,20,XXZ_1,74,3.7,0.32316276296876506,0.6773389993441639,0.9755715274780408,0.8105856750280195,0.1064591878303946
random_field_xxz,20,XXZ_1,75,3.75,0.3207101477125273,0.6775234777212761,0.9755199704815246,0.8106396452008428,0.1082844902045034
random_field_xxz,20,XXZ_1,76,3.8,0.32954627464553654,0.6780676433384739,0.9763604385747964,0.8106677630913296,0.1018513673417058
random_field_xxz,20,XXZ_1,77,3.85,0.3362553404522356,0.67861869020157,0.9768645120917197,0.8107514987349567,0.0972233459361715
random_field_xxz,20,XXZ_1,78,3.9,0.3260008906562156,0.6769165474656736,0.9755858890683372,0.8107554611757393,0.1043853454975255
random_field_xxz,20,XXZ_1,79,3.95,0.31869559486631094,0.6761277047447543,0.974689060941177,0.8107256132846195,0.1098071613370565
random_field_xxz,20,XXZ_1,80,4.0,0.32124318361101734,0.6765190006374033,0.9749113555867228,0.8109065209202859,0.1078851471606361
random_field_xxz,20,XXZ_2,0,0.0,7.207709633583583e-16,2.7242505526794843e-14,1.0001774579614314e-14,1.8789756762177922e-07,0.999999999999995
random_field_xxz,20,XXZ_2,1,0.05,0.004645588196423604,0.0202895391790503,0.061427923564739,0.0441995679347405,0.9683121607243628
random_field_xxz,20,XXZ_2,2,0.1,0.006442855465168512,0.0279720051312788,0.0839186953456989,0.0681081610608798,0.9563240384540004
random_field_xxz,20,XXZ_2,3,0.1499999999999999,0.01635910833538644,0.0622881711471617,0.1973040173321919,0.1188520914600293,0.8927999903252732
random_field_xxz,20,XXZ_2,4,0.2,0.030128347003037216,0.0962277768366822,0.3251478728173593,0.1602643096730063,0.8115301106385162
random_field_xxz,20,XXZ_2,5,0.25,0.03680207149130827,0.1165902826997752,0.378805160289655,0.2030143909812594,0.7748448052828695
random_field_xxz,20,XXZ_2,6,0.2999999999999999,0.04995895246796638,0.1566681214119005,0.4744104897903221,0.2647390131689271,0.7073079956976737
random_field_xxz,20,XXZ_2,7,0.3499999999999999,0.07403913677170616,0.2138767620759508,0.609493093753182,0.3297329714175882,0.598576951063152
random_field_xxz,20,XXZ_2,8,0.4,0.10531984916178334,0.2681833485247494,0.7240816191870956,0.3888011526985493,0.4818985978180733
random_field_xxz,20,XXZ_2,9,0.45,0.1366232956303531,0.3191173847655395,0.7995847292705183,0.4484051704467544,0.3879027862516195
random_field_xxz,20,XXZ_2,10,0.5,0.16841653380847088,0.3698978849238484,0.8543693782740684,0.5033200275730733,0.3111828941135226
random_field_xxz,20,XXZ_2,11,0.55,0.20675588633109632,0.4147836615276114,0.8948165015605563,0.5510013362811551,0.2385628224725373
random_field_xxz,20,XXZ_2,12,0.5999999999999999,0.24804258159718415,0.4591049818843718,0.9212975606566725,0.5999896350306099,0.1791915092593661
random_field_xxz,20,XXZ_2,13,0.65,0.2762598160980561,0.5101313097215743,0.9420966182807182,0.6482060373687889,0.1473584645420534
random_field_xxz,20,XXZ_2,14,0.6999999999999998,0.3050570309278271,0.5600285306218897,0.9596566861360468,0.6890039134875833,0.1206943202212771
random_field_xxz,20,XXZ_2,15,0.75,0.33707868709730937,0.597634920461447,0.9697574260929211,0.720386173346091,0.0966700721759895
random_field_xxz,20,XXZ_2,16,0.8,0.35873325806720474,0.6286794578575938,0.9752980074320476,0.7473186463808361,0.0831965445370833
random_field_xxz,20,XXZ_2,17,0.8499999999999999,0.3734971378355896,0.6572421654164352,0.9794760117148992,0.7705110453331833,0.0751037430647018
random_field_xxz,20,XXZ_2,18,0.9,0.3965818003370902,0.6806123627579033,0.9828166076525064,0.788465633560741,0.0639985042076913
random_field_xxz,20,XXZ_2,19,0.95,0.41472797703387043,0.7001797204980158,0.9852800137104816,0.8032383026459328,0.0564344619383501
random_field_xxz,20,XXZ_2,20,1.0,0.4292707794105851,0.7165706185335475,0.9871075512588926,0.8155458172021952,0.0510230236274595
random_field_xxz,20,XXZ_2,21,1.05,0.4429922934435825,0.7299273480942235,0.9883904747621206,0.8254703575045191,0.0463938397718254
random_field_xxz,20,XXZ_2,22,1.1,0.4565516389500517,0.7417168425953462,0.989459307812224,0.8337872574991734,0.0422320945270757
random_field_xxz,20,XXZ_2,23,1.15,0.4684220619641186,0.7522509819563002,0.9903905572385556,0.8409463125986897,0.0388963712945602
random_field_xxz,20,XXZ_2,24,1.2,0.48194910485042514,0.7623088840305836,0.9912972570147932,0.8473043753000389,0.035415112895123
random_field_xxz,20,XXZ_2,25,1.25,0.4908810826149031,0.7713716178067637,0.992083722835788,0.8528928981754994,0.0332889961001877
random_field_xxz,20,XXZ_2,26,1.3,0.4943508778057143,0.7793466629303226,0.9926977887567798,0.8578671689129675,0.0324979206535619
random_field_xxz,20,XXZ_2,27,1.35,0.5031084240804093,0.7866824722287921,0.993228310766586,0.8625369554392319,0.0305838906903826
random_field_xxz,20,XXZ_2,28,1.4,0.5112640794028983,0.7934169506075514,0.9936776028236716,0.8667957546204615,0.0289029228703063
random_field_xxz,20,XXZ_2,29,1.45,0.5159103102621857,0.7993550988555306,0.9940635373447824,0.8704412218134984,0.0279869270249665
random_field_xxz,20,XXZ_2,30,1.5,0.5217159609577635,0.8046468504848636,0.9944146342051268,0.8735129727752071,0.0268830453920371
random_field_xxz,20,XXZ_2,31,1.55,0.5297819828988747,0.80912474724005,0.994711485176942,0.8760571191376433,0.0254212744799858
random_field_xxz,20,XXZ_2,32,1.6,0.5346176080816788,0.8129279431695793,0.9949518007057124,0.8782124933892173,0.0245833258411984
random_field_xxz,20,XXZ_2,33,1.65,0.5391770524358663,0.8162469201587333,0.9951638378739316,0.8800210009043988,0.023818551260911
random_field_xxz,20,XXZ_2,34,1.7,0.5463046374544727,0.8191165670712663,0.995338424002468,0.8816164763625409,0.0226703995096484
random_field_xxz,20,XXZ_2,35,1.75,0.5523190920035355,0.821778143139603,0.9954988819168048,0.8830786959220337,0.0217447220792733
random_field_xxz,20,XXZ_2,36,1.8,0.5562934441633703,0.8239559523990548,0.9956290956314092,0.8842682105606829,0.021153871854069
random_field_xxz,20,XXZ_2,37,1.85,0.5609163707657887,0.8259921435001162,0.9957477556877103,0.8854364883662585,0.0204867691347901
random_field_xxz,20,XXZ_2,38,1.9,0.567709836516998,0.8278915495049135,0.9958582076685184,0.8864957199097209,0.0195444342617094
random_field_xxz,20,XXZ_2,39,1.95,0.5737463639040536,0.8295695983104306,0.995962083068848,0.8873435366202631,0.0187435282721359
random_field_xxz,20,XXZ_2,40,2.0,0.577475607809206,0.8312002183011533,0.9960622729570364,0.8881929147236532,0.018265232419658
random_field_xxz,20,XXZ_2,41,2.05,0.5821385077914719,0.8326443816427048,0.9961492351154304,0.8889963101339277,0.0176843244921365
random_field_xxz,20,XXZ_2,42,2.1,0.589408235465024,0.8339669963509808,0.9962316018697208,0.8896657297469812,0.0168152920400074
random_field_xxz,20,XXZ_2,43,2.15,0.594530661668706,0.8352160077149513,0.9963125260130128,0.8902866847212292,0.016228724023777
random_field_xxz,20,XXZ_2,44,2.2,0.596761153319868,0.8363725521218945,0.9963826446732976,0.8908937383346343,0.0159797479930778
random_field_xxz,20,XXZ_2,45,2.25,0.5982429356357313,0.8374235046625452,0.996441672355124,0.8914460374607923,0.0158164610724703
random_field_xxz,20,XXZ_2,46,2.3,0.5996744022006371,0.8384634710137074,0.9964974516075568,0.8919897478450529,0.015660303447168
random_field_xxz,20,XXZ_2,47,2.35,0.6004512877070893,0.8393405544611842,0.9965421643365072,0.892482786594237,0.0155761999898758
random_field_xxz,20,XXZ_2,48,2.4,0.6046407398477752,0.8401213575377903,0.9965857595274356,0.8928794686672809,0.0151303859774299
random_field_xxz,20,XXZ_2,49,2.45,0.6103985179158984,0.8407787580831931,0.9966256206677904,0.8932109541509476,0.0145384252544364
random_field_xxz,20,XXZ_2,50,2.5,0.6111770300934015,0.8413187341952053,0.9966516524979356,0.8935286565716736,0.0144601837867427
random_field_xxz,20,XXZ_2,51,2.55,0.6133477887600824,0.8418613762702463,0.996681715551455,0.8937797282387884,0.01424423657699
random_field_xxz,20,XXZ_2,52,2.6,0.6160208389691226,0.8424149267288842,0.9967141514543028,0.8940471828801103,0.0139827468533216
random_field_xxz,20,XXZ_2,53,2.65,0.618322935006488,0.8428919654347902,0.9967332303186988,0.8943266567312762,0.0137613961015818
random_field_xxz,20,XXZ_2,54,2.7,0.6223883454057976,0.843272622537305,0.9967534355406468,0.894533392360907,0.013379022706546
random_field_xxz,20,XXZ_2,55,2.75,0.6256286795974122,0.8437977505479666,0.99678566228469,0.8947736493818835,0.0130818755389574
random_field_xxz,20,XXZ_2,56,2.8,0.6256913500854627,0.8442424480209966,0.9968126874250736,0.8949641618714613,0.0130761940230664
random_field_xxz,20,XXZ_2,57,2.85,0.6240599592462671,0.8445884020886433,0.9968287554024466,0.8951615359066994,0.0132248980186984
random_field_xxz,20,XXZ_2,58,2.9,0.6245148483628203,0.8449775441053247,0.9968465834450908,0.8953639455613829,0.0131832649097892
random_field_xxz,20,XXZ_2,59,2.95,0.6263184005527574,0.8454504022113462,0.9968725528412448,0.8955846643368152,0.0130194832131529
random_field_xxz,20,XXZ_2,60,3.0,0.6290047324467343,0.8457658839189357,0.9968917576656152,0.8957208990247458,0.0127793004609829
random_field_xxz,20,XXZ_2,61,3.05,0.6314872867659715,0.846007414997242,0.9969008290690357,0.8958796858456602,0.0125612785993393
random_field_xxz,20,XXZ_2,62,3.1,0.6331150015697264,0.8462790542112074,0.9969120061966662,0.8960615309775494,0.0124203529738915
random_field_xxz,20,XXZ_2,63,3.15,0.6348005014591777,0.8466410917831241,0.9969325066314751,0.8962332893035116,0.0122760904030061
random_field_xxz,20,XXZ_2,64,3.2,0.6361826852490293,0.8470167513845767,0.9969535066896188,0.8964100605306031,0.0121590400840779
random_field_xxz,20,XXZ_2,65,3.25,0.6364574366978276,0.8471688460855615,0.9969631215769916,0.896463192634594,0.0121359060555975
random_field_xxz,20,XXZ_2,66,3.3,0.6362069215892262,0.8472955482405264,0.99696613457891,0.8965617534293628,0.0121569976158367
random_field_xxz,20,XXZ_2,67,3.35,0.6369472897789408,0.8474700904578498,0.996971962940649,0.8966688152618644,0.0120947696428125
random_field_xxz,20,XXZ_2,68,3.4,0.6397276747704145,0.8476485212305056,0.996983015160236,0.8967255601151372,0.0118639090415958
random_field_xxz,20,XXZ_2,69,3.45,0.6427881075863346,0.8477908330730608,0.9969933611849376,0.896779848856746,0.0116148869639561
random_field_xxz,20,XXZ_2,70,3.5,0.6429085964050589,0.8478465222381218,0.99699665628354,0.8968107715036499,0.0116051906681948
random_field_xxz,20,XXZ_2,71,3.55,0.6417075895686104,0.8479572660431834,0.997001180155204,0.8968552039336458,0.0117022041675356
random_field_xxz,20,XXZ_2,72,3.6,0.641574455694178,0.8481857688139606,0.9970121800559684,0.896987349815532,0.011713008106071
random_field_xxz,20,XXZ_2,73,3.65,0.6418853342778579,0.8482081898882543,0.9970145141042964,0.8969911912485633,0.0116877955501376
random_field_xxz,20,XXZ_2,74,3.7,0.6435006817946949,0.848218804928201,0.997015502051666,0.8969974129473337,0.011557660296216
random_field_xxz,20,XXZ_2,75,3.75,0.6451132323725988,0.8484203343433514,0.9970258751661056,0.8971066588898455,0.0114291955799431
random_field_xxz,20,XXZ_2,76,3.8,0.6465588451733544,0.8485007086731419,0.9970306020959032,0.8971468173818234,0.0113152443378043
random_field_xxz,20,XXZ_2,77,3.85,0.6491533776786256,0.8486592562166827,0.9970386087246008,0.8972367993456711,0.0111135706659746
random_field_xxz,20,XXZ_2,78,3.9,0.648646263794168,0.8488514197971369,0.9970469512187105,0.8973150278295088,0.0111527041111884
random_field_xxz,20,XXZ_2,79,3.95,0.6475582201970077,0.8490664271432191,0.99706107515191,0.8974038548304529,0.0112371329151308
random_field_xxz,20,XXZ_2,80,4.0,0.6493648981269139,0.84925643564829,0.997070264867712,0.897479349293906,0.0110972884652822
random_field_xxz,20,XXZ_3,0,0.0,-0.0,0.0,0.0,0.0,1.0
random_field_xxz,20,XXZ_3,1,0.05,0.033388018502120795,0.0766583951017306,0.3297925534527931,0.1024815635611895,0.7933997318384811
random_field_xxz,20,XXZ_3,2,0.1,0.09762531648460207,0.1234238607841041,0.5363302331965006,0.1563056449387509,0.508298132409369
random_field_xxz,20,XXZ_3,3,0.1499999999999999,0.053631142959216185,0.115845071082781,0.4595098950658189,0.1637464882700568,0.6895315980439757
random_field_xxz,20,XXZ_3,4,0.2,0.08037048943034272,0.1380014225516769,0.5534999716351979,0.187598268087924,0.5728761197793477
random_field_xxz,20,XXZ_3,5,0.25,0.07342105847653965,0.1368951252808983,0.5341596804914829,0.2010671847026239,0.6011468708984461
random_field_xxz,20,XXZ_3,6,0.2999999999999999,0.026542294648712002,0.0941826517036711,0.2967415153572269,0.1912245254990978,0.8319547996225468
random_field_xxz,20,XXZ_3,7,0.3499999999999999,0.025643013444855655,0.0960049344933966,0.2897118801135846,0.2044856292334695,0.8371568549270003
random_field_xxz,20,XXZ_3,8,0.4,0.07302313841314444,0.1397665025273273,0.5286634579093048,0.2282947521011934,0.6028072259049843
random_field_xxz,20,XXZ_3,9,0.45,0.08986376640871584,0.1501606022492499,0.5652638206573704,0.2417107505055756,0.5363930077323682
random_field_xxz,20,XXZ_3,10,0.5,0.07460633606681874,0.1575871247766725,0.5620310760330264,0.2533887965847384,0.5962282502779102
random_field_xxz,20,XXZ_3,11,0.55,0.11497022741635163,0.1639816386491309,0.6060820140072594,0.2617992150023735,0.4507182354501029
random_field_xxz,20,XXZ_3,12,0.5999999999999999,0.06033282422123011,0.1458059098612389,0.5027419187548425,0.2633817953506983,0.6582336825560526
random_field_xxz,20,XXZ_3,13,0.65,0.03316303040414322,0.1233080416167907,0.3568665143311767,0.2649686331585491,0.7946380029454287
random_field_xxz,20,XXZ_3,14,0.6999999999999998,0.043707101144478726,0.1380898885793032,0.4281001831273084,0.2762179305422204,0.7386326743749355
random_field_xxz,20,XXZ_3,15,0.75,0.09389628187845551,0.1712454215346831,0.5995341579789651,0.2919220168578423,0.5216077394948759
random_field_xxz,20,XXZ_3,16,0.8,0.08396639182440145,0.1718531592698618,0.5907970750008332,0.2976815833921032,0.558773722517328
random_field_xxz,20,XXZ_3,17,0.8499999999999999,0.0789734998301162,0.1704851416020052,0.5764973795834722,0.3034720528348431,0.5784503349488366
random_field_xxz,20,XXZ_3,18,0.9,0.10344858373611862,0.173002123211622,0.5978310854693436,0.3099415781156456,0.4881898355509825
random_field_xxz,20,XXZ_3,19,0.95,0.04925657007145808,0.15311273110227,0.4624495978612487,0.312362750556201,0.7107599518207209
random_field_xxz,20,XXZ_3,20,1.0,0.03216182100658875,0.1329998239951777,0.3513186815766148,0.3128792162945262,0.8001718550884569
random_field_xxz,20,XXZ_3,21,1.05,0.055777955827223,0.1573439093643554,0.490836601800023,0.321740429708226,0.6793469375796004
random_field_xxz,20,XXZ_3,22,1.1,0.11673815838848503,0.1830161077633714,0.615427554093619,0.3332586654782602,0.4452286745072562
random_field_xxz,20,XXZ_3,23,1.15,0.08278920698881262,0.1864446495642617,0.5989810001764814,0.3401419258517693,0.5633517578356174
random_field_xxz,20,XXZ_3,24,1.2,0.0999100094960958,0.1936823651581582,0.6267176419384018,0.3477795831506524,0.5003119806117253
random_field_xxz,20,XXZ_3,25,1.25,0.08312500155422126,0.1881206429334449,0.5941407401945922,0.3509264840634653,0.5620420529281968
random_field_xxz,20,XXZ_3,26,1.3,0.04164738990189372,0.1574038277517166,0.4246650497970749,0.3478389025832637,0.7492536442886206
random_field_xxz,20,XXZ_3,27,1.35,0.0469039410072263,0.1665965611306417,0.4592757680843486,0.3545975746018469,0.7224454636635846
random_field_xxz,20,XXZ_3,28,1.4,0.08984206696091729,0.1943009661274268,0.6085272634739612,0.3649342289644788,0.5364736921952872
random_field_xxz,20,XXZ_3,29,1.45,0.0995676974499374,0.1997809726667786,0.626933924660052,0.3704236060158046,0.5015004934549036
random_field_xxz,20,XXZ_3,30,1.5,0.08489782323261674,0.1996823411616391,0.6109085085438021,0.3744255666275551,0.5551777933856763
random_field_xxz,20,XXZ_3,31,1.55,0.12742653811988164,0.2081129285467968,0.653452710172244,0.379631578468344,0.4134356264749046
random_field_xxz,20,XXZ_3,32,1.6,0.0686906588985483,0.1933302496980955,0.5625457419113195,0.3812301454571565,0.6211843597750332
random_field_xxz,20,XXZ_3,33,1.65,0.046789894484781755,0.1760307058702957,0.461983295642477,0.3813503829883102,0.7230167900010935
random_field_xxz,20,XXZ_3,34,1.7,0.06468693050440762,0.1936266235915856,0.5488332419539291,0.388741306053953,0.6386647341519897
random_field_xxz,20,XXZ_3,35,1.75,0.11469998027160397,0.2145500565160707,0.6513110892899391,0.3966488892056654,0.4515633168257549
random_field_xxz,20,XXZ_3,36,1.8,0.09580091806368277,0.2137562945286629,0.6390943748676459,0.3991824558317949,0.5147667659715138
random_field_xxz,20,XXZ_3,37,1.85,0.10806379174229293,0.2179620203344022,0.6553575967873791,0.4030982641207007,0.472819710129566
random_field_xxz,20,XXZ_3,38,1.9,0.10159289440352978,0.2136955812907825,0.6363490769020755,0.4054856216145587,0.494509813307485
random_field_xxz,20,XXZ_3,39,1.95,0.058404320847218395,0.1955935778215336,0.5256342619844959,0.4056730681399765,0.6670916052590742
random_field_xxz,20,XXZ_3,40,2.0,0.05193160091250928,0.190861644050628,0.4942985518025477,0.4074425775970865,0.6977025399760629
random_field_xxz,20,XXZ_3,41,2.05,0.07878216061551666,0.2110391400988715,0.5992207768376717,0.4143884639934524,0.579218020825664
random_field_xxz,20,XXZ_3,42,2.1,0.12288049323610566,0.2249791020876885,0.6624384069435499,0.4198385177109439,0.4266707355553429
random_field_xxz,20,XXZ_3,43,2.15,0.10666952596782919,0.228664684497867,0.6640823086493811,0.4236740853117667,0.4774113399671375
random_field_xxz,20,XXZ_3,44,2.2,0.13216875476821696,0.2307742443198637,0.6755001019065188,0.4261759109027543,0.4000666994072239
random_field_xxz,20,XXZ_3,45,2.25,0.08301552957485776,0.2227097174752784,0.6195597848600966,0.4281727263907405,0.5624686933747834
random_field_xxz,20,XXZ_3,46,2.3,0.06047185979505063,0.2102821066618008,0.5427133875995535,0.4293231386971174,0.6575996343998918
random_field_xxz,20,XXZ_3,47,2.35,0.0677887382996783,0.21685746132291,0.5736854111277097,0.4325019423540226,0.625079943227522
random_field_xxz,20,XXZ_3,48,2.4,0.09417544909413354,0.233295541788273,0.6493506984452015,0.4382962210041421,0.5205993837380422
random_field_xxz,20,XXZ_3,49,2.45,0.1341888543187125,0.2407332403736351,0.6841097460842652,0.4416330338304329,0.3945038970324101
random_field_xxz,20,XXZ_3,50,2.5,0.12078993251433603,0.2445940085976006,0.6896422060341019,0.4446106350194332,0.4328984904417265
random_field_xxz,20,XXZ_3,51,2.55,0.12399346584746027,0.2483100981518666,0.6928328622180641,0.4489052112582868,0.4233918317109887
random_field_xxz,20,XXZ_3,52,2.6,0.0847865297237235,0.2386699662790784,0.6370317463301232,0.4497837971896387,0.5556062382158903
random_field_xxz,20,XXZ_3,53,2.65,0.07022676795487157,0.2306111772374777,0.5914350843662977,0.4505856641297126,0.6146053883497711
random_field_xxz,20,XXZ_3,54,2.7,0.0847999319569481,0.2414521941859562,0.6394132926175448,0.4549496300083312,0.5555546263484333
random_field_xxz,20,XXZ_3,55,2.75,0.11982315481005668,0.2524233536186223,0.691603408019665,0.4589061877048905,0.435809168128997
random_field_xxz,20,XXZ_3,56,2.8,0.12626377127780358,0.2557968290867436,0.698844469101381,0.4618738710931045,0.4167812518666446
random_field_xxz,20,XXZ_3,57,2.85,0.139807079637349,0.2586389595314275,0.7048567607526494,0.4646633236207685,0.3794361929774208
random_field_xxz,20,XXZ_3,58,2.9,0.10679532024218341,0.2561052554622601,0.684347308854168,0.4666435582022551,0.4769952476083447
random_field_xxz,20,XXZ_3,59,2.95,0.07963006671810766,0.2456376650277019,0.6271405846089627,0.466689249043639,0.5758238031827254
random_field_xxz,20,XXZ_3,60,3.0,0.08024483150443786,0.2496292552383971,0.6325360699987739,0.4697481445075406,0.5733753090186539
random_field_xxz,20,XXZ_3,61,3.05,0.09807319507177074,0.25807048309403,0.6740538540003131,0.4728620524443331,0.5067225891769622
random_field_xxz,20,XXZ_3,62,3.1,0.1329609780532753,0.2665417695403756,0.7104177895805095,0.4761310000624742,0.3978758445935041
random_field_xxz,20,XXZ_3,63,3.15,0.13042622225328587,0.2669970093873804,0.710431265995534,0.4777542385169021,0.4049281308720296
random_field_xxz,20,XXZ_3,64,3.2,0.1318416112859677,0.2683624894662087,0.7130621048587279,0.4795454638277368,0.4009749143217593
random_field_xxz,20,XXZ_3,65,3.25,0.10005704802090161,0.262405944026298,0.6788216125886054,0.4808041700887678,0.499802325711204
random_field_xxz,20,XXZ_3,66,3.3,0.08280535887804888,0.2562453258399842,0.6418912012223119,0.481091219126267,0.5632886905511371
random_field_xxz,20,XXZ_3,67,3.35,0.08799651702863517,0.2613830192613109,0.656889667818122,0.4842651584137617,0.5433805494619214
random_field_xxz,20,XXZ_3,68,3.4,0.11059460945389332,0.2706100933881874,0.6997415200899257,0.487576935797329,0.4645976962238369
random_field_xxz,20,XXZ_3,69,3.45,0.13851403813673266,0.2738677522106413,0.7166053267204169,0.4893625732401434,0.382852244042998
random_field_xxz,20,XXZ_3,70,3.5,0.14135190998770644,0.2775816341831797,0.724102320072558,0.4916464605597671,0.3753948856161381
random_field_xxz,20,XXZ_3,71,3.55,0.11677744262027337,0.2756356977556115,0.7093148706743234,0.4931581667172073,0.4451074563366581
random_field_xxz,20,XXZ_3,72,3.6,0.0955875937440986,0.2703698696726444,0.6786764729368856,0.493814471293379,0.5155284896487339
random_field_xxz,20,XXZ_3,73,3.65,0.09103560339700055,0.2702873601726819,0.6701517185950034,0.4956457074270079,0.5320537726960499
random_field_xxz,20,XXZ_3,74,3.7,0.10465647013713872,0.2752066160144405,0.6959694724542058,0.4975964976838114,0.4841195628798236
random_field_xxz,20,XXZ_3,75,3.75,0.12546160342303297,0.2815861166199016,0.7204260874407122,0.4999900335555146,0.4191050951298606
random_field_xxz,20,XXZ_3,76,3.8,0.13978300565858826,0.2821459516809972,0.7239135061589748,0.5012735892293692,0.3794995140589098
random_field_xxz,20,XXZ_3,77,3.85,0.1285118786905524,0.28223110767668,0.7215345411833419,0.5024536307334962,0.4103370171738363
random_field_xxz,20,XXZ_3,78,3.9,0.10704709663029251,0.2801548212964086,0.7012689368421274,0.504306168005973,0.4761635305553635
random_field_xxz,20,XXZ_3,79,3.95,0.09480835701721606,0.2768707372811463,0.6798675537523984,0.5053164494203525,0.5183205251830276
random_field_xxz,20,XXZ_3,80,4.0,0.09894090945516319,0.28039505629977,0.6897058497334247,0.5073233292093133,0.5036840339310086
random_field_xxz,20,XXZ_4,0,0.0,2.9952037810669793e-15,1.0705931604335853e-13,4.156292991973059e-14,3.198712710793475e-07,0.9999999999999792
random_field_xxz,20,XXZ_4,1,0.05,0.0023352833903465308,0.0121360892534263,0.0316401492835094,0.0380348054175283,0.983943353686939
random_field_xxz,20,XXZ_4,2,0.1,0.005723029931701484,0.0271609089974209,0.0754027747216749,0.0701230881520007,0.9611074932825628
random_field_xxz,20,XXZ_4,3,0.1499999999999999,0.013431080122816338,0.0524490806392211,0.1655070987829385,0.1041791500255618,0.9111049792409562
random_field_xxz,20,XXZ_4,4,0.2,0.026086285977701205,0.0752339118060582,0.2819582339601918,0.1245581997172828,0.8345886120086377
random_field_xxz,20,XXZ_4,5,0.25,0.025949856397149623,0.0760637410885906,0.2813161853500938,0.1305311415649747,0.8353782205227775
random_field_xxz,20,XXZ_4,6,0.2999999999999999,0.017487343041053545,0.0639187020773365,0.2074566524162624,0.1305673825353942,0.8858452320950965
random_field_xxz,20,XXZ_4,7,0.3499999999999999,0.015599382296983474,0.0621092723506974,0.189566618097736,0.1352608909825608,0.8975138934464822
random_field_xxz,20,XXZ_4,8,0.4,0.020837873980896503,0.0750409005010899,0.2423111853020575,0.1480670715309908,0.8655093200819065
random_field_xxz,20,XXZ_4,9,0.45,0.02255231537158689,0.0798821331369101,0.2588045502629646,0.1564272607373229,0.8552848239020665
random_field_xxz,20,XXZ_4,10,0.5,0.023450569567787665,0.0834522738652439,0.2678337902846573,0.1641011616952272,0.849976172890361
random_field_xxz,20,XXZ_4,11,0.55,0.030560924912815333,0.0948369910447469,0.3248380046405811,0.174763152388192,0.8091004618199464
random_field_xxz,20,XXZ_4,12,0.5999999999999999,0.03296914880029717,0.100381908976526,0.3442614755639951,0.1820151357539932,0.7957066228254721
random_field_xxz,20,XXZ_4,13,0.65,0.025408878999498574,0.0913914671897561,0.2863814384195433,0.1832590222357312,0.8385165767403193
random_field_xxz,20,XXZ_4,14,0.6999999999999998,0.02827685280090624,0.0989739662030736,0.3117412414184891,0.1930406388294179,0.8220120637485138
random_field_xxz,20,XXZ_4,15,0.75,0.03855333384074659,0.116017838146807,0.3888019142426257,0.2048772655696523,0.7654959561462401
random_field_xxz,20,XXZ_4,16,0.8,0.03833677397584162,0.1166452077558345,0.387948921239819,0.2090282728136025,0.7666458885962961
random_field_xxz,20,XXZ_4,17,0.8499999999999999,0.03484639258313362,0.1162596747489022,0.3662772744921072,0.215971167546428,0.78541990945228
random_field_xxz,20,XXZ_4,18,0.9,0.03487270664152696,0.1178167327456317,0.367121850221288,0.2210660901869236,0.7852766657309405
random_field_xxz,20,XXZ_4,19,0.95,0.03312970430948833,0.1149863143355058,0.3538370767624397,0.2230045233352183,0.7948215846412453
random_field_xxz,20,XXZ_4,20,1.0,0.032462288094125984,0.1160950984053991,0.3495171504538255,0.2284268789127668,0.798507088042384
random_field_xxz,20,XXZ_4,21,1.05,0.03657097118483204,0.1260918180628098,0.3827546842870527,0.2371039275087875,0.7760869969034446
random_field_xxz,20,XXZ_4,22,1.1,0.041494762010885144,0.1305583943814321,0.4130652278782839,0.2411719587114424,0.7500467260754438
random_field_xxz,20,XXZ_4,23,1.15,0.04127504315206214,0.1299749119022484,0.4107423105338086,0.2442421486933243,0.7511898988352582
random_field_xxz,20,XXZ_4,24,1.2,0.03682062187463666,0.1274216575920389,0.3836739278585115,0.2476213236902127,0.7747451810123435
random_field_xxz,20,XXZ_4,25,1.25,0.034897693442241653,0.1261374226131239,0.3701907472562042,0.2514933322719732,0.7851406712767125
random_field_xxz,20,XXZ_4,26,1.3,0.03602758954934693,0.129973121229597,0.3797951219770399,0.2565927128832182,0.7790155894466377
random_field_xxz,20,XXZ_4,27,1.35,0.03650281322092088,0.1319213831138444,0.3842217724180698,0.26001410418996,0.7764537341907897
random_field_xxz,20,XXZ_4,28,1.4,0.037200338652354795,0.1339862435533024,0.3894539196134007,0.2642211380739431,0.7727087358208605
random_field_xxz,20,XXZ_4,29,1.45,0.038957664367400655,0.1380412524266314,0.4024985660052004,0.2691840929166632,0.7633535763829297
random_field_xxz,20,XXZ_4,30,1.5,0.03864005555254971,0.1388457880621143,0.4011259257856773,0.2719413090229976,0.7650359478322035
random_field_xxz,20,XXZ_4,31,1.55,0.03795267464162513,0.1379794961903546,0.395579578284004,0.2743208933877945,0.7686897059471884
random_field_xxz,20,XXZ_4,32,1.6,0.039140120134976655,0.1412482975798796,0.4043414377743173,0.2786124722039758,0.7623887832410865
random_field_xxz,20,XXZ_4,33,1.65,0.040033370616784754,0.1449917562673596,0.4124400399973919,0.2832205955032801,0.7576830052307356
random_field_xxz,20,XXZ_4,34,1.7,0.03965201335548942,0.1430248375028032,0.4079989962805311,0.284369508083863,0.7596884890095903
random_field_xxz,20,XXZ_4,35,1.75,0.03995040350430544,0.1449383670425473,0.4108582537656629,0.2874131441805433,0.7581188620715456
random_field_xxz,20,XXZ_4,36,1.8,0.03923782331071153,0.1460191993774774,0.4074455123979999,0.2907483709011318,0.7618726479090834
random_field_xxz,20,XXZ_4,37,1.85,0.039780737759469983,0.146603194029676,0.4099996469430081,0.2933622340744528,0.7590109595843284
random_field_xxz,20,XXZ_4,38,1.9,0.04145600340831003,0.1497014714938323,0.4219409526231111,0.2961174458510118,0.7502482563190859
random_field_xxz,20,XXZ_4,39,1.95,0.04264925463642697,0.1529840052048197,0.4318917840091305,0.299041872587567,0.7440685539096392
random_field_xxz,20,XXZ_4,40,2.0,0.04337243126725357,0.1547523156429647,0.436303040875875,0.3021728169190551,0.740348110005942
random_field_xxz,20,XXZ_4,41,2.05,0.04416218652132307,0.1575111004984972,0.4419909266176598,0.3058643633906943,0.7363063939548306
random_field_xxz,20,XXZ_4,42,2.1,0.044183160580378716,0.1582766359770324,0.4431291970521876,0.3075338685443165,0.7361993567028668
random_field_xxz,20,XXZ_4,43,2.15,0.04460877913559684,0.1592730438261476,0.4458759434140516,0.3093292140915558,0.7340306491820334
random_field_xxz,20,XXZ_4,44,2.2,0.043781120134361,0.1584211628389402,0.4400560893919612,0.3113161019782954,0.7382538082940187
random_field_xxz,20,XXZ_4,45,2.25,0.04486016170872806,0.1612230186311741,0.4482880722779378,0.3141790567225913,0.7327527502448623
random_field_xxz,20,XXZ_4,46,2.3,0.04863463279604599,0.16610008734302,0.4706651405117244,0.3174438551295136,0.7138306097740791
random_field_xxz,20,XXZ_4,47,2.35,0.050084168265268944,0.1684531884820746,0.4796479962547693,0.3195063920888557,0.7066943683638613
random_field_xxz,20,XXZ_4,48,2.4,0.049629441554739626,0.1697936205553642,0.4789857758227504,0.3219187820040381,0.7089253303405147
random_field_xxz,20,XXZ_4,49,2.45,0.04939405123011885,0.1705715829241719,0.4779382337658524,0.3242428472097193,0.710082958037546
random_field_xxz,20,XXZ_4,50,2.5,0.04831566319006072,0.1696220696546338,0.4715280368485018,0.3257142589198034,0.7154105844116218
random_field_xxz,20,XXZ_4,51,2.55,0.04808824676790938,0.1696005132072255,0.4701571030621757,0.3271676219479058,0.7165391972486542
random_field_xxz,20,XXZ_4,52,2.6,0.049432289366935556,0.171991501265706,0.4781819529794524,0.3298416321971035,0.7098947779264078
random_field_xxz,20,XXZ_4,53,2.65,0.05268007646136591,0.175994293474649,0.4963651553238794,0.3323029246492266,0.6940922066388506
random_field_xxz,20,XXZ_4,54,2.7,0.054909226465656026,0.1795631169050896,0.5095931904690499,0.3347210328170658,0.6834500159035434
random_field_xxz,20,XXZ_4,55,2.75,0.05274385360252456,0.1774822230040817,0.4983066321364065,0.335487742820506,0.6937854374864306
random_field_xxz,20,XXZ_4,56,2.8,0.04999982838242406,0.1756392562080718,0.4830830416625572,0.3373134847510735,0.7071076223346797
random_field_xxz,20,XXZ_4,57,2.85,0.04943220653206269,0.175274317192591,0.4800262749409079,0.3383156102592739,0.7098951855250956
random_field_xxz,20,XXZ_4,58,2.9,0.04935018199820383,0.1753544387117703,0.4791603492542694,0.3399431593623235,0.7102989117193917
random_field_xxz,20,XXZ_4,59,2.95,0.050046153815341554,0.1769818313267899,0.4837186559834262,0.3418180485224195,0.7068806041003665
random_field_xxz,20,XXZ_4,60,3.0,0.052152563006999476,0.1803218132525029,0.4962593454864702,0.3442380611728739,0.6966347618882247
random_field_xxz,20,XXZ_4,61,3.05,0.053207019924166224,0.1815504994453932,0.5022149022503954,0.3455150751157283,0.6915616633982915
random_field_xxz,20,XXZ_4,62,3.1,0.051358159404850924,0.1806226278405478,0.4923650520021101,0.3471329442383203,0.7004812824017344
random_field_xxz,20,XXZ_4,63,3.15,0.0494198497950067,0.1795494898640613,0.4816514779375316,0.3486985018953968,0.7099559909175658
random_field_xxz,20,XXZ_4,64,3.2,0.04925222157694682,0.1794814177356395,0.4806229025271754,0.3499631886287172,0.7107813754912947
random_field_xxz,20,XXZ_4,65,3.25,0.050553448030366634,0.1810253830518263,0.4879641912852298,0.3514580030237594,0.7043993679152291
random_field_xxz,20,XXZ_4,66,3.3,0.05112008646981677,0.1817971778212778,0.491236118327034,0.3527476107487251,0.7016381679791069
random_field_xxz,20,XXZ_4,67,3.35,0.052243391192749,0.1836153223699631,0.4976395249584509,0.3544946400106083,0.6961963174760998
random_field_xxz,20,XXZ_4,68,3.4,0.051721467461843404,0.1839015341737809,0.4948383481646855,0.3562048445114977,0.6987195079537859
random_field_xxz,20,XXZ_4,69,3.45,0.05153551023200596,0.1849107792106161,0.4947269322149213,0.3578248142702074,0.6996207082407572
random_field_xxz,20,XXZ_4,70,3.5,0.05253708689039155,0.1868785404611592,0.5012016839630213,0.3593937652731765,0.694780482012379
random_field_xxz,20,XXZ_4,71,3.55,0.05294863275979974,0.1877612195532382,0.5034881871382318,0.3610644233635497,0.6928013624717407
random_field_xxz,20,XXZ_4,72,3.6,0.052246044246955704,0.186661815259262,0.4991808730121539,0.361744167953603,0.6961835148426025
random_field_xxz,20,XXZ_4,73,3.65,0.05283702909603011,0.1886070111038307,0.5032310573924569,0.3635886810242571,0.6933375054682042
random_field_xxz,20,XXZ_4,74,3.7,0.05357363182144165,0.1905119132352426,0.50774885059282,0.3655803705685278,0.6898065255288691
random_field_xxz,20,XXZ_4,75,3.75,0.052824669037385155,0.1903388817756774,0.5036781105858884,0.3669211735346633,0.693396908592865
random_field_xxz,20,XXZ_4,76,3.8,0.05342082317407458,0.1914842420368959,0.5072115294553003,0.3683228627434455,0.6905375479732359
random_field_xxz,20,XXZ_4,77,3.85,0.055412399971228044,0.1939062702450339,0.5182946535039734,0.3697850298947499,0.6810704767623148
random_field_xxz,20,XXZ_4,78,3.9,0.05700082944858274,0.195618785045325,0.5266113725887746,0.3711236838185625,0.6736129156193364
random_field_xxz,20,XXZ_4,79,3.95,0.05553630935548963,0.1951613044996262,0.5196509781793885,0.3724254576133477,0.6804857738919798
random_field_xxz,20,XXZ_4,80,4.0,0.054889529622507816,0.1959620392772766,0.5170936705175333,0.374105866302987,0.6835433324145229
